2026-01-07 17:12:30.055 +07:00 [INF] Pelindo Car Loan API started successfully
2026-01-07 17:12:30.104 +07:00 [INF] User profile is available. Using 'C:\Users\abima\AppData\Local\ASP.NET\DataProtection-Keys' as key repository and Windows DPAPI to encrypt keys at rest.
2026-01-07 17:12:30.156 +07:00 [ERR] Hosting failed to start
System.IO.IOException: Failed to bind to address http://127.0.0.1:5000: address already in use.
 ---> Microsoft.AspNetCore.Connections.AddressInUseException: Only one usage of each socket address (protocol/network address/port) is normally permitted.
 ---> System.Net.Sockets.SocketException (10048): Only one usage of each socket address (protocol/network address/port) is normally permitted.
   at System.Net.Sockets.Socket.UpdateStatusAfterSocketErrorAndThrowException(SocketError error, Boolean disconnectOnFailure, String callerName)
   at System.Net.Sockets.Socket.DoBind(EndPoint endPointSnapshot, SocketAddress socketAddress)
   at System.Net.Sockets.Socket.Bind(EndPoint localEP)
   at Microsoft.AspNetCore.Server.Kestrel.Transport.Sockets.SocketTransportOptions.CreateDefaultBoundListenSocket(EndPoint endpoint)
   at Microsoft.AspNetCore.Server.Kestrel.Transport.Sockets.SocketConnectionListener.Bind()
   --- End of inner exception stack trace ---
   at Microsoft.AspNetCore.Server.Kestrel.Transport.Sockets.SocketConnectionListener.Bind()
   at Microsoft.AspNetCore.Server.Kestrel.Transport.Sockets.SocketTransportFactory.BindAsync(EndPoint endpoint, CancellationToken cancellationToken)
   at Microsoft.AspNetCore.Server.Kestrel.Core.Internal.Infrastructure.TransportManager.BindAsync(EndPoint endPoint, ConnectionDelegate connectionDelegate, EndpointConfig endpointConfig, CancellationToken cancellationToken)
   at Microsoft.AspNetCore.Server.Kestrel.Core.KestrelServerImpl.<>c__DisplayClass28_0`1.<<StartAsync>g__OnBind|0>d.MoveNext()
--- End of stack trace from previous location ---
   at Microsoft.AspNetCore.Server.Kestrel.Core.Internal.AddressBinder.BindEndpointAsync(ListenOptions endpoint, AddressBindContext context, CancellationToken cancellationToken)
   --- End of inner exception stack trace ---
   at Microsoft.AspNetCore.Server.Kestrel.Core.Internal.AddressBinder.BindEndpointAsync(ListenOptions endpoint, AddressBindContext context, CancellationToken cancellationToken)
   at Microsoft.AspNetCore.Server.Kestrel.Core.LocalhostListenOptions.BindAsync(AddressBindContext context, CancellationToken cancellationToken)
   at Microsoft.AspNetCore.Server.Kestrel.Core.Internal.AddressBinder.DefaultAddressStrategy.BindAsync(AddressBindContext context, CancellationToken cancellationToken)
   at Microsoft.AspNetCore.Server.Kestrel.Core.Internal.AddressBinder.BindAsync(ListenOptions[] listenOptions, AddressBindContext context, Func`2 useHttps, CancellationToken cancellationToken)
   at Microsoft.AspNetCore.Server.Kestrel.Core.KestrelServerImpl.BindAsync(CancellationToken cancellationToken)
   at Microsoft.AspNetCore.Server.Kestrel.Core.KestrelServerImpl.StartAsync[TContext](IHttpApplication`1 application, CancellationToken cancellationToken)
   at Microsoft.AspNetCore.Hosting.GenericWebHostService.StartAsync(CancellationToken cancellationToken)
   at Microsoft.Extensions.Hosting.Internal.Host.<StartAsync>b__15_1(IHostedService service, CancellationToken token)
   at Microsoft.Extensions.Hosting.Internal.Host.ForeachService[T](IEnumerable`1 services, CancellationToken token, Boolean concurrent, Boolean abortOnFirstException, List`1 exceptions, Func`3 operation)
2026-01-07 17:27:47.878 +07:00 [INF] Pelindo Car Loan API started successfully
2026-01-07 17:27:47.924 +07:00 [INF] User profile is available. Using 'C:\Users\abima\AppData\Local\ASP.NET\DataProtection-Keys' as key repository and Windows DPAPI to encrypt keys at rest.
2026-01-07 17:27:47.965 +07:00 [INF] Now listening on: http://localhost:5000
2026-01-07 17:27:47.968 +07:00 [INF] Application started. Press Ctrl+C to shut down.
2026-01-07 17:27:47.969 +07:00 [INF] Hosting environment: Production
2026-01-07 17:27:47.970 +07:00 [INF] Content root path: C:\Users\abima\Desktop\Project\Pelindo\pelindo-car-loan\backend\PelindoCarLoan.API
2026-01-07 17:28:08.403 +07:00 [INF] Request starting HTTP/1.1 POST http://localhost:5000/api/auth/login - application/json 57
2026-01-07 17:28:08.424 +07:00 [WRN] Failed to determine the https port for redirect.
2026-01-07 17:28:08.443 +07:00 [INF] Executing endpoint 'PelindoCarLoan.API.Controllers.AuthController.Login (PelindoCarLoan.API)'
2026-01-07 17:28:08.458 +07:00 [INF] Route matched with {action = "Login", controller = "Auth"}. Executing controller action with signature System.Threading.Tasks.Task`1[Microsoft.AspNetCore.Mvc.IActionResult] Login(PelindoCarLoan.API.DTOs.LoginRequestDto) on controller PelindoCarLoan.API.Controllers.AuthController (PelindoCarLoan.API).
2026-01-07 17:28:08.500 +07:00 [INF] Login attempt for email: admin@pelindo.co.id
2026-01-07 17:28:08.887 +07:00 [INF] User found: Administrator, PasswordHash length: 60
2026-01-07 17:28:09.248 +07:00 [INF] User logged in successfully: admin@pelindo.co.id
2026-01-07 17:28:09.254 +07:00 [INF] Executing OkObjectResult, writing value of type 'PelindoCarLoan.API.DTOs.ApiResponse`1[[PelindoCarLoan.API.DTOs.LoginResponseDto, PelindoCarLoan.API, Version=1.0.0.0, Culture=neutral, PublicKeyToken=null]]'.
2026-01-07 17:28:09.275 +07:00 [INF] Executed action PelindoCarLoan.API.Controllers.AuthController.Login (PelindoCarLoan.API) in 812.0943ms
2026-01-07 17:28:09.279 +07:00 [INF] Executed endpoint 'PelindoCarLoan.API.Controllers.AuthController.Login (PelindoCarLoan.API)'
2026-01-07 17:28:09.281 +07:00 [INF] Request finished HTTP/1.1 POST http://localhost:5000/api/auth/login - 200 null application/json; charset=utf-8 879.1558ms
2026-01-07 17:28:28.065 +07:00 [INF] Request starting HTTP/1.1 OPTIONS http://localhost:5000/api/auth/login - null null
2026-01-07 17:28:28.071 +07:00 [INF] CORS policy execution successful.
2026-01-07 17:28:28.073 +07:00 [INF] Request finished HTTP/1.1 OPTIONS http://localhost:5000/api/auth/login - 204 null null 7.4851ms
2026-01-07 17:28:28.077 +07:00 [INF] Request starting HTTP/1.1 POST http://localhost:5000/api/auth/login - application/json 57
2026-01-07 17:28:28.079 +07:00 [INF] CORS policy execution successful.
2026-01-07 17:28:28.080 +07:00 [INF] Executing endpoint 'PelindoCarLoan.API.Controllers.AuthController.Login (PelindoCarLoan.API)'
2026-01-07 17:28:28.081 +07:00 [INF] Route matched with {action = "Login", controller = "Auth"}. Executing controller action with signature System.Threading.Tasks.Task`1[Microsoft.AspNetCore.Mvc.IActionResult] Login(PelindoCarLoan.API.DTOs.LoginRequestDto) on controller PelindoCarLoan.API.Controllers.AuthController (PelindoCarLoan.API).
2026-01-07 17:28:28.086 +07:00 [INF] Login attempt for email: admin@pelindo.co.id
2026-01-07 17:28:28.098 +07:00 [INF] User found: Administrator, PasswordHash length: 60
2026-01-07 17:28:28.364 +07:00 [INF] User logged in successfully: admin@pelindo.co.id
2026-01-07 17:28:28.366 +07:00 [INF] Executing OkObjectResult, writing value of type 'PelindoCarLoan.API.DTOs.ApiResponse`1[[PelindoCarLoan.API.DTOs.LoginResponseDto, PelindoCarLoan.API, Version=1.0.0.0, Culture=neutral, PublicKeyToken=null]]'.
2026-01-07 17:28:28.369 +07:00 [INF] Executed action PelindoCarLoan.API.Controllers.AuthController.Login (PelindoCarLoan.API) in 284.8864ms
2026-01-07 17:28:28.370 +07:00 [INF] Executed endpoint 'PelindoCarLoan.API.Controllers.AuthController.Login (PelindoCarLoan.API)'
2026-01-07 17:28:28.371 +07:00 [INF] Request finished HTTP/1.1 POST http://localhost:5000/api/auth/login - 200 null application/json; charset=utf-8 294.0997ms
2026-01-07 17:28:29.083 +07:00 [INF] Request starting HTTP/1.1 POST http://localhost:5000/api/auth/login - application/json 57
2026-01-07 17:28:29.085 +07:00 [INF] CORS policy execution successful.
2026-01-07 17:28:29.088 +07:00 [INF] Executing endpoint 'PelindoCarLoan.API.Controllers.AuthController.Login (PelindoCarLoan.API)'
2026-01-07 17:28:29.089 +07:00 [INF] Route matched with {action = "Login", controller = "Auth"}. Executing controller action with signature System.Threading.Tasks.Task`1[Microsoft.AspNetCore.Mvc.IActionResult] Login(PelindoCarLoan.API.DTOs.LoginRequestDto) on controller PelindoCarLoan.API.Controllers.AuthController (PelindoCarLoan.API).
2026-01-07 17:28:29.093 +07:00 [INF] Login attempt for email: admin@pelindo.co.id
2026-01-07 17:28:29.095 +07:00 [INF] User found: Administrator, PasswordHash length: 60
2026-01-07 17:28:29.226 +07:00 [INF] User logged in successfully: admin@pelindo.co.id
2026-01-07 17:28:29.228 +07:00 [INF] Executing OkObjectResult, writing value of type 'PelindoCarLoan.API.DTOs.ApiResponse`1[[PelindoCarLoan.API.DTOs.LoginResponseDto, PelindoCarLoan.API, Version=1.0.0.0, Culture=neutral, PublicKeyToken=null]]'.
2026-01-07 17:28:29.230 +07:00 [INF] Executed action PelindoCarLoan.API.Controllers.AuthController.Login (PelindoCarLoan.API) in 139.109ms
2026-01-07 17:28:29.231 +07:00 [INF] Executed endpoint 'PelindoCarLoan.API.Controllers.AuthController.Login (PelindoCarLoan.API)'
2026-01-07 17:28:29.232 +07:00 [INF] Request finished HTTP/1.1 POST http://localhost:5000/api/auth/login - 200 null application/json; charset=utf-8 148.8558ms
2026-01-07 17:28:53.041 +07:00 [INF] Request starting HTTP/1.1 OPTIONS http://localhost:5000/api/auth/login - null null
2026-01-07 17:28:53.044 +07:00 [INF] CORS policy execution successful.
2026-01-07 17:28:53.045 +07:00 [INF] Request finished HTTP/1.1 OPTIONS http://localhost:5000/api/auth/login - 204 null null 3.8373ms
2026-01-07 17:28:53.048 +07:00 [INF] Request starting HTTP/1.1 POST http://localhost:5000/api/auth/login - application/json 57
2026-01-07 17:28:53.050 +07:00 [INF] CORS policy execution successful.
2026-01-07 17:28:53.051 +07:00 [INF] Executing endpoint 'PelindoCarLoan.API.Controllers.AuthController.Login (PelindoCarLoan.API)'
2026-01-07 17:28:53.052 +07:00 [INF] Route matched with {action = "Login", controller = "Auth"}. Executing controller action with signature System.Threading.Tasks.Task`1[Microsoft.AspNetCore.Mvc.IActionResult] Login(PelindoCarLoan.API.DTOs.LoginRequestDto) on controller PelindoCarLoan.API.Controllers.AuthController (PelindoCarLoan.API).
2026-01-07 17:28:53.053 +07:00 [INF] Login attempt for email: admin@pelindo.co.id
2026-01-07 17:28:53.055 +07:00 [INF] User found: Administrator, PasswordHash length: 60
2026-01-07 17:28:53.183 +07:00 [INF] User logged in successfully: admin@pelindo.co.id
2026-01-07 17:28:53.184 +07:00 [INF] Executing OkObjectResult, writing value of type 'PelindoCarLoan.API.DTOs.ApiResponse`1[[PelindoCarLoan.API.DTOs.LoginResponseDto, PelindoCarLoan.API, Version=1.0.0.0, Culture=neutral, PublicKeyToken=null]]'.
2026-01-07 17:28:53.186 +07:00 [INF] Executed action PelindoCarLoan.API.Controllers.AuthController.Login (PelindoCarLoan.API) in 132.8162ms
2026-01-07 17:28:53.187 +07:00 [INF] Executed endpoint 'PelindoCarLoan.API.Controllers.AuthController.Login (PelindoCarLoan.API)'
2026-01-07 17:28:53.188 +07:00 [INF] Request finished HTTP/1.1 POST http://localhost:5000/api/auth/login - 200 null application/json; charset=utf-8 140.1355ms
2026-01-07 17:28:55.225 +07:00 [INF] Request starting HTTP/1.1 POST http://localhost:5000/api/auth/login - application/json 57
2026-01-07 17:28:55.229 +07:00 [INF] Executing endpoint 'PelindoCarLoan.API.Controllers.AuthController.Login (PelindoCarLoan.API)'
2026-01-07 17:28:55.230 +07:00 [INF] Route matched with {action = "Login", controller = "Auth"}. Executing controller action with signature System.Threading.Tasks.Task`1[Microsoft.AspNetCore.Mvc.IActionResult] Login(PelindoCarLoan.API.DTOs.LoginRequestDto) on controller PelindoCarLoan.API.Controllers.AuthController (PelindoCarLoan.API).
2026-01-07 17:28:55.232 +07:00 [INF] Login attempt for email: admin@pelindo.co.id
2026-01-07 17:28:55.233 +07:00 [INF] User found: Administrator, PasswordHash length: 60
2026-01-07 17:28:55.370 +07:00 [INF] User logged in successfully: admin@pelindo.co.id
2026-01-07 17:28:55.372 +07:00 [INF] Executing OkObjectResult, writing value of type 'PelindoCarLoan.API.DTOs.ApiResponse`1[[PelindoCarLoan.API.DTOs.LoginResponseDto, PelindoCarLoan.API, Version=1.0.0.0, Culture=neutral, PublicKeyToken=null]]'.
2026-01-07 17:28:55.373 +07:00 [INF] Executed action PelindoCarLoan.API.Controllers.AuthController.Login (PelindoCarLoan.API) in 141.5434ms
2026-01-07 17:28:55.374 +07:00 [INF] Executed endpoint 'PelindoCarLoan.API.Controllers.AuthController.Login (PelindoCarLoan.API)'
2026-01-07 17:28:55.375 +07:00 [INF] Request finished HTTP/1.1 POST http://localhost:5000/api/auth/login - 200 null application/json; charset=utf-8 149.8334ms
2026-01-07 17:28:55.379 +07:00 [INF] Request starting HTTP/1.1 GET http://localhost:5000/api/resources/vehicles - null null
2026-01-07 17:28:55.406 +07:00 [INF] Request finished HTTP/1.1 GET http://localhost:5000/api/resources/vehicles - 404 0 null 27.5728ms
2026-01-07 17:28:55.410 +07:00 [INF] Request reached the end of the middleware pipeline without being handled by application code. Request path: GET http://localhost:5000/api/resources/vehicles, Response status code: 404
2026-01-07 17:28:55.428 +07:00 [INF] Request starting HTTP/1.1 GET http://localhost:5000/api/resources/drivers - null null
2026-01-07 17:28:55.431 +07:00 [INF] Request finished HTTP/1.1 GET http://localhost:5000/api/resources/drivers - 404 0 null 2.446ms
2026-01-07 17:28:55.433 +07:00 [INF] Request reached the end of the middleware pipeline without being handled by application code. Request path: GET http://localhost:5000/api/resources/drivers, Response status code: 404
2026-01-07 17:29:16.129 +07:00 [INF] Request starting HTTP/1.1 OPTIONS http://localhost:5000/api/auth/login - null null
2026-01-07 17:29:16.132 +07:00 [INF] CORS policy execution successful.
2026-01-07 17:29:16.133 +07:00 [INF] Request finished HTTP/1.1 OPTIONS http://localhost:5000/api/auth/login - 204 null null 3.7779ms
2026-01-07 17:29:16.135 +07:00 [INF] Request starting HTTP/1.1 POST http://localhost:5000/api/auth/login - application/json 57
2026-01-07 17:29:16.137 +07:00 [INF] CORS policy execution successful.
2026-01-07 17:29:16.138 +07:00 [INF] Executing endpoint 'PelindoCarLoan.API.Controllers.AuthController.Login (PelindoCarLoan.API)'
2026-01-07 17:29:16.138 +07:00 [INF] Route matched with {action = "Login", controller = "Auth"}. Executing controller action with signature System.Threading.Tasks.Task`1[Microsoft.AspNetCore.Mvc.IActionResult] Login(PelindoCarLoan.API.DTOs.LoginRequestDto) on controller PelindoCarLoan.API.Controllers.AuthController (PelindoCarLoan.API).
2026-01-07 17:29:16.140 +07:00 [INF] Login attempt for email: admin@pelindo.co.id
2026-01-07 17:29:16.141 +07:00 [INF] User found: Administrator, PasswordHash length: 60
2026-01-07 17:29:16.270 +07:00 [INF] User logged in successfully: admin@pelindo.co.id
2026-01-07 17:29:16.272 +07:00 [INF] Executing OkObjectResult, writing value of type 'PelindoCarLoan.API.DTOs.ApiResponse`1[[PelindoCarLoan.API.DTOs.LoginResponseDto, PelindoCarLoan.API, Version=1.0.0.0, Culture=neutral, PublicKeyToken=null]]'.
2026-01-07 17:29:16.273 +07:00 [INF] Executed action PelindoCarLoan.API.Controllers.AuthController.Login (PelindoCarLoan.API) in 133.2947ms
2026-01-07 17:29:16.274 +07:00 [INF] Executed endpoint 'PelindoCarLoan.API.Controllers.AuthController.Login (PelindoCarLoan.API)'
2026-01-07 17:29:16.275 +07:00 [INF] Request finished HTTP/1.1 POST http://localhost:5000/api/auth/login - 200 null application/json; charset=utf-8 140.1795ms
2026-01-07 17:30:46.707 +07:00 [INF] Pelindo Car Loan API started successfully
2026-01-07 17:30:46.754 +07:00 [INF] User profile is available. Using 'C:\Users\abima\AppData\Local\ASP.NET\DataProtection-Keys' as key repository and Windows DPAPI to encrypt keys at rest.
2026-01-07 17:30:46.802 +07:00 [INF] Now listening on: http://localhost:5000
2026-01-07 17:30:46.805 +07:00 [INF] Application started. Press Ctrl+C to shut down.
2026-01-07 17:30:46.806 +07:00 [INF] Hosting environment: Production
2026-01-07 17:30:46.806 +07:00 [INF] Content root path: C:\Users\abima\Desktop\Project\Pelindo\pelindo-car-loan\backend\PelindoCarLoan.API
2026-01-07 17:30:54.484 +07:00 [INF] Request starting HTTP/1.1 OPTIONS http://localhost:5000/api/auth/login - null null
2026-01-07 17:30:54.504 +07:00 [INF] CORS policy execution successful.
2026-01-07 17:30:54.510 +07:00 [INF] Request finished HTTP/1.1 OPTIONS http://localhost:5000/api/auth/login - 204 null null 26.871ms
2026-01-07 17:30:54.517 +07:00 [INF] Request starting HTTP/1.1 POST http://localhost:5000/api/auth/login - application/json 57
2026-01-07 17:30:54.523 +07:00 [INF] CORS policy execution successful.
2026-01-07 17:30:54.525 +07:00 [WRN] Failed to determine the https port for redirect.
2026-01-07 17:30:54.546 +07:00 [INF] Executing endpoint 'PelindoCarLoan.API.Controllers.AuthController.Login (PelindoCarLoan.API)'
2026-01-07 17:30:54.564 +07:00 [INF] Route matched with {action = "Login", controller = "Auth"}. Executing controller action with signature System.Threading.Tasks.Task`1[Microsoft.AspNetCore.Mvc.IActionResult] Login(PelindoCarLoan.API.DTOs.LoginRequestDto) on controller PelindoCarLoan.API.Controllers.AuthController (PelindoCarLoan.API).
2026-01-07 17:30:54.613 +07:00 [INF] Login attempt for email: admin@pelindo.co.id
2026-01-07 17:30:55.037 +07:00 [INF] User found: Administrator, PasswordHash length: 60
2026-01-07 17:30:56.677 +07:00 [INF] User logged in successfully: admin@pelindo.co.id
2026-01-07 17:30:56.714 +07:00 [INF] Executing OkObjectResult, writing value of type 'PelindoCarLoan.API.DTOs.ApiResponse`1[[PelindoCarLoan.API.DTOs.LoginResponseDto, PelindoCarLoan.API, Version=1.0.0.0, Culture=neutral, PublicKeyToken=null]]'.
2026-01-07 17:30:56.827 +07:00 [INF] Executed action PelindoCarLoan.API.Controllers.AuthController.Login (PelindoCarLoan.API) in 2249.8944ms
2026-01-07 17:30:56.840 +07:00 [INF] Executed endpoint 'PelindoCarLoan.API.Controllers.AuthController.Login (PelindoCarLoan.API)'
2026-01-07 17:30:56.853 +07:00 [INF] Request finished HTTP/1.1 POST http://localhost:5000/api/auth/login - 200 null application/json; charset=utf-8 2335.3277ms
2026-01-07 17:31:01.579 +07:00 [INF] Request starting HTTP/1.1 OPTIONS http://localhost:5000/api/auth/login - null null
2026-01-07 17:31:01.583 +07:00 [INF] CORS policy execution successful.
2026-01-07 17:31:01.584 +07:00 [INF] Request finished HTTP/1.1 OPTIONS http://localhost:5000/api/auth/login - 204 null null 4.4793ms
2026-01-07 17:31:01.586 +07:00 [INF] Request starting HTTP/1.1 POST http://localhost:5000/api/auth/login - application/json 57
2026-01-07 17:31:01.589 +07:00 [INF] CORS policy execution successful.
2026-01-07 17:31:01.590 +07:00 [INF] Executing endpoint 'PelindoCarLoan.API.Controllers.AuthController.Login (PelindoCarLoan.API)'
2026-01-07 17:31:01.591 +07:00 [INF] Route matched with {action = "Login", controller = "Auth"}. Executing controller action with signature System.Threading.Tasks.Task`1[Microsoft.AspNetCore.Mvc.IActionResult] Login(PelindoCarLoan.API.DTOs.LoginRequestDto) on controller PelindoCarLoan.API.Controllers.AuthController (PelindoCarLoan.API).
2026-01-07 17:31:01.595 +07:00 [INF] Login attempt for email: admin@pelindo.co.id
2026-01-07 17:31:01.601 +07:00 [INF] User found: Administrator, PasswordHash length: 60
2026-01-07 17:31:01.733 +07:00 [INF] User logged in successfully: admin@pelindo.co.id
2026-01-07 17:31:01.736 +07:00 [INF] Executing OkObjectResult, writing value of type 'PelindoCarLoan.API.DTOs.ApiResponse`1[[PelindoCarLoan.API.DTOs.LoginResponseDto, PelindoCarLoan.API, Version=1.0.0.0, Culture=neutral, PublicKeyToken=null]]'.
2026-01-07 17:31:01.737 +07:00 [INF] Executed action PelindoCarLoan.API.Controllers.AuthController.Login (PelindoCarLoan.API) in 144.0444ms
2026-01-07 17:31:01.738 +07:00 [INF] Executed endpoint 'PelindoCarLoan.API.Controllers.AuthController.Login (PelindoCarLoan.API)'
2026-01-07 17:31:01.739 +07:00 [INF] Request finished HTTP/1.1 POST http://localhost:5000/api/auth/login - 200 null application/json; charset=utf-8 152.6784ms
2026-01-07 17:31:03.964 +07:00 [INF] Request starting HTTP/1.1 POST http://localhost:5000/api/auth/login - application/json 57
2026-01-07 17:31:03.967 +07:00 [INF] CORS policy execution successful.
2026-01-07 17:31:03.970 +07:00 [INF] Executing endpoint 'PelindoCarLoan.API.Controllers.AuthController.Login (PelindoCarLoan.API)'
2026-01-07 17:31:03.971 +07:00 [INF] Route matched with {action = "Login", controller = "Auth"}. Executing controller action with signature System.Threading.Tasks.Task`1[Microsoft.AspNetCore.Mvc.IActionResult] Login(PelindoCarLoan.API.DTOs.LoginRequestDto) on controller PelindoCarLoan.API.Controllers.AuthController (PelindoCarLoan.API).
2026-01-07 17:31:03.975 +07:00 [INF] Login attempt for email: admin@pelindo.co.id
2026-01-07 17:31:03.984 +07:00 [INF] User found: Administrator, PasswordHash length: 60
2026-01-07 17:31:04.127 +07:00 [INF] User logged in successfully: admin@pelindo.co.id
2026-01-07 17:31:04.129 +07:00 [INF] Executing OkObjectResult, writing value of type 'PelindoCarLoan.API.DTOs.ApiResponse`1[[PelindoCarLoan.API.DTOs.LoginResponseDto, PelindoCarLoan.API, Version=1.0.0.0, Culture=neutral, PublicKeyToken=null]]'.
2026-01-07 17:31:04.132 +07:00 [INF] Executed action PelindoCarLoan.API.Controllers.AuthController.Login (PelindoCarLoan.API) in 158.6745ms
2026-01-07 17:31:04.133 +07:00 [INF] Executed endpoint 'PelindoCarLoan.API.Controllers.AuthController.Login (PelindoCarLoan.API)'
2026-01-07 17:31:04.134 +07:00 [INF] Request finished HTTP/1.1 POST http://localhost:5000/api/auth/login - 200 null application/json; charset=utf-8 170.3242ms
2026-01-07 17:31:05.636 +07:00 [INF] Request starting HTTP/1.1 POST http://localhost:5000/api/auth/login - application/json 57
2026-01-07 17:31:05.640 +07:00 [INF] CORS policy execution successful.
2026-01-07 17:31:05.641 +07:00 [INF] Executing endpoint 'PelindoCarLoan.API.Controllers.AuthController.Login (PelindoCarLoan.API)'
2026-01-07 17:31:05.643 +07:00 [INF] Route matched with {action = "Login", controller = "Auth"}. Executing controller action with signature System.Threading.Tasks.Task`1[Microsoft.AspNetCore.Mvc.IActionResult] Login(PelindoCarLoan.API.DTOs.LoginRequestDto) on controller PelindoCarLoan.API.Controllers.AuthController (PelindoCarLoan.API).
2026-01-07 17:31:05.645 +07:00 [INF] Login attempt for email: admin@pelindo.co.id
2026-01-07 17:31:05.647 +07:00 [INF] User found: Administrator, PasswordHash length: 60
2026-01-07 17:31:05.780 +07:00 [INF] User logged in successfully: admin@pelindo.co.id
2026-01-07 17:31:05.781 +07:00 [INF] Executing OkObjectResult, writing value of type 'PelindoCarLoan.API.DTOs.ApiResponse`1[[PelindoCarLoan.API.DTOs.LoginResponseDto, PelindoCarLoan.API, Version=1.0.0.0, Culture=neutral, PublicKeyToken=null]]'.
2026-01-07 17:31:05.783 +07:00 [INF] Executed action PelindoCarLoan.API.Controllers.AuthController.Login (PelindoCarLoan.API) in 139.1373ms
2026-01-07 17:31:05.785 +07:00 [INF] Executed endpoint 'PelindoCarLoan.API.Controllers.AuthController.Login (PelindoCarLoan.API)'
2026-01-07 17:31:05.787 +07:00 [INF] Request finished HTTP/1.1 POST http://localhost:5000/api/auth/login - 200 null application/json; charset=utf-8 150.6099ms
2026-01-07 17:31:09.132 +07:00 [INF] Request starting HTTP/1.1 OPTIONS http://localhost:5000/api/auth/login - null null
2026-01-07 17:31:09.135 +07:00 [INF] CORS policy execution successful.
2026-01-07 17:31:09.136 +07:00 [INF] Request finished HTTP/1.1 OPTIONS http://localhost:5000/api/auth/login - 204 null null 3.8403ms
2026-01-07 17:31:09.140 +07:00 [INF] Request starting HTTP/1.1 POST http://localhost:5000/api/auth/login - application/json 57
2026-01-07 17:31:09.142 +07:00 [INF] CORS policy execution successful.
2026-01-07 17:31:09.142 +07:00 [INF] Executing endpoint 'PelindoCarLoan.API.Controllers.AuthController.Login (PelindoCarLoan.API)'
2026-01-07 17:31:09.143 +07:00 [INF] Route matched with {action = "Login", controller = "Auth"}. Executing controller action with signature System.Threading.Tasks.Task`1[Microsoft.AspNetCore.Mvc.IActionResult] Login(PelindoCarLoan.API.DTOs.LoginRequestDto) on controller PelindoCarLoan.API.Controllers.AuthController (PelindoCarLoan.API).
2026-01-07 17:31:09.146 +07:00 [INF] Login attempt for email: admin@pelindo.co.id
2026-01-07 17:31:09.147 +07:00 [INF] User found: Administrator, PasswordHash length: 60
2026-01-07 17:31:09.280 +07:00 [INF] User logged in successfully: admin@pelindo.co.id
2026-01-07 17:31:09.282 +07:00 [INF] Executing OkObjectResult, writing value of type 'PelindoCarLoan.API.DTOs.ApiResponse`1[[PelindoCarLoan.API.DTOs.LoginResponseDto, PelindoCarLoan.API, Version=1.0.0.0, Culture=neutral, PublicKeyToken=null]]'.
2026-01-07 17:31:09.284 +07:00 [INF] Executed action PelindoCarLoan.API.Controllers.AuthController.Login (PelindoCarLoan.API) in 138.3422ms
2026-01-07 17:31:09.285 +07:00 [INF] Executed endpoint 'PelindoCarLoan.API.Controllers.AuthController.Login (PelindoCarLoan.API)'
2026-01-07 17:31:09.286 +07:00 [INF] Request finished HTTP/1.1 POST http://localhost:5000/api/auth/login - 200 null application/json; charset=utf-8 146.4395ms
2026-01-07 17:31:43.020 +07:00 [INF] Request starting HTTP/1.1 OPTIONS http://localhost:5000/api/auth/login - null null
2026-01-07 17:31:43.023 +07:00 [INF] CORS policy execution successful.
2026-01-07 17:31:43.024 +07:00 [INF] Request finished HTTP/1.1 OPTIONS http://localhost:5000/api/auth/login - 204 null null 4.0863ms
2026-01-07 17:31:43.027 +07:00 [INF] Request starting HTTP/1.1 POST http://localhost:5000/api/auth/login - application/json 57
2026-01-07 17:31:43.029 +07:00 [INF] CORS policy execution successful.
2026-01-07 17:31:43.030 +07:00 [INF] Executing endpoint 'PelindoCarLoan.API.Controllers.AuthController.Login (PelindoCarLoan.API)'
2026-01-07 17:31:43.030 +07:00 [INF] Route matched with {action = "Login", controller = "Auth"}. Executing controller action with signature System.Threading.Tasks.Task`1[Microsoft.AspNetCore.Mvc.IActionResult] Login(PelindoCarLoan.API.DTOs.LoginRequestDto) on controller PelindoCarLoan.API.Controllers.AuthController (PelindoCarLoan.API).
2026-01-07 17:31:43.032 +07:00 [INF] Login attempt for email: admin@pelindo.co.id
2026-01-07 17:31:43.034 +07:00 [INF] User found: Administrator, PasswordHash length: 60
2026-01-07 17:31:43.168 +07:00 [INF] User logged in successfully: admin@pelindo.co.id
2026-01-07 17:31:43.169 +07:00 [INF] Executing OkObjectResult, writing value of type 'PelindoCarLoan.API.DTOs.ApiResponse`1[[PelindoCarLoan.API.DTOs.LoginResponseDto, PelindoCarLoan.API, Version=1.0.0.0, Culture=neutral, PublicKeyToken=null]]'.
2026-01-07 17:31:43.171 +07:00 [INF] Executed action PelindoCarLoan.API.Controllers.AuthController.Login (PelindoCarLoan.API) in 138.7681ms
2026-01-07 17:31:43.173 +07:00 [INF] Executed endpoint 'PelindoCarLoan.API.Controllers.AuthController.Login (PelindoCarLoan.API)'
2026-01-07 17:31:43.173 +07:00 [INF] Request finished HTTP/1.1 POST http://localhost:5000/api/auth/login - 200 null application/json; charset=utf-8 146.1431ms
2026-01-07 17:31:51.140 +07:00 [INF] Request starting HTTP/1.1 OPTIONS http://localhost:5000/api/auth/login - null null
2026-01-07 17:31:51.143 +07:00 [INF] CORS policy execution successful.
2026-01-07 17:31:51.145 +07:00 [INF] Request finished HTTP/1.1 OPTIONS http://localhost:5000/api/auth/login - 204 null null 5.0909ms
2026-01-07 17:31:51.148 +07:00 [INF] Request starting HTTP/1.1 POST http://localhost:5000/api/auth/login - application/json 57
2026-01-07 17:31:51.150 +07:00 [INF] CORS policy execution successful.
2026-01-07 17:31:51.151 +07:00 [INF] Executing endpoint 'PelindoCarLoan.API.Controllers.AuthController.Login (PelindoCarLoan.API)'
2026-01-07 17:31:51.152 +07:00 [INF] Route matched with {action = "Login", controller = "Auth"}. Executing controller action with signature System.Threading.Tasks.Task`1[Microsoft.AspNetCore.Mvc.IActionResult] Login(PelindoCarLoan.API.DTOs.LoginRequestDto) on controller PelindoCarLoan.API.Controllers.AuthController (PelindoCarLoan.API).
2026-01-07 17:31:51.154 +07:00 [INF] Login attempt for email: admin@pelindo.co.id
2026-01-07 17:31:51.157 +07:00 [INF] User found: Administrator, PasswordHash length: 60
2026-01-07 17:31:51.291 +07:00 [INF] User logged in successfully: admin@pelindo.co.id
2026-01-07 17:31:51.292 +07:00 [INF] Executing OkObjectResult, writing value of type 'PelindoCarLoan.API.DTOs.ApiResponse`1[[PelindoCarLoan.API.DTOs.LoginResponseDto, PelindoCarLoan.API, Version=1.0.0.0, Culture=neutral, PublicKeyToken=null]]'.
2026-01-07 17:31:51.294 +07:00 [INF] Executed action PelindoCarLoan.API.Controllers.AuthController.Login (PelindoCarLoan.API) in 139.4998ms
2026-01-07 17:31:51.295 +07:00 [INF] Executed endpoint 'PelindoCarLoan.API.Controllers.AuthController.Login (PelindoCarLoan.API)'
2026-01-07 17:31:51.296 +07:00 [INF] Request finished HTTP/1.1 POST http://localhost:5000/api/auth/login - 200 null application/json; charset=utf-8 147.539ms
2026-01-07 17:31:57.916 +07:00 [INF] Request starting HTTP/1.1 OPTIONS http://localhost:5000/api/auth/login - null null
2026-01-07 17:31:57.919 +07:00 [INF] CORS policy execution successful.
2026-01-07 17:31:57.920 +07:00 [INF] Request finished HTTP/1.1 OPTIONS http://localhost:5000/api/auth/login - 204 null null 4.7487ms
2026-01-07 17:31:57.924 +07:00 [INF] Request starting HTTP/1.1 POST http://localhost:5000/api/auth/login - application/json 57
2026-01-07 17:31:57.926 +07:00 [INF] CORS policy execution successful.
2026-01-07 17:31:57.926 +07:00 [INF] Executing endpoint 'PelindoCarLoan.API.Controllers.AuthController.Login (PelindoCarLoan.API)'
2026-01-07 17:31:57.927 +07:00 [INF] Route matched with {action = "Login", controller = "Auth"}. Executing controller action with signature System.Threading.Tasks.Task`1[Microsoft.AspNetCore.Mvc.IActionResult] Login(PelindoCarLoan.API.DTOs.LoginRequestDto) on controller PelindoCarLoan.API.Controllers.AuthController (PelindoCarLoan.API).
2026-01-07 17:31:57.930 +07:00 [INF] Login attempt for email: admin@pelindo.co.id
2026-01-07 17:31:57.931 +07:00 [INF] User found: Administrator, PasswordHash length: 60
2026-01-07 17:31:58.062 +07:00 [INF] User logged in successfully: admin@pelindo.co.id
2026-01-07 17:31:58.063 +07:00 [INF] Executing OkObjectResult, writing value of type 'PelindoCarLoan.API.DTOs.ApiResponse`1[[PelindoCarLoan.API.DTOs.LoginResponseDto, PelindoCarLoan.API, Version=1.0.0.0, Culture=neutral, PublicKeyToken=null]]'.
2026-01-07 17:31:58.064 +07:00 [INF] Executed action PelindoCarLoan.API.Controllers.AuthController.Login (PelindoCarLoan.API) in 134.8721ms
2026-01-07 17:31:58.066 +07:00 [INF] Executed endpoint 'PelindoCarLoan.API.Controllers.AuthController.Login (PelindoCarLoan.API)'
2026-01-07 17:31:58.066 +07:00 [INF] Request finished HTTP/1.1 POST http://localhost:5000/api/auth/login - 200 null application/json; charset=utf-8 142.5022ms
2026-01-07 17:32:01.867 +07:00 [INF] Request starting HTTP/1.1 POST http://localhost:5000/api/auth/login - application/json 57
2026-01-07 17:32:01.870 +07:00 [INF] CORS policy execution successful.
2026-01-07 17:32:01.871 +07:00 [INF] Executing endpoint 'PelindoCarLoan.API.Controllers.AuthController.Login (PelindoCarLoan.API)'
2026-01-07 17:32:01.871 +07:00 [INF] Route matched with {action = "Login", controller = "Auth"}. Executing controller action with signature System.Threading.Tasks.Task`1[Microsoft.AspNetCore.Mvc.IActionResult] Login(PelindoCarLoan.API.DTOs.LoginRequestDto) on controller PelindoCarLoan.API.Controllers.AuthController (PelindoCarLoan.API).
2026-01-07 17:32:01.874 +07:00 [INF] Login attempt for email: admin@pelindo.co.id
2026-01-07 17:32:01.875 +07:00 [INF] User found: Administrator, PasswordHash length: 60
2026-01-07 17:32:02.004 +07:00 [INF] User logged in successfully: admin@pelindo.co.id
2026-01-07 17:32:02.007 +07:00 [INF] Executing OkObjectResult, writing value of type 'PelindoCarLoan.API.DTOs.ApiResponse`1[[PelindoCarLoan.API.DTOs.LoginResponseDto, PelindoCarLoan.API, Version=1.0.0.0, Culture=neutral, PublicKeyToken=null]]'.
2026-01-07 17:32:02.008 +07:00 [INF] Executed action PelindoCarLoan.API.Controllers.AuthController.Login (PelindoCarLoan.API) in 134.9633ms
2026-01-07 17:32:02.009 +07:00 [INF] Executed endpoint 'PelindoCarLoan.API.Controllers.AuthController.Login (PelindoCarLoan.API)'
2026-01-07 17:32:02.010 +07:00 [INF] Request finished HTTP/1.1 POST http://localhost:5000/api/auth/login - 200 null application/json; charset=utf-8 142.6316ms
2026-01-07 17:32:34.283 +07:00 [INF] Request starting HTTP/1.1 OPTIONS http://localhost:5000/api/auth/login - null null
2026-01-07 17:32:34.287 +07:00 [INF] CORS policy execution successful.
2026-01-07 17:32:34.289 +07:00 [INF] Request finished HTTP/1.1 OPTIONS http://localhost:5000/api/auth/login - 204 null null 5.146ms
2026-01-07 17:32:34.292 +07:00 [INF] Request starting HTTP/1.1 POST http://localhost:5000/api/auth/login - application/json 57
2026-01-07 17:32:34.293 +07:00 [INF] CORS policy execution successful.
2026-01-07 17:32:34.294 +07:00 [INF] Executing endpoint 'PelindoCarLoan.API.Controllers.AuthController.Login (PelindoCarLoan.API)'
2026-01-07 17:32:34.295 +07:00 [INF] Route matched with {action = "Login", controller = "Auth"}. Executing controller action with signature System.Threading.Tasks.Task`1[Microsoft.AspNetCore.Mvc.IActionResult] Login(PelindoCarLoan.API.DTOs.LoginRequestDto) on controller PelindoCarLoan.API.Controllers.AuthController (PelindoCarLoan.API).
2026-01-07 17:32:34.297 +07:00 [INF] Login attempt for email: admin@pelindo.co.id
2026-01-07 17:32:34.298 +07:00 [INF] User found: Administrator, PasswordHash length: 60
2026-01-07 17:32:34.430 +07:00 [INF] User logged in successfully: admin@pelindo.co.id
2026-01-07 17:32:34.432 +07:00 [INF] Executing OkObjectResult, writing value of type 'PelindoCarLoan.API.DTOs.ApiResponse`1[[PelindoCarLoan.API.DTOs.LoginResponseDto, PelindoCarLoan.API, Version=1.0.0.0, Culture=neutral, PublicKeyToken=null]]'.
2026-01-07 17:32:34.433 +07:00 [INF] Executed action PelindoCarLoan.API.Controllers.AuthController.Login (PelindoCarLoan.API) in 136.6206ms
2026-01-07 17:32:34.434 +07:00 [INF] Executed endpoint 'PelindoCarLoan.API.Controllers.AuthController.Login (PelindoCarLoan.API)'
2026-01-07 17:32:34.436 +07:00 [INF] Request finished HTTP/1.1 POST http://localhost:5000/api/auth/login - 200 null application/json; charset=utf-8 143.9657ms
2026-01-07 17:32:35.236 +07:00 [INF] Request starting HTTP/1.1 POST http://localhost:5000/api/auth/login - application/json 57
2026-01-07 17:32:35.239 +07:00 [INF] CORS policy execution successful.
2026-01-07 17:32:35.240 +07:00 [INF] Executing endpoint 'PelindoCarLoan.API.Controllers.AuthController.Login (PelindoCarLoan.API)'
2026-01-07 17:32:35.241 +07:00 [INF] Route matched with {action = "Login", controller = "Auth"}. Executing controller action with signature System.Threading.Tasks.Task`1[Microsoft.AspNetCore.Mvc.IActionResult] Login(PelindoCarLoan.API.DTOs.LoginRequestDto) on controller PelindoCarLoan.API.Controllers.AuthController (PelindoCarLoan.API).
2026-01-07 17:32:35.244 +07:00 [INF] Login attempt for email: admin@pelindo.co.id
2026-01-07 17:32:35.245 +07:00 [INF] User found: Administrator, PasswordHash length: 60
2026-01-07 17:32:35.377 +07:00 [INF] User logged in successfully: admin@pelindo.co.id
2026-01-07 17:32:35.379 +07:00 [INF] Executing OkObjectResult, writing value of type 'PelindoCarLoan.API.DTOs.ApiResponse`1[[PelindoCarLoan.API.DTOs.LoginResponseDto, PelindoCarLoan.API, Version=1.0.0.0, Culture=neutral, PublicKeyToken=null]]'.
2026-01-07 17:32:35.381 +07:00 [INF] Executed action PelindoCarLoan.API.Controllers.AuthController.Login (PelindoCarLoan.API) in 138.0844ms
2026-01-07 17:32:35.382 +07:00 [INF] Executed endpoint 'PelindoCarLoan.API.Controllers.AuthController.Login (PelindoCarLoan.API)'
2026-01-07 17:32:35.383 +07:00 [INF] Request finished HTTP/1.1 POST http://localhost:5000/api/auth/login - 200 null application/json; charset=utf-8 147.5635ms
2026-01-07 17:32:36.090 +07:00 [INF] Request starting HTTP/1.1 POST http://localhost:5000/api/auth/login - application/json 57
2026-01-07 17:32:36.093 +07:00 [INF] CORS policy execution successful.
2026-01-07 17:32:36.094 +07:00 [INF] Executing endpoint 'PelindoCarLoan.API.Controllers.AuthController.Login (PelindoCarLoan.API)'
2026-01-07 17:32:36.095 +07:00 [INF] Route matched with {action = "Login", controller = "Auth"}. Executing controller action with signature System.Threading.Tasks.Task`1[Microsoft.AspNetCore.Mvc.IActionResult] Login(PelindoCarLoan.API.DTOs.LoginRequestDto) on controller PelindoCarLoan.API.Controllers.AuthController (PelindoCarLoan.API).
2026-01-07 17:32:36.098 +07:00 [INF] Login attempt for email: admin@pelindo.co.id
2026-01-07 17:32:36.099 +07:00 [INF] User found: Administrator, PasswordHash length: 60
2026-01-07 17:32:36.231 +07:00 [INF] User logged in successfully: admin@pelindo.co.id
2026-01-07 17:32:36.233 +07:00 [INF] Executing OkObjectResult, writing value of type 'PelindoCarLoan.API.DTOs.ApiResponse`1[[PelindoCarLoan.API.DTOs.LoginResponseDto, PelindoCarLoan.API, Version=1.0.0.0, Culture=neutral, PublicKeyToken=null]]'.
2026-01-07 17:32:36.234 +07:00 [INF] Executed action PelindoCarLoan.API.Controllers.AuthController.Login (PelindoCarLoan.API) in 136.655ms
2026-01-07 17:32:36.235 +07:00 [INF] Executed endpoint 'PelindoCarLoan.API.Controllers.AuthController.Login (PelindoCarLoan.API)'
2026-01-07 17:32:36.236 +07:00 [INF] Request finished HTTP/1.1 POST http://localhost:5000/api/auth/login - 200 null application/json; charset=utf-8 145.8454ms
2026-01-07 17:32:40.187 +07:00 [INF] Request starting HTTP/1.1 OPTIONS http://localhost:5000/api/auth/login - null null
2026-01-07 17:32:40.189 +07:00 [INF] CORS policy execution successful.
2026-01-07 17:32:40.190 +07:00 [INF] Request finished HTTP/1.1 OPTIONS http://localhost:5000/api/auth/login - 204 null null 2.9641ms
2026-01-07 17:32:40.192 +07:00 [INF] Request starting HTTP/1.1 POST http://localhost:5000/api/auth/login - application/json 57
2026-01-07 17:32:40.194 +07:00 [INF] CORS policy execution successful.
2026-01-07 17:32:40.195 +07:00 [INF] Executing endpoint 'PelindoCarLoan.API.Controllers.AuthController.Login (PelindoCarLoan.API)'
2026-01-07 17:32:40.195 +07:00 [INF] Route matched with {action = "Login", controller = "Auth"}. Executing controller action with signature System.Threading.Tasks.Task`1[Microsoft.AspNetCore.Mvc.IActionResult] Login(PelindoCarLoan.API.DTOs.LoginRequestDto) on controller PelindoCarLoan.API.Controllers.AuthController (PelindoCarLoan.API).
2026-01-07 17:32:40.197 +07:00 [INF] Login attempt for email: admin@pelindo.co.id
2026-01-07 17:32:40.198 +07:00 [INF] User found: Administrator, PasswordHash length: 60
2026-01-07 17:32:40.332 +07:00 [INF] User logged in successfully: admin@pelindo.co.id
2026-01-07 17:32:40.333 +07:00 [INF] Executing OkObjectResult, writing value of type 'PelindoCarLoan.API.DTOs.ApiResponse`1[[PelindoCarLoan.API.DTOs.LoginResponseDto, PelindoCarLoan.API, Version=1.0.0.0, Culture=neutral, PublicKeyToken=null]]'.
2026-01-07 17:32:40.334 +07:00 [INF] Executed action PelindoCarLoan.API.Controllers.AuthController.Login (PelindoCarLoan.API) in 137.6054ms
2026-01-07 17:32:40.336 +07:00 [INF] Executed endpoint 'PelindoCarLoan.API.Controllers.AuthController.Login (PelindoCarLoan.API)'
2026-01-07 17:32:40.337 +07:00 [INF] Request finished HTTP/1.1 POST http://localhost:5000/api/auth/login - 200 null application/json; charset=utf-8 144.4161ms
2026-01-07 17:32:44.969 +07:00 [INF] Request starting HTTP/1.1 POST http://localhost:5000/api/auth/login - application/json 57
2026-01-07 17:32:44.972 +07:00 [INF] CORS policy execution successful.
2026-01-07 17:32:44.972 +07:00 [INF] Executing endpoint 'PelindoCarLoan.API.Controllers.AuthController.Login (PelindoCarLoan.API)'
2026-01-07 17:32:44.973 +07:00 [INF] Route matched with {action = "Login", controller = "Auth"}. Executing controller action with signature System.Threading.Tasks.Task`1[Microsoft.AspNetCore.Mvc.IActionResult] Login(PelindoCarLoan.API.DTOs.LoginRequestDto) on controller PelindoCarLoan.API.Controllers.AuthController (PelindoCarLoan.API).
2026-01-07 17:32:44.975 +07:00 [INF] Login attempt for email: admin@pelindo.co.id
2026-01-07 17:32:44.976 +07:00 [INF] User found: Administrator, PasswordHash length: 60
2026-01-07 17:32:45.106 +07:00 [INF] User logged in successfully: admin@pelindo.co.id
2026-01-07 17:32:45.108 +07:00 [INF] Executing OkObjectResult, writing value of type 'PelindoCarLoan.API.DTOs.ApiResponse`1[[PelindoCarLoan.API.DTOs.LoginResponseDto, PelindoCarLoan.API, Version=1.0.0.0, Culture=neutral, PublicKeyToken=null]]'.
2026-01-07 17:32:45.110 +07:00 [INF] Executed action PelindoCarLoan.API.Controllers.AuthController.Login (PelindoCarLoan.API) in 135.957ms
2026-01-07 17:32:45.111 +07:00 [INF] Executed endpoint 'PelindoCarLoan.API.Controllers.AuthController.Login (PelindoCarLoan.API)'
2026-01-07 17:32:45.112 +07:00 [INF] Request finished HTTP/1.1 POST http://localhost:5000/api/auth/login - 200 null application/json; charset=utf-8 143.5789ms
2026-01-07 17:32:52.537 +07:00 [INF] Request starting HTTP/1.1 OPTIONS http://localhost:5000/api/auth/login - null null
2026-01-07 17:32:52.540 +07:00 [INF] CORS policy execution successful.
2026-01-07 17:32:52.547 +07:00 [INF] Request finished HTTP/1.1 OPTIONS http://localhost:5000/api/auth/login - 204 null null 9.2936ms
2026-01-07 17:32:52.551 +07:00 [INF] Request starting HTTP/1.1 POST http://localhost:5000/api/auth/login - application/json 57
2026-01-07 17:32:52.554 +07:00 [INF] CORS policy execution successful.
2026-01-07 17:32:52.555 +07:00 [INF] Executing endpoint 'PelindoCarLoan.API.Controllers.AuthController.Login (PelindoCarLoan.API)'
2026-01-07 17:32:52.557 +07:00 [INF] Route matched with {action = "Login", controller = "Auth"}. Executing controller action with signature System.Threading.Tasks.Task`1[Microsoft.AspNetCore.Mvc.IActionResult] Login(PelindoCarLoan.API.DTOs.LoginRequestDto) on controller PelindoCarLoan.API.Controllers.AuthController (PelindoCarLoan.API).
2026-01-07 17:32:52.561 +07:00 [INF] Login attempt for email: admin@pelindo.co.id
2026-01-07 17:32:52.565 +07:00 [INF] User found: Administrator, PasswordHash length: 60
2026-01-07 17:32:52.717 +07:00 [INF] User logged in successfully: admin@pelindo.co.id
2026-01-07 17:32:52.719 +07:00 [INF] Executing OkObjectResult, writing value of type 'PelindoCarLoan.API.DTOs.ApiResponse`1[[PelindoCarLoan.API.DTOs.LoginResponseDto, PelindoCarLoan.API, Version=1.0.0.0, Culture=neutral, PublicKeyToken=null]]'.
2026-01-07 17:32:52.721 +07:00 [INF] Executed action PelindoCarLoan.API.Controllers.AuthController.Login (PelindoCarLoan.API) in 160.5647ms
2026-01-07 17:32:52.722 +07:00 [INF] Executed endpoint 'PelindoCarLoan.API.Controllers.AuthController.Login (PelindoCarLoan.API)'
2026-01-07 17:32:52.723 +07:00 [INF] Request finished HTTP/1.1 POST http://localhost:5000/api/auth/login - 200 null application/json; charset=utf-8 172.19ms
2026-01-07 17:33:02.722 +07:00 [INF] Request starting HTTP/1.1 OPTIONS http://localhost:5000/api/auth/login - null null
2026-01-07 17:33:02.725 +07:00 [INF] CORS policy execution successful.
2026-01-07 17:33:02.726 +07:00 [INF] Request finished HTTP/1.1 OPTIONS http://localhost:5000/api/auth/login - 204 null null 3.8536ms
2026-01-07 17:33:02.729 +07:00 [INF] Request starting HTTP/1.1 POST http://localhost:5000/api/auth/login - application/json 57
2026-01-07 17:33:02.731 +07:00 [INF] CORS policy execution successful.
2026-01-07 17:33:02.731 +07:00 [INF] Executing endpoint 'PelindoCarLoan.API.Controllers.AuthController.Login (PelindoCarLoan.API)'
2026-01-07 17:33:02.732 +07:00 [INF] Route matched with {action = "Login", controller = "Auth"}. Executing controller action with signature System.Threading.Tasks.Task`1[Microsoft.AspNetCore.Mvc.IActionResult] Login(PelindoCarLoan.API.DTOs.LoginRequestDto) on controller PelindoCarLoan.API.Controllers.AuthController (PelindoCarLoan.API).
2026-01-07 17:33:02.734 +07:00 [INF] Login attempt for email: admin@pelindo.co.id
2026-01-07 17:33:02.735 +07:00 [INF] User found: Administrator, PasswordHash length: 60
2026-01-07 17:33:02.871 +07:00 [INF] User logged in successfully: admin@pelindo.co.id
2026-01-07 17:33:02.873 +07:00 [INF] Executing OkObjectResult, writing value of type 'PelindoCarLoan.API.DTOs.ApiResponse`1[[PelindoCarLoan.API.DTOs.LoginResponseDto, PelindoCarLoan.API, Version=1.0.0.0, Culture=neutral, PublicKeyToken=null]]'.
2026-01-07 17:33:02.875 +07:00 [INF] Executed action PelindoCarLoan.API.Controllers.AuthController.Login (PelindoCarLoan.API) in 141.6457ms
2026-01-07 17:33:02.876 +07:00 [INF] Executed endpoint 'PelindoCarLoan.API.Controllers.AuthController.Login (PelindoCarLoan.API)'
2026-01-07 17:33:02.877 +07:00 [INF] Request finished HTTP/1.1 POST http://localhost:5000/api/auth/login - 200 null application/json; charset=utf-8 147.8251ms
2026-01-07 17:33:02.903 +07:00 [INF] Request starting HTTP/1.1 OPTIONS http://localhost:5000/api/dashboard - null null
2026-01-07 17:33:02.905 +07:00 [INF] CORS policy execution successful.
2026-01-07 17:33:02.906 +07:00 [INF] Request finished HTTP/1.1 OPTIONS http://localhost:5000/api/dashboard - 204 null null 2.9366ms
2026-01-07 17:33:02.909 +07:00 [INF] Request starting HTTP/1.1 GET http://localhost:5000/api/dashboard - null null
2026-01-07 17:33:02.911 +07:00 [INF] CORS policy execution successful.
2026-01-07 17:33:02.939 +07:00 [INF] Executing endpoint 'PelindoCarLoan.API.Controllers.DashboardController.GetDashboard (PelindoCarLoan.API)'
2026-01-07 17:33:02.943 +07:00 [INF] Route matched with {action = "GetDashboard", controller = "Dashboard"}. Executing controller action with signature System.Threading.Tasks.Task`1[Microsoft.AspNetCore.Mvc.IActionResult] GetDashboard() on controller PelindoCarLoan.API.Controllers.DashboardController (PelindoCarLoan.API).
2026-01-07 17:33:03.000 +07:00 [INF] Executed action PelindoCarLoan.API.Controllers.DashboardController.GetDashboard (PelindoCarLoan.API) in 54.6971ms
2026-01-07 17:33:03.002 +07:00 [INF] Executed endpoint 'PelindoCarLoan.API.Controllers.DashboardController.GetDashboard (PelindoCarLoan.API)'
2026-01-07 17:33:03.003 +07:00 [ERR] An unhandled exception occurred
Oracle.ManagedDataAccess.Client.OracleException (0x80004005): ORA-00904: "U"."ID": invalid identifier
https://docs.oracle.com/error-help/db/ora-00904/
   at Oracle.ManagedDataAccess.Client.OracleCommand.<>c.<ExecuteDbDataReaderAsync>b__213_0(Task`1 result)
   at System.Threading.Tasks.ContinuationResultTaskFromResultTask`2.InnerInvoke()
   at System.Threading.ExecutionContext.RunInternal(ExecutionContext executionContext, ContextCallback callback, Object state)
--- End of stack trace from previous location ---
   at System.Threading.ExecutionContext.RunInternal(ExecutionContext executionContext, ContextCallback callback, Object state)
   at System.Threading.Tasks.Task.ExecuteWithThreadLocal(Task& currentTaskSlot, Thread threadPoolThread)
--- End of stack trace from previous location ---
   at Dapper.SqlMapper.MultiMapAsync[TFirst,TSecond,TThird,TFourth,TFifth,TSixth,TSeventh,TReturn](IDbConnection cnn, CommandDefinition command, Delegate map, String splitOn) in /_/Dapper/SqlMapper.Async.cs:line 940
   at PelindoCarLoan.API.Repositories.LoanRequestRepository.GetAllAsync(Nullable`1 userId, String status) in C:\Users\abima\Desktop\Project\Pelindo\pelindo-car-loan\backend\PelindoCarLoan.API\Repositories\LoanRequestRepository.cs:line 95
   at PelindoCarLoan.API.Services.DashboardService.GetDashboardAsync(Int32 userId, String role) in C:\Users\abima\Desktop\Project\Pelindo\pelindo-car-loan\backend\PelindoCarLoan.API\Services\DashboardService.cs:line 78
   at PelindoCarLoan.API.Controllers.DashboardController.GetDashboard() in C:\Users\abima\Desktop\Project\Pelindo\pelindo-car-loan\backend\PelindoCarLoan.API\Controllers\DashboardController.cs:line 33
   at Microsoft.AspNetCore.Mvc.Infrastructure.ActionMethodExecutor.TaskOfIActionResultExecutor.Execute(ActionContext actionContext, IActionResultTypeMapper mapper, ObjectMethodExecutor executor, Object controller, Object[] arguments)
   at Microsoft.AspNetCore.Mvc.Infrastructure.ControllerActionInvoker.<InvokeActionMethodAsync>g__Awaited|12_0(ControllerActionInvoker invoker, ValueTask`1 actionResultValueTask)
   at Microsoft.AspNetCore.Mvc.Infrastructure.ControllerActionInvoker.<InvokeNextActionFilterAsync>g__Awaited|10_0(ControllerActionInvoker invoker, Task lastTask, State next, Scope scope, Object state, Boolean isCompleted)
   at Microsoft.AspNetCore.Mvc.Infrastructure.ControllerActionInvoker.Rethrow(ActionExecutedContextSealed context)
   at Microsoft.AspNetCore.Mvc.Infrastructure.ControllerActionInvoker.Next(State& next, Scope& scope, Object& state, Boolean& isCompleted)
   at Microsoft.AspNetCore.Mvc.Infrastructure.ControllerActionInvoker.<InvokeInnerFilterAsync>g__Awaited|13_0(ControllerActionInvoker invoker, Task lastTask, State next, Scope scope, Object state, Boolean isCompleted)
   at Microsoft.AspNetCore.Mvc.Infrastructure.ResourceInvoker.<InvokeFilterPipelineAsync>g__Awaited|20_0(ResourceInvoker invoker, Task lastTask, State next, Scope scope, Object state, Boolean isCompleted)
   at Microsoft.AspNetCore.Mvc.Infrastructure.ResourceInvoker.<InvokeAsync>g__Logged|17_1(ResourceInvoker invoker)
   at Microsoft.AspNetCore.Mvc.Infrastructure.ResourceInvoker.<InvokeAsync>g__Logged|17_1(ResourceInvoker invoker)
   at Microsoft.AspNetCore.Routing.EndpointMiddleware.<Invoke>g__AwaitRequestTask|7_0(Endpoint endpoint, Task requestTask, ILogger logger)
   at Microsoft.AspNetCore.Authorization.AuthorizationMiddleware.Invoke(HttpContext context)
   at Microsoft.AspNetCore.Authentication.AuthenticationMiddleware.Invoke(HttpContext context)
   at PelindoCarLoan.API.Middleware.ExceptionMiddleware.InvokeAsync(HttpContext context) in C:\Users\abima\Desktop\Project\Pelindo\pelindo-car-loan\backend\PelindoCarLoan.API\Middleware\ExceptionMiddleware.cs:line 22
2026-01-07 17:33:03.029 +07:00 [INF] Request finished HTTP/1.1 GET http://localhost:5000/api/dashboard - 500 null application/json 120.1041ms
2026-01-07 17:33:04.037 +07:00 [INF] Request starting HTTP/1.1 GET http://localhost:5000/api/dashboard - null null
2026-01-07 17:33:04.041 +07:00 [INF] CORS policy execution successful.
2026-01-07 17:33:04.043 +07:00 [INF] Executing endpoint 'PelindoCarLoan.API.Controllers.DashboardController.GetDashboard (PelindoCarLoan.API)'
2026-01-07 17:33:04.044 +07:00 [INF] Route matched with {action = "GetDashboard", controller = "Dashboard"}. Executing controller action with signature System.Threading.Tasks.Task`1[Microsoft.AspNetCore.Mvc.IActionResult] GetDashboard() on controller PelindoCarLoan.API.Controllers.DashboardController (PelindoCarLoan.API).
2026-01-07 17:33:04.052 +07:00 [INF] Executed action PelindoCarLoan.API.Controllers.DashboardController.GetDashboard (PelindoCarLoan.API) in 6.7462ms
2026-01-07 17:33:04.054 +07:00 [INF] Executed endpoint 'PelindoCarLoan.API.Controllers.DashboardController.GetDashboard (PelindoCarLoan.API)'
2026-01-07 17:33:04.055 +07:00 [ERR] An unhandled exception occurred
Oracle.ManagedDataAccess.Client.OracleException (0x80004005): ORA-00904: "U"."ID": invalid identifier
https://docs.oracle.com/error-help/db/ora-00904/
   at Oracle.ManagedDataAccess.Client.OracleCommand.<>c.<ExecuteDbDataReaderAsync>b__213_0(Task`1 result)
   at System.Threading.Tasks.ContinuationResultTaskFromResultTask`2.InnerInvoke()
   at System.Threading.ExecutionContext.RunInternal(ExecutionContext executionContext, ContextCallback callback, Object state)
--- End of stack trace from previous location ---
   at System.Threading.ExecutionContext.RunInternal(ExecutionContext executionContext, ContextCallback callback, Object state)
   at System.Threading.Tasks.Task.ExecuteWithThreadLocal(Task& currentTaskSlot, Thread threadPoolThread)
--- End of stack trace from previous location ---
   at Dapper.SqlMapper.MultiMapAsync[TFirst,TSecond,TThird,TFourth,TFifth,TSixth,TSeventh,TReturn](IDbConnection cnn, CommandDefinition command, Delegate map, String splitOn) in /_/Dapper/SqlMapper.Async.cs:line 940
   at PelindoCarLoan.API.Repositories.LoanRequestRepository.GetAllAsync(Nullable`1 userId, String status) in C:\Users\abima\Desktop\Project\Pelindo\pelindo-car-loan\backend\PelindoCarLoan.API\Repositories\LoanRequestRepository.cs:line 95
   at PelindoCarLoan.API.Services.DashboardService.GetDashboardAsync(Int32 userId, String role) in C:\Users\abima\Desktop\Project\Pelindo\pelindo-car-loan\backend\PelindoCarLoan.API\Services\DashboardService.cs:line 78
   at PelindoCarLoan.API.Controllers.DashboardController.GetDashboard() in C:\Users\abima\Desktop\Project\Pelindo\pelindo-car-loan\backend\PelindoCarLoan.API\Controllers\DashboardController.cs:line 33
   at Microsoft.AspNetCore.Mvc.Infrastructure.ActionMethodExecutor.TaskOfIActionResultExecutor.Execute(ActionContext actionContext, IActionResultTypeMapper mapper, ObjectMethodExecutor executor, Object controller, Object[] arguments)
   at Microsoft.AspNetCore.Mvc.Infrastructure.ControllerActionInvoker.<InvokeActionMethodAsync>g__Awaited|12_0(ControllerActionInvoker invoker, ValueTask`1 actionResultValueTask)
   at Microsoft.AspNetCore.Mvc.Infrastructure.ControllerActionInvoker.<InvokeNextActionFilterAsync>g__Awaited|10_0(ControllerActionInvoker invoker, Task lastTask, State next, Scope scope, Object state, Boolean isCompleted)
   at Microsoft.AspNetCore.Mvc.Infrastructure.ControllerActionInvoker.Rethrow(ActionExecutedContextSealed context)
   at Microsoft.AspNetCore.Mvc.Infrastructure.ControllerActionInvoker.Next(State& next, Scope& scope, Object& state, Boolean& isCompleted)
   at Microsoft.AspNetCore.Mvc.Infrastructure.ControllerActionInvoker.<InvokeInnerFilterAsync>g__Awaited|13_0(ControllerActionInvoker invoker, Task lastTask, State next, Scope scope, Object state, Boolean isCompleted)
   at Microsoft.AspNetCore.Mvc.Infrastructure.ResourceInvoker.<InvokeFilterPipelineAsync>g__Awaited|20_0(ResourceInvoker invoker, Task lastTask, State next, Scope scope, Object state, Boolean isCompleted)
   at Microsoft.AspNetCore.Mvc.Infrastructure.ResourceInvoker.<InvokeAsync>g__Logged|17_1(ResourceInvoker invoker)
   at Microsoft.AspNetCore.Mvc.Infrastructure.ResourceInvoker.<InvokeAsync>g__Logged|17_1(ResourceInvoker invoker)
   at Microsoft.AspNetCore.Routing.EndpointMiddleware.<Invoke>g__AwaitRequestTask|7_0(Endpoint endpoint, Task requestTask, ILogger logger)
   at Microsoft.AspNetCore.Authorization.AuthorizationMiddleware.Invoke(HttpContext context)
   at Microsoft.AspNetCore.Authentication.AuthenticationMiddleware.Invoke(HttpContext context)
   at PelindoCarLoan.API.Middleware.ExceptionMiddleware.InvokeAsync(HttpContext context) in C:\Users\abima\Desktop\Project\Pelindo\pelindo-car-loan\backend\PelindoCarLoan.API\Middleware\ExceptionMiddleware.cs:line 22
2026-01-07 17:33:04.062 +07:00 [INF] Request finished HTTP/1.1 GET http://localhost:5000/api/dashboard - 500 null application/json 25.3947ms
2026-01-07 17:33:21.362 +07:00 [INF] Request starting HTTP/1.1 OPTIONS http://localhost:5000/api/auth/login - null null
2026-01-07 17:33:21.365 +07:00 [INF] CORS policy execution successful.
2026-01-07 17:33:21.366 +07:00 [INF] Request finished HTTP/1.1 OPTIONS http://localhost:5000/api/auth/login - 204 null null 3.4855ms
2026-01-07 17:33:21.368 +07:00 [INF] Request starting HTTP/1.1 POST http://localhost:5000/api/auth/login - application/json 60
2026-01-07 17:33:21.370 +07:00 [INF] CORS policy execution successful.
2026-01-07 17:33:21.371 +07:00 [INF] Executing endpoint 'PelindoCarLoan.API.Controllers.AuthController.Login (PelindoCarLoan.API)'
2026-01-07 17:33:21.371 +07:00 [INF] Route matched with {action = "Login", controller = "Auth"}. Executing controller action with signature System.Threading.Tasks.Task`1[Microsoft.AspNetCore.Mvc.IActionResult] Login(PelindoCarLoan.API.DTOs.LoginRequestDto) on controller PelindoCarLoan.API.Controllers.AuthController (PelindoCarLoan.API).
2026-01-07 17:33:21.373 +07:00 [INF] Login attempt for email: pemohon1@pelindo.co.id
2026-01-07 17:33:21.374 +07:00 [INF] User found: Budi Santoso, PasswordHash length: 60
2026-01-07 17:33:21.504 +07:00 [INF] User logged in successfully: pemohon1@pelindo.co.id
2026-01-07 17:33:21.506 +07:00 [INF] Executing OkObjectResult, writing value of type 'PelindoCarLoan.API.DTOs.ApiResponse`1[[PelindoCarLoan.API.DTOs.LoginResponseDto, PelindoCarLoan.API, Version=1.0.0.0, Culture=neutral, PublicKeyToken=null]]'.
2026-01-07 17:33:21.507 +07:00 [INF] Executed action PelindoCarLoan.API.Controllers.AuthController.Login (PelindoCarLoan.API) in 134.2977ms
2026-01-07 17:33:21.508 +07:00 [INF] Executed endpoint 'PelindoCarLoan.API.Controllers.AuthController.Login (PelindoCarLoan.API)'
2026-01-07 17:33:21.509 +07:00 [INF] Request finished HTTP/1.1 POST http://localhost:5000/api/auth/login - 200 null application/json; charset=utf-8 140.419ms
2026-01-07 17:33:21.516 +07:00 [INF] Request starting HTTP/1.1 OPTIONS http://localhost:5000/api/loanrequests/my-requests - null null
2026-01-07 17:33:21.518 +07:00 [INF] CORS policy execution successful.
2026-01-07 17:33:21.518 +07:00 [INF] Request finished HTTP/1.1 OPTIONS http://localhost:5000/api/loanrequests/my-requests - 204 null null 2.6092ms
2026-01-07 17:33:21.521 +07:00 [INF] Request starting HTTP/1.1 GET http://localhost:5000/api/loanrequests/my-requests - null null
2026-01-07 17:33:21.522 +07:00 [INF] CORS policy execution successful.
2026-01-07 17:33:21.525 +07:00 [INF] Executing endpoint 'PelindoCarLoan.API.Controllers.LoanRequestsController.GetMyRequests (PelindoCarLoan.API)'
2026-01-07 17:33:21.528 +07:00 [INF] Route matched with {action = "GetMyRequests", controller = "LoanRequests"}. Executing controller action with signature System.Threading.Tasks.Task`1[Microsoft.AspNetCore.Mvc.IActionResult] GetMyRequests() on controller PelindoCarLoan.API.Controllers.LoanRequestsController (PelindoCarLoan.API).
2026-01-07 17:33:21.548 +07:00 [INF] Executed action PelindoCarLoan.API.Controllers.LoanRequestsController.GetMyRequests (PelindoCarLoan.API) in 17.7749ms
2026-01-07 17:33:21.550 +07:00 [INF] Executed endpoint 'PelindoCarLoan.API.Controllers.LoanRequestsController.GetMyRequests (PelindoCarLoan.API)'
2026-01-07 17:33:21.551 +07:00 [ERR] An unhandled exception occurred
Oracle.ManagedDataAccess.Client.OracleException (0x80004005): ORA-00904: "U"."ID": invalid identifier
https://docs.oracle.com/error-help/db/ora-00904/
   at Oracle.ManagedDataAccess.Client.OracleCommand.<>c.<ExecuteDbDataReaderAsync>b__213_0(Task`1 result)
   at System.Threading.Tasks.ContinuationResultTaskFromResultTask`2.InnerInvoke()
   at System.Threading.ExecutionContext.RunInternal(ExecutionContext executionContext, ContextCallback callback, Object state)
--- End of stack trace from previous location ---
   at System.Threading.ExecutionContext.RunInternal(ExecutionContext executionContext, ContextCallback callback, Object state)
   at System.Threading.Tasks.Task.ExecuteWithThreadLocal(Task& currentTaskSlot, Thread threadPoolThread)
--- End of stack trace from previous location ---
   at Dapper.SqlMapper.MultiMapAsync[TFirst,TSecond,TThird,TFourth,TFifth,TSixth,TSeventh,TReturn](IDbConnection cnn, CommandDefinition command, Delegate map, String splitOn) in /_/Dapper/SqlMapper.Async.cs:line 940
   at PelindoCarLoan.API.Repositories.LoanRequestRepository.GetAllAsync(Nullable`1 userId, String status) in C:\Users\abima\Desktop\Project\Pelindo\pelindo-car-loan\backend\PelindoCarLoan.API\Repositories\LoanRequestRepository.cs:line 95
   at PelindoCarLoan.API.Services.LoanRequestService.GetMyRequestsAsync(Int32 userId) in C:\Users\abima\Desktop\Project\Pelindo\pelindo-car-loan\backend\PelindoCarLoan.API\Services\LoanRequestService.cs:line 60
   at PelindoCarLoan.API.Controllers.LoanRequestsController.GetMyRequests() in C:\Users\abima\Desktop\Project\Pelindo\pelindo-car-loan\backend\PelindoCarLoan.API\Controllers\LoanRequestsController.cs:line 58
   at Microsoft.AspNetCore.Mvc.Infrastructure.ActionMethodExecutor.TaskOfIActionResultExecutor.Execute(ActionContext actionContext, IActionResultTypeMapper mapper, ObjectMethodExecutor executor, Object controller, Object[] arguments)
   at Microsoft.AspNetCore.Mvc.Infrastructure.ControllerActionInvoker.<InvokeActionMethodAsync>g__Awaited|12_0(ControllerActionInvoker invoker, ValueTask`1 actionResultValueTask)
   at Microsoft.AspNetCore.Mvc.Infrastructure.ControllerActionInvoker.<InvokeNextActionFilterAsync>g__Awaited|10_0(ControllerActionInvoker invoker, Task lastTask, State next, Scope scope, Object state, Boolean isCompleted)
   at Microsoft.AspNetCore.Mvc.Infrastructure.ControllerActionInvoker.Rethrow(ActionExecutedContextSealed context)
   at Microsoft.AspNetCore.Mvc.Infrastructure.ControllerActionInvoker.Next(State& next, Scope& scope, Object& state, Boolean& isCompleted)
   at Microsoft.AspNetCore.Mvc.Infrastructure.ControllerActionInvoker.<InvokeInnerFilterAsync>g__Awaited|13_0(ControllerActionInvoker invoker, Task lastTask, State next, Scope scope, Object state, Boolean isCompleted)
   at Microsoft.AspNetCore.Mvc.Infrastructure.ResourceInvoker.<InvokeFilterPipelineAsync>g__Awaited|20_0(ResourceInvoker invoker, Task lastTask, State next, Scope scope, Object state, Boolean isCompleted)
   at Microsoft.AspNetCore.Mvc.Infrastructure.ResourceInvoker.<InvokeAsync>g__Logged|17_1(ResourceInvoker invoker)
   at Microsoft.AspNetCore.Mvc.Infrastructure.ResourceInvoker.<InvokeAsync>g__Logged|17_1(ResourceInvoker invoker)
   at Microsoft.AspNetCore.Routing.EndpointMiddleware.<Invoke>g__AwaitRequestTask|7_0(Endpoint endpoint, Task requestTask, ILogger logger)
   at Microsoft.AspNetCore.Authorization.AuthorizationMiddleware.Invoke(HttpContext context)
   at Microsoft.AspNetCore.Authentication.AuthenticationMiddleware.Invoke(HttpContext context)
   at PelindoCarLoan.API.Middleware.ExceptionMiddleware.InvokeAsync(HttpContext context) in C:\Users\abima\Desktop\Project\Pelindo\pelindo-car-loan\backend\PelindoCarLoan.API\Middleware\ExceptionMiddleware.cs:line 22
2026-01-07 17:33:21.557 +07:00 [INF] Request finished HTTP/1.1 GET http://localhost:5000/api/loanrequests/my-requests - 500 null application/json 36.4999ms
2026-01-07 17:33:22.562 +07:00 [INF] Request starting HTTP/1.1 GET http://localhost:5000/api/loanrequests/my-requests - null null
2026-01-07 17:33:22.565 +07:00 [INF] CORS policy execution successful.
2026-01-07 17:33:22.566 +07:00 [INF] Executing endpoint 'PelindoCarLoan.API.Controllers.LoanRequestsController.GetMyRequests (PelindoCarLoan.API)'
2026-01-07 17:33:22.567 +07:00 [INF] Route matched with {action = "GetMyRequests", controller = "LoanRequests"}. Executing controller action with signature System.Threading.Tasks.Task`1[Microsoft.AspNetCore.Mvc.IActionResult] GetMyRequests() on controller PelindoCarLoan.API.Controllers.LoanRequestsController (PelindoCarLoan.API).
2026-01-07 17:33:22.571 +07:00 [INF] Executed action PelindoCarLoan.API.Controllers.LoanRequestsController.GetMyRequests (PelindoCarLoan.API) in 2.0838ms
2026-01-07 17:33:22.572 +07:00 [INF] Executed endpoint 'PelindoCarLoan.API.Controllers.LoanRequestsController.GetMyRequests (PelindoCarLoan.API)'
2026-01-07 17:33:22.573 +07:00 [ERR] An unhandled exception occurred
Oracle.ManagedDataAccess.Client.OracleException (0x80004005): ORA-00904: "U"."ID": invalid identifier
https://docs.oracle.com/error-help/db/ora-00904/
   at Oracle.ManagedDataAccess.Client.OracleCommand.<>c.<ExecuteDbDataReaderAsync>b__213_0(Task`1 result)
   at System.Threading.Tasks.ContinuationResultTaskFromResultTask`2.InnerInvoke()
   at System.Threading.ExecutionContext.RunInternal(ExecutionContext executionContext, ContextCallback callback, Object state)
--- End of stack trace from previous location ---
   at System.Threading.ExecutionContext.RunInternal(ExecutionContext executionContext, ContextCallback callback, Object state)
   at System.Threading.Tasks.Task.ExecuteWithThreadLocal(Task& currentTaskSlot, Thread threadPoolThread)
--- End of stack trace from previous location ---
   at Dapper.SqlMapper.MultiMapAsync[TFirst,TSecond,TThird,TFourth,TFifth,TSixth,TSeventh,TReturn](IDbConnection cnn, CommandDefinition command, Delegate map, String splitOn) in /_/Dapper/SqlMapper.Async.cs:line 940
   at PelindoCarLoan.API.Repositories.LoanRequestRepository.GetAllAsync(Nullable`1 userId, String status) in C:\Users\abima\Desktop\Project\Pelindo\pelindo-car-loan\backend\PelindoCarLoan.API\Repositories\LoanRequestRepository.cs:line 95
   at PelindoCarLoan.API.Services.LoanRequestService.GetMyRequestsAsync(Int32 userId) in C:\Users\abima\Desktop\Project\Pelindo\pelindo-car-loan\backend\PelindoCarLoan.API\Services\LoanRequestService.cs:line 60
   at PelindoCarLoan.API.Controllers.LoanRequestsController.GetMyRequests() in C:\Users\abima\Desktop\Project\Pelindo\pelindo-car-loan\backend\PelindoCarLoan.API\Controllers\LoanRequestsController.cs:line 58
   at Microsoft.AspNetCore.Mvc.Infrastructure.ActionMethodExecutor.TaskOfIActionResultExecutor.Execute(ActionContext actionContext, IActionResultTypeMapper mapper, ObjectMethodExecutor executor, Object controller, Object[] arguments)
   at Microsoft.AspNetCore.Mvc.Infrastructure.ControllerActionInvoker.<InvokeActionMethodAsync>g__Awaited|12_0(ControllerActionInvoker invoker, ValueTask`1 actionResultValueTask)
   at Microsoft.AspNetCore.Mvc.Infrastructure.ControllerActionInvoker.<InvokeNextActionFilterAsync>g__Awaited|10_0(ControllerActionInvoker invoker, Task lastTask, State next, Scope scope, Object state, Boolean isCompleted)
   at Microsoft.AspNetCore.Mvc.Infrastructure.ControllerActionInvoker.Rethrow(ActionExecutedContextSealed context)
   at Microsoft.AspNetCore.Mvc.Infrastructure.ControllerActionInvoker.Next(State& next, Scope& scope, Object& state, Boolean& isCompleted)
   at Microsoft.AspNetCore.Mvc.Infrastructure.ControllerActionInvoker.<InvokeInnerFilterAsync>g__Awaited|13_0(ControllerActionInvoker invoker, Task lastTask, State next, Scope scope, Object state, Boolean isCompleted)
   at Microsoft.AspNetCore.Mvc.Infrastructure.ResourceInvoker.<InvokeFilterPipelineAsync>g__Awaited|20_0(ResourceInvoker invoker, Task lastTask, State next, Scope scope, Object state, Boolean isCompleted)
   at Microsoft.AspNetCore.Mvc.Infrastructure.ResourceInvoker.<InvokeAsync>g__Logged|17_1(ResourceInvoker invoker)
   at Microsoft.AspNetCore.Mvc.Infrastructure.ResourceInvoker.<InvokeAsync>g__Logged|17_1(ResourceInvoker invoker)
   at Microsoft.AspNetCore.Routing.EndpointMiddleware.<Invoke>g__AwaitRequestTask|7_0(Endpoint endpoint, Task requestTask, ILogger logger)
   at Microsoft.AspNetCore.Authorization.AuthorizationMiddleware.Invoke(HttpContext context)
   at Microsoft.AspNetCore.Authentication.AuthenticationMiddleware.Invoke(HttpContext context)
   at PelindoCarLoan.API.Middleware.ExceptionMiddleware.InvokeAsync(HttpContext context) in C:\Users\abima\Desktop\Project\Pelindo\pelindo-car-loan\backend\PelindoCarLoan.API\Middleware\ExceptionMiddleware.cs:line 22
2026-01-07 17:33:22.579 +07:00 [INF] Request finished HTTP/1.1 GET http://localhost:5000/api/loanrequests/my-requests - 500 null application/json 17.2193ms
2026-01-07 17:33:29.021 +07:00 [INF] Request starting HTTP/1.1 OPTIONS http://localhost:5000/api/loanrequests/my-requests - null null
2026-01-07 17:33:29.024 +07:00 [INF] CORS policy execution successful.
2026-01-07 17:33:29.025 +07:00 [INF] Request finished HTTP/1.1 OPTIONS http://localhost:5000/api/loanrequests/my-requests - 204 null null 4.1284ms
2026-01-07 17:33:29.029 +07:00 [INF] Request starting HTTP/1.1 GET http://localhost:5000/api/loanrequests/my-requests - null null
2026-01-07 17:33:29.031 +07:00 [INF] CORS policy execution successful.
2026-01-07 17:33:29.032 +07:00 [INF] Executing endpoint 'PelindoCarLoan.API.Controllers.LoanRequestsController.GetMyRequests (PelindoCarLoan.API)'
2026-01-07 17:33:29.033 +07:00 [INF] Route matched with {action = "GetMyRequests", controller = "LoanRequests"}. Executing controller action with signature System.Threading.Tasks.Task`1[Microsoft.AspNetCore.Mvc.IActionResult] GetMyRequests() on controller PelindoCarLoan.API.Controllers.LoanRequestsController (PelindoCarLoan.API).
2026-01-07 17:33:29.038 +07:00 [INF] Executed action PelindoCarLoan.API.Controllers.LoanRequestsController.GetMyRequests (PelindoCarLoan.API) in 3.7776ms
2026-01-07 17:33:29.040 +07:00 [INF] Executed endpoint 'PelindoCarLoan.API.Controllers.LoanRequestsController.GetMyRequests (PelindoCarLoan.API)'
2026-01-07 17:33:29.041 +07:00 [ERR] An unhandled exception occurred
Oracle.ManagedDataAccess.Client.OracleException (0x80004005): ORA-00904: "U"."ID": invalid identifier
https://docs.oracle.com/error-help/db/ora-00904/
   at Oracle.ManagedDataAccess.Client.OracleCommand.<>c.<ExecuteDbDataReaderAsync>b__213_0(Task`1 result)
   at System.Threading.Tasks.ContinuationResultTaskFromResultTask`2.InnerInvoke()
   at System.Threading.ExecutionContext.RunInternal(ExecutionContext executionContext, ContextCallback callback, Object state)
--- End of stack trace from previous location ---
   at System.Threading.ExecutionContext.RunInternal(ExecutionContext executionContext, ContextCallback callback, Object state)
   at System.Threading.Tasks.Task.ExecuteWithThreadLocal(Task& currentTaskSlot, Thread threadPoolThread)
--- End of stack trace from previous location ---
   at Dapper.SqlMapper.MultiMapAsync[TFirst,TSecond,TThird,TFourth,TFifth,TSixth,TSeventh,TReturn](IDbConnection cnn, CommandDefinition command, Delegate map, String splitOn) in /_/Dapper/SqlMapper.Async.cs:line 940
   at PelindoCarLoan.API.Repositories.LoanRequestRepository.GetAllAsync(Nullable`1 userId, String status) in C:\Users\abima\Desktop\Project\Pelindo\pelindo-car-loan\backend\PelindoCarLoan.API\Repositories\LoanRequestRepository.cs:line 95
   at PelindoCarLoan.API.Services.LoanRequestService.GetMyRequestsAsync(Int32 userId) in C:\Users\abima\Desktop\Project\Pelindo\pelindo-car-loan\backend\PelindoCarLoan.API\Services\LoanRequestService.cs:line 60
   at PelindoCarLoan.API.Controllers.LoanRequestsController.GetMyRequests() in C:\Users\abima\Desktop\Project\Pelindo\pelindo-car-loan\backend\PelindoCarLoan.API\Controllers\LoanRequestsController.cs:line 58
   at Microsoft.AspNetCore.Mvc.Infrastructure.ActionMethodExecutor.TaskOfIActionResultExecutor.Execute(ActionContext actionContext, IActionResultTypeMapper mapper, ObjectMethodExecutor executor, Object controller, Object[] arguments)
   at Microsoft.AspNetCore.Mvc.Infrastructure.ControllerActionInvoker.<InvokeActionMethodAsync>g__Awaited|12_0(ControllerActionInvoker invoker, ValueTask`1 actionResultValueTask)
   at Microsoft.AspNetCore.Mvc.Infrastructure.ControllerActionInvoker.<InvokeNextActionFilterAsync>g__Awaited|10_0(ControllerActionInvoker invoker, Task lastTask, State next, Scope scope, Object state, Boolean isCompleted)
   at Microsoft.AspNetCore.Mvc.Infrastructure.ControllerActionInvoker.Rethrow(ActionExecutedContextSealed context)
   at Microsoft.AspNetCore.Mvc.Infrastructure.ControllerActionInvoker.Next(State& next, Scope& scope, Object& state, Boolean& isCompleted)
   at Microsoft.AspNetCore.Mvc.Infrastructure.ControllerActionInvoker.<InvokeInnerFilterAsync>g__Awaited|13_0(ControllerActionInvoker invoker, Task lastTask, State next, Scope scope, Object state, Boolean isCompleted)
   at Microsoft.AspNetCore.Mvc.Infrastructure.ResourceInvoker.<InvokeFilterPipelineAsync>g__Awaited|20_0(ResourceInvoker invoker, Task lastTask, State next, Scope scope, Object state, Boolean isCompleted)
   at Microsoft.AspNetCore.Mvc.Infrastructure.ResourceInvoker.<InvokeAsync>g__Logged|17_1(ResourceInvoker invoker)
   at Microsoft.AspNetCore.Mvc.Infrastructure.ResourceInvoker.<InvokeAsync>g__Logged|17_1(ResourceInvoker invoker)
   at Microsoft.AspNetCore.Routing.EndpointMiddleware.<Invoke>g__AwaitRequestTask|7_0(Endpoint endpoint, Task requestTask, ILogger logger)
   at Microsoft.AspNetCore.Authorization.AuthorizationMiddleware.Invoke(HttpContext context)
   at Microsoft.AspNetCore.Authentication.AuthenticationMiddleware.Invoke(HttpContext context)
   at PelindoCarLoan.API.Middleware.ExceptionMiddleware.InvokeAsync(HttpContext context) in C:\Users\abima\Desktop\Project\Pelindo\pelindo-car-loan\backend\PelindoCarLoan.API\Middleware\ExceptionMiddleware.cs:line 22
2026-01-07 17:33:29.048 +07:00 [INF] Request finished HTTP/1.1 GET http://localhost:5000/api/loanrequests/my-requests - 500 null application/json 19.2761ms
2026-01-07 17:33:30.055 +07:00 [INF] Request starting HTTP/1.1 GET http://localhost:5000/api/loanrequests/my-requests - null null
2026-01-07 17:33:30.060 +07:00 [INF] CORS policy execution successful.
2026-01-07 17:33:30.061 +07:00 [INF] Executing endpoint 'PelindoCarLoan.API.Controllers.LoanRequestsController.GetMyRequests (PelindoCarLoan.API)'
2026-01-07 17:33:30.063 +07:00 [INF] Route matched with {action = "GetMyRequests", controller = "LoanRequests"}. Executing controller action with signature System.Threading.Tasks.Task`1[Microsoft.AspNetCore.Mvc.IActionResult] GetMyRequests() on controller PelindoCarLoan.API.Controllers.LoanRequestsController (PelindoCarLoan.API).
2026-01-07 17:33:30.066 +07:00 [INF] Executed action PelindoCarLoan.API.Controllers.LoanRequestsController.GetMyRequests (PelindoCarLoan.API) in 1.9468ms
2026-01-07 17:33:30.068 +07:00 [INF] Executed endpoint 'PelindoCarLoan.API.Controllers.LoanRequestsController.GetMyRequests (PelindoCarLoan.API)'
2026-01-07 17:33:30.069 +07:00 [ERR] An unhandled exception occurred
Oracle.ManagedDataAccess.Client.OracleException (0x80004005): ORA-00904: "U"."ID": invalid identifier
https://docs.oracle.com/error-help/db/ora-00904/
   at Oracle.ManagedDataAccess.Client.OracleCommand.<>c.<ExecuteDbDataReaderAsync>b__213_0(Task`1 result)
   at System.Threading.Tasks.ContinuationResultTaskFromResultTask`2.InnerInvoke()
   at System.Threading.ExecutionContext.RunInternal(ExecutionContext executionContext, ContextCallback callback, Object state)
--- End of stack trace from previous location ---
   at System.Threading.ExecutionContext.RunInternal(ExecutionContext executionContext, ContextCallback callback, Object state)
   at System.Threading.Tasks.Task.ExecuteWithThreadLocal(Task& currentTaskSlot, Thread threadPoolThread)
--- End of stack trace from previous location ---
   at Dapper.SqlMapper.MultiMapAsync[TFirst,TSecond,TThird,TFourth,TFifth,TSixth,TSeventh,TReturn](IDbConnection cnn, CommandDefinition command, Delegate map, String splitOn) in /_/Dapper/SqlMapper.Async.cs:line 940
   at PelindoCarLoan.API.Repositories.LoanRequestRepository.GetAllAsync(Nullable`1 userId, String status) in C:\Users\abima\Desktop\Project\Pelindo\pelindo-car-loan\backend\PelindoCarLoan.API\Repositories\LoanRequestRepository.cs:line 95
   at PelindoCarLoan.API.Services.LoanRequestService.GetMyRequestsAsync(Int32 userId) in C:\Users\abima\Desktop\Project\Pelindo\pelindo-car-loan\backend\PelindoCarLoan.API\Services\LoanRequestService.cs:line 60
   at PelindoCarLoan.API.Controllers.LoanRequestsController.GetMyRequests() in C:\Users\abima\Desktop\Project\Pelindo\pelindo-car-loan\backend\PelindoCarLoan.API\Controllers\LoanRequestsController.cs:line 58
   at Microsoft.AspNetCore.Mvc.Infrastructure.ActionMethodExecutor.TaskOfIActionResultExecutor.Execute(ActionContext actionContext, IActionResultTypeMapper mapper, ObjectMethodExecutor executor, Object controller, Object[] arguments)
   at Microsoft.AspNetCore.Mvc.Infrastructure.ControllerActionInvoker.<InvokeActionMethodAsync>g__Awaited|12_0(ControllerActionInvoker invoker, ValueTask`1 actionResultValueTask)
   at Microsoft.AspNetCore.Mvc.Infrastructure.ControllerActionInvoker.<InvokeNextActionFilterAsync>g__Awaited|10_0(ControllerActionInvoker invoker, Task lastTask, State next, Scope scope, Object state, Boolean isCompleted)
   at Microsoft.AspNetCore.Mvc.Infrastructure.ControllerActionInvoker.Rethrow(ActionExecutedContextSealed context)
   at Microsoft.AspNetCore.Mvc.Infrastructure.ControllerActionInvoker.Next(State& next, Scope& scope, Object& state, Boolean& isCompleted)
   at Microsoft.AspNetCore.Mvc.Infrastructure.ControllerActionInvoker.<InvokeInnerFilterAsync>g__Awaited|13_0(ControllerActionInvoker invoker, Task lastTask, State next, Scope scope, Object state, Boolean isCompleted)
   at Microsoft.AspNetCore.Mvc.Infrastructure.ResourceInvoker.<InvokeFilterPipelineAsync>g__Awaited|20_0(ResourceInvoker invoker, Task lastTask, State next, Scope scope, Object state, Boolean isCompleted)
   at Microsoft.AspNetCore.Mvc.Infrastructure.ResourceInvoker.<InvokeAsync>g__Logged|17_1(ResourceInvoker invoker)
   at Microsoft.AspNetCore.Mvc.Infrastructure.ResourceInvoker.<InvokeAsync>g__Logged|17_1(ResourceInvoker invoker)
   at Microsoft.AspNetCore.Routing.EndpointMiddleware.<Invoke>g__AwaitRequestTask|7_0(Endpoint endpoint, Task requestTask, ILogger logger)
   at Microsoft.AspNetCore.Authorization.AuthorizationMiddleware.Invoke(HttpContext context)
   at Microsoft.AspNetCore.Authentication.AuthenticationMiddleware.Invoke(HttpContext context)
   at PelindoCarLoan.API.Middleware.ExceptionMiddleware.InvokeAsync(HttpContext context) in C:\Users\abima\Desktop\Project\Pelindo\pelindo-car-loan\backend\PelindoCarLoan.API\Middleware\ExceptionMiddleware.cs:line 22
2026-01-07 17:33:30.075 +07:00 [INF] Request finished HTTP/1.1 GET http://localhost:5000/api/loanrequests/my-requests - 500 null application/json 20.061ms
2026-01-07 17:33:32.524 +07:00 [INF] Request starting HTTP/1.1 GET http://localhost:5000/api/loanrequests/my-requests - null null
2026-01-07 17:33:32.526 +07:00 [INF] CORS policy execution successful.
2026-01-07 17:33:32.528 +07:00 [INF] Executing endpoint 'PelindoCarLoan.API.Controllers.LoanRequestsController.GetMyRequests (PelindoCarLoan.API)'
2026-01-07 17:33:32.529 +07:00 [INF] Route matched with {action = "GetMyRequests", controller = "LoanRequests"}. Executing controller action with signature System.Threading.Tasks.Task`1[Microsoft.AspNetCore.Mvc.IActionResult] GetMyRequests() on controller PelindoCarLoan.API.Controllers.LoanRequestsController (PelindoCarLoan.API).
2026-01-07 17:33:32.533 +07:00 [INF] Executed action PelindoCarLoan.API.Controllers.LoanRequestsController.GetMyRequests (PelindoCarLoan.API) in 2.0836ms
2026-01-07 17:33:32.534 +07:00 [INF] Executed endpoint 'PelindoCarLoan.API.Controllers.LoanRequestsController.GetMyRequests (PelindoCarLoan.API)'
2026-01-07 17:33:32.535 +07:00 [ERR] An unhandled exception occurred
Oracle.ManagedDataAccess.Client.OracleException (0x80004005): ORA-00904: "U"."ID": invalid identifier
https://docs.oracle.com/error-help/db/ora-00904/
   at Oracle.ManagedDataAccess.Client.OracleCommand.<>c.<ExecuteDbDataReaderAsync>b__213_0(Task`1 result)
   at System.Threading.Tasks.ContinuationResultTaskFromResultTask`2.InnerInvoke()
   at System.Threading.ExecutionContext.RunInternal(ExecutionContext executionContext, ContextCallback callback, Object state)
--- End of stack trace from previous location ---
   at System.Threading.ExecutionContext.RunInternal(ExecutionContext executionContext, ContextCallback callback, Object state)
   at System.Threading.Tasks.Task.ExecuteWithThreadLocal(Task& currentTaskSlot, Thread threadPoolThread)
--- End of stack trace from previous location ---
   at Dapper.SqlMapper.MultiMapAsync[TFirst,TSecond,TThird,TFourth,TFifth,TSixth,TSeventh,TReturn](IDbConnection cnn, CommandDefinition command, Delegate map, String splitOn) in /_/Dapper/SqlMapper.Async.cs:line 940
   at PelindoCarLoan.API.Repositories.LoanRequestRepository.GetAllAsync(Nullable`1 userId, String status) in C:\Users\abima\Desktop\Project\Pelindo\pelindo-car-loan\backend\PelindoCarLoan.API\Repositories\LoanRequestRepository.cs:line 95
   at PelindoCarLoan.API.Services.LoanRequestService.GetMyRequestsAsync(Int32 userId) in C:\Users\abima\Desktop\Project\Pelindo\pelindo-car-loan\backend\PelindoCarLoan.API\Services\LoanRequestService.cs:line 60
   at PelindoCarLoan.API.Controllers.LoanRequestsController.GetMyRequests() in C:\Users\abima\Desktop\Project\Pelindo\pelindo-car-loan\backend\PelindoCarLoan.API\Controllers\LoanRequestsController.cs:line 58
   at Microsoft.AspNetCore.Mvc.Infrastructure.ActionMethodExecutor.TaskOfIActionResultExecutor.Execute(ActionContext actionContext, IActionResultTypeMapper mapper, ObjectMethodExecutor executor, Object controller, Object[] arguments)
   at Microsoft.AspNetCore.Mvc.Infrastructure.ControllerActionInvoker.<InvokeActionMethodAsync>g__Awaited|12_0(ControllerActionInvoker invoker, ValueTask`1 actionResultValueTask)
   at Microsoft.AspNetCore.Mvc.Infrastructure.ControllerActionInvoker.<InvokeNextActionFilterAsync>g__Awaited|10_0(ControllerActionInvoker invoker, Task lastTask, State next, Scope scope, Object state, Boolean isCompleted)
   at Microsoft.AspNetCore.Mvc.Infrastructure.ControllerActionInvoker.Rethrow(ActionExecutedContextSealed context)
   at Microsoft.AspNetCore.Mvc.Infrastructure.ControllerActionInvoker.Next(State& next, Scope& scope, Object& state, Boolean& isCompleted)
   at Microsoft.AspNetCore.Mvc.Infrastructure.ControllerActionInvoker.<InvokeInnerFilterAsync>g__Awaited|13_0(ControllerActionInvoker invoker, Task lastTask, State next, Scope scope, Object state, Boolean isCompleted)
   at Microsoft.AspNetCore.Mvc.Infrastructure.ResourceInvoker.<InvokeFilterPipelineAsync>g__Awaited|20_0(ResourceInvoker invoker, Task lastTask, State next, Scope scope, Object state, Boolean isCompleted)
   at Microsoft.AspNetCore.Mvc.Infrastructure.ResourceInvoker.<InvokeAsync>g__Logged|17_1(ResourceInvoker invoker)
   at Microsoft.AspNetCore.Mvc.Infrastructure.ResourceInvoker.<InvokeAsync>g__Logged|17_1(ResourceInvoker invoker)
   at Microsoft.AspNetCore.Routing.EndpointMiddleware.<Invoke>g__AwaitRequestTask|7_0(Endpoint endpoint, Task requestTask, ILogger logger)
   at Microsoft.AspNetCore.Authorization.AuthorizationMiddleware.Invoke(HttpContext context)
   at Microsoft.AspNetCore.Authentication.AuthenticationMiddleware.Invoke(HttpContext context)
   at PelindoCarLoan.API.Middleware.ExceptionMiddleware.InvokeAsync(HttpContext context) in C:\Users\abima\Desktop\Project\Pelindo\pelindo-car-loan\backend\PelindoCarLoan.API\Middleware\ExceptionMiddleware.cs:line 22
2026-01-07 17:33:32.542 +07:00 [INF] Request finished HTTP/1.1 GET http://localhost:5000/api/loanrequests/my-requests - 500 null application/json 17.8113ms
2026-01-07 17:33:33.548 +07:00 [INF] Request starting HTTP/1.1 GET http://localhost:5000/api/loanrequests/my-requests - null null
2026-01-07 17:33:33.550 +07:00 [INF] CORS policy execution successful.
2026-01-07 17:33:33.551 +07:00 [INF] Executing endpoint 'PelindoCarLoan.API.Controllers.LoanRequestsController.GetMyRequests (PelindoCarLoan.API)'
2026-01-07 17:33:33.552 +07:00 [INF] Route matched with {action = "GetMyRequests", controller = "LoanRequests"}. Executing controller action with signature System.Threading.Tasks.Task`1[Microsoft.AspNetCore.Mvc.IActionResult] GetMyRequests() on controller PelindoCarLoan.API.Controllers.LoanRequestsController (PelindoCarLoan.API).
2026-01-07 17:33:33.556 +07:00 [INF] Executed action PelindoCarLoan.API.Controllers.LoanRequestsController.GetMyRequests (PelindoCarLoan.API) in 1.9546ms
2026-01-07 17:33:33.557 +07:00 [INF] Executed endpoint 'PelindoCarLoan.API.Controllers.LoanRequestsController.GetMyRequests (PelindoCarLoan.API)'
2026-01-07 17:33:33.558 +07:00 [ERR] An unhandled exception occurred
Oracle.ManagedDataAccess.Client.OracleException (0x80004005): ORA-00904: "U"."ID": invalid identifier
https://docs.oracle.com/error-help/db/ora-00904/
   at Oracle.ManagedDataAccess.Client.OracleCommand.<>c.<ExecuteDbDataReaderAsync>b__213_0(Task`1 result)
   at System.Threading.Tasks.ContinuationResultTaskFromResultTask`2.InnerInvoke()
   at System.Threading.ExecutionContext.RunInternal(ExecutionContext executionContext, ContextCallback callback, Object state)
--- End of stack trace from previous location ---
   at System.Threading.ExecutionContext.RunInternal(ExecutionContext executionContext, ContextCallback callback, Object state)
   at System.Threading.Tasks.Task.ExecuteWithThreadLocal(Task& currentTaskSlot, Thread threadPoolThread)
--- End of stack trace from previous location ---
   at Dapper.SqlMapper.MultiMapAsync[TFirst,TSecond,TThird,TFourth,TFifth,TSixth,TSeventh,TReturn](IDbConnection cnn, CommandDefinition command, Delegate map, String splitOn) in /_/Dapper/SqlMapper.Async.cs:line 940
   at PelindoCarLoan.API.Repositories.LoanRequestRepository.GetAllAsync(Nullable`1 userId, String status) in C:\Users\abima\Desktop\Project\Pelindo\pelindo-car-loan\backend\PelindoCarLoan.API\Repositories\LoanRequestRepository.cs:line 95
   at PelindoCarLoan.API.Services.LoanRequestService.GetMyRequestsAsync(Int32 userId) in C:\Users\abima\Desktop\Project\Pelindo\pelindo-car-loan\backend\PelindoCarLoan.API\Services\LoanRequestService.cs:line 60
   at PelindoCarLoan.API.Controllers.LoanRequestsController.GetMyRequests() in C:\Users\abima\Desktop\Project\Pelindo\pelindo-car-loan\backend\PelindoCarLoan.API\Controllers\LoanRequestsController.cs:line 58
   at Microsoft.AspNetCore.Mvc.Infrastructure.ActionMethodExecutor.TaskOfIActionResultExecutor.Execute(ActionContext actionContext, IActionResultTypeMapper mapper, ObjectMethodExecutor executor, Object controller, Object[] arguments)
   at Microsoft.AspNetCore.Mvc.Infrastructure.ControllerActionInvoker.<InvokeActionMethodAsync>g__Awaited|12_0(ControllerActionInvoker invoker, ValueTask`1 actionResultValueTask)
   at Microsoft.AspNetCore.Mvc.Infrastructure.ControllerActionInvoker.<InvokeNextActionFilterAsync>g__Awaited|10_0(ControllerActionInvoker invoker, Task lastTask, State next, Scope scope, Object state, Boolean isCompleted)
   at Microsoft.AspNetCore.Mvc.Infrastructure.ControllerActionInvoker.Rethrow(ActionExecutedContextSealed context)
   at Microsoft.AspNetCore.Mvc.Infrastructure.ControllerActionInvoker.Next(State& next, Scope& scope, Object& state, Boolean& isCompleted)
   at Microsoft.AspNetCore.Mvc.Infrastructure.ControllerActionInvoker.<InvokeInnerFilterAsync>g__Awaited|13_0(ControllerActionInvoker invoker, Task lastTask, State next, Scope scope, Object state, Boolean isCompleted)
   at Microsoft.AspNetCore.Mvc.Infrastructure.ResourceInvoker.<InvokeFilterPipelineAsync>g__Awaited|20_0(ResourceInvoker invoker, Task lastTask, State next, Scope scope, Object state, Boolean isCompleted)
   at Microsoft.AspNetCore.Mvc.Infrastructure.ResourceInvoker.<InvokeAsync>g__Logged|17_1(ResourceInvoker invoker)
   at Microsoft.AspNetCore.Mvc.Infrastructure.ResourceInvoker.<InvokeAsync>g__Logged|17_1(ResourceInvoker invoker)
   at Microsoft.AspNetCore.Routing.EndpointMiddleware.<Invoke>g__AwaitRequestTask|7_0(Endpoint endpoint, Task requestTask, ILogger logger)
   at Microsoft.AspNetCore.Authorization.AuthorizationMiddleware.Invoke(HttpContext context)
   at Microsoft.AspNetCore.Authentication.AuthenticationMiddleware.Invoke(HttpContext context)
   at PelindoCarLoan.API.Middleware.ExceptionMiddleware.InvokeAsync(HttpContext context) in C:\Users\abima\Desktop\Project\Pelindo\pelindo-car-loan\backend\PelindoCarLoan.API\Middleware\ExceptionMiddleware.cs:line 22
2026-01-07 17:33:33.564 +07:00 [INF] Request finished HTTP/1.1 GET http://localhost:5000/api/loanrequests/my-requests - 500 null application/json 15.7839ms
2026-01-07 17:33:45.780 +07:00 [INF] Application is shutting down...
2026-01-07 17:35:16.533 +07:00 [INF] Pelindo Car Loan API started successfully
2026-01-07 17:35:16.579 +07:00 [INF] User profile is available. Using 'C:\Users\abima\AppData\Local\ASP.NET\DataProtection-Keys' as key repository and Windows DPAPI to encrypt keys at rest.
2026-01-07 17:35:16.627 +07:00 [INF] Now listening on: http://localhost:5000
2026-01-07 17:35:16.630 +07:00 [INF] Application started. Press Ctrl+C to shut down.
2026-01-07 17:35:16.631 +07:00 [INF] Hosting environment: Production
2026-01-07 17:35:16.632 +07:00 [INF] Content root path: C:\Users\abima\Desktop\Project\Pelindo\pelindo-car-loan\backend\PelindoCarLoan.API
2026-01-07 17:35:16.983 +07:00 [INF] Request starting HTTP/1.1 OPTIONS http://localhost:5000/api/auth/login - null null
2026-01-07 17:35:17.003 +07:00 [INF] CORS policy execution successful.
2026-01-07 17:35:17.009 +07:00 [INF] Request finished HTTP/1.1 OPTIONS http://localhost:5000/api/auth/login - 204 null null 26.4663ms
2026-01-07 17:35:17.016 +07:00 [INF] Request starting HTTP/1.1 POST http://localhost:5000/api/auth/login - application/json 59
2026-01-07 17:35:17.021 +07:00 [INF] CORS policy execution successful.
2026-01-07 17:35:17.022 +07:00 [WRN] Failed to determine the https port for redirect.
2026-01-07 17:35:17.042 +07:00 [INF] Executing endpoint 'PelindoCarLoan.API.Controllers.AuthController.Login (PelindoCarLoan.API)'
2026-01-07 17:35:17.060 +07:00 [INF] Route matched with {action = "Login", controller = "Auth"}. Executing controller action with signature System.Threading.Tasks.Task`1[Microsoft.AspNetCore.Mvc.IActionResult] Login(PelindoCarLoan.API.DTOs.LoginRequestDto) on controller PelindoCarLoan.API.Controllers.AuthController (PelindoCarLoan.API).
2026-01-07 17:35:17.108 +07:00 [INF] Login attempt for email: driver1@pelindo.co.id
2026-01-07 17:35:17.548 +07:00 [INF] User found: Joko Susilo, PasswordHash length: 60
2026-01-07 17:35:17.904 +07:00 [INF] User logged in successfully: driver1@pelindo.co.id
2026-01-07 17:35:17.910 +07:00 [INF] Executing OkObjectResult, writing value of type 'PelindoCarLoan.API.DTOs.ApiResponse`1[[PelindoCarLoan.API.DTOs.LoginResponseDto, PelindoCarLoan.API, Version=1.0.0.0, Culture=neutral, PublicKeyToken=null]]'.
2026-01-07 17:35:17.932 +07:00 [INF] Executed action PelindoCarLoan.API.Controllers.AuthController.Login (PelindoCarLoan.API) in 867.2463ms
2026-01-07 17:35:17.935 +07:00 [INF] Executed endpoint 'PelindoCarLoan.API.Controllers.AuthController.Login (PelindoCarLoan.API)'
2026-01-07 17:35:17.937 +07:00 [INF] Request finished HTTP/1.1 POST http://localhost:5000/api/auth/login - 200 null application/json; charset=utf-8 920.8172ms
2026-01-07 17:35:17.982 +07:00 [INF] Request starting HTTP/1.1 OPTIONS http://localhost:5000/api/schedules/my-schedules - null null
2026-01-07 17:35:17.983 +07:00 [INF] Request starting HTTP/1.1 OPTIONS http://localhost:5000/api/schedules/upcoming - null null
2026-01-07 17:35:17.985 +07:00 [INF] CORS policy execution successful.
2026-01-07 17:35:17.987 +07:00 [INF] Request finished HTTP/1.1 OPTIONS http://localhost:5000/api/schedules/my-schedules - 204 null null 5.9162ms
2026-01-07 17:35:17.988 +07:00 [INF] CORS policy execution successful.
2026-01-07 17:35:17.991 +07:00 [INF] Request starting HTTP/1.1 GET http://localhost:5000/api/schedules/my-schedules - null null
2026-01-07 17:35:17.991 +07:00 [INF] Request finished HTTP/1.1 OPTIONS http://localhost:5000/api/schedules/upcoming - 204 null null 8.8951ms
2026-01-07 17:35:17.993 +07:00 [INF] CORS policy execution successful.
2026-01-07 17:35:17.996 +07:00 [INF] Request starting HTTP/1.1 GET http://localhost:5000/api/schedules/upcoming - null null
2026-01-07 17:35:17.999 +07:00 [INF] CORS policy execution successful.
2026-01-07 17:35:18.028 +07:00 [INF] Executing endpoint 'PelindoCarLoan.API.Controllers.SchedulesController.GetMySchedules (PelindoCarLoan.API)'
2026-01-07 17:35:18.028 +07:00 [INF] Executing endpoint 'PelindoCarLoan.API.Controllers.SchedulesController.GetUpcomingSchedules (PelindoCarLoan.API)'
2026-01-07 17:35:18.032 +07:00 [INF] Route matched with {action = "GetMySchedules", controller = "Schedules"}. Executing controller action with signature System.Threading.Tasks.Task`1[Microsoft.AspNetCore.Mvc.IActionResult] GetMySchedules() on controller PelindoCarLoan.API.Controllers.SchedulesController (PelindoCarLoan.API).
2026-01-07 17:35:18.032 +07:00 [INF] Route matched with {action = "GetUpcomingSchedules", controller = "Schedules"}. Executing controller action with signature System.Threading.Tasks.Task`1[Microsoft.AspNetCore.Mvc.IActionResult] GetUpcomingSchedules() on controller PelindoCarLoan.API.Controllers.SchedulesController (PelindoCarLoan.API).
2026-01-07 17:35:18.077 +07:00 [INF] Executed action PelindoCarLoan.API.Controllers.SchedulesController.GetMySchedules (PelindoCarLoan.API) in 43.5216ms
2026-01-07 17:35:18.079 +07:00 [INF] Executed endpoint 'PelindoCarLoan.API.Controllers.SchedulesController.GetMySchedules (PelindoCarLoan.API)'
2026-01-07 17:35:18.081 +07:00 [ERR] An unhandled exception occurred
Oracle.ManagedDataAccess.Client.OracleException (0x80004005): ORA-00904: "LR"."ID": invalid identifier
https://docs.oracle.com/error-help/db/ora-00904/
   at Oracle.ManagedDataAccess.Client.OracleCommand.<>c.<ExecuteDbDataReaderAsync>b__213_0(Task`1 result)
   at System.Threading.Tasks.ContinuationResultTaskFromResultTask`2.InnerInvoke()
   at System.Threading.ExecutionContext.RunInternal(ExecutionContext executionContext, ContextCallback callback, Object state)
--- End of stack trace from previous location ---
   at System.Threading.ExecutionContext.RunInternal(ExecutionContext executionContext, ContextCallback callback, Object state)
   at System.Threading.Tasks.Task.ExecuteWithThreadLocal(Task& currentTaskSlot, Thread threadPoolThread)
--- End of stack trace from previous location ---
   at Dapper.SqlMapper.MultiMapAsync[TFirst,TSecond,TThird,TFourth,TFifth,TSixth,TSeventh,TReturn](IDbConnection cnn, CommandDefinition command, Delegate map, String splitOn) in /_/Dapper/SqlMapper.Async.cs:line 940
   at PelindoCarLoan.API.Repositories.ScheduleRepository.GetByDriverUserIdAsync(Int32 userId) in C:\Users\abima\Desktop\Project\Pelindo\pelindo-car-loan\backend\PelindoCarLoan.API\Repositories\ScheduleRepository.cs:line 163
   at PelindoCarLoan.API.Services.SchedulingService.GetDriverSchedulesAsync(Int32 userId) in C:\Users\abima\Desktop\Project\Pelindo\pelindo-car-loan\backend\PelindoCarLoan.API\Services\SchedulingService.cs:line 209
   at PelindoCarLoan.API.Controllers.SchedulesController.GetMySchedules() in C:\Users\abima\Desktop\Project\Pelindo\pelindo-car-loan\backend\PelindoCarLoan.API\Controllers\SchedulesController.cs:line 48
   at Microsoft.AspNetCore.Mvc.Infrastructure.ActionMethodExecutor.TaskOfIActionResultExecutor.Execute(ActionContext actionContext, IActionResultTypeMapper mapper, ObjectMethodExecutor executor, Object controller, Object[] arguments)
   at Microsoft.AspNetCore.Mvc.Infrastructure.ControllerActionInvoker.<InvokeActionMethodAsync>g__Awaited|12_0(ControllerActionInvoker invoker, ValueTask`1 actionResultValueTask)
   at Microsoft.AspNetCore.Mvc.Infrastructure.ControllerActionInvoker.<InvokeNextActionFilterAsync>g__Awaited|10_0(ControllerActionInvoker invoker, Task lastTask, State next, Scope scope, Object state, Boolean isCompleted)
   at Microsoft.AspNetCore.Mvc.Infrastructure.ControllerActionInvoker.Rethrow(ActionExecutedContextSealed context)
   at Microsoft.AspNetCore.Mvc.Infrastructure.ControllerActionInvoker.Next(State& next, Scope& scope, Object& state, Boolean& isCompleted)
   at Microsoft.AspNetCore.Mvc.Infrastructure.ControllerActionInvoker.<InvokeInnerFilterAsync>g__Awaited|13_0(ControllerActionInvoker invoker, Task lastTask, State next, Scope scope, Object state, Boolean isCompleted)
   at Microsoft.AspNetCore.Mvc.Infrastructure.ResourceInvoker.<InvokeFilterPipelineAsync>g__Awaited|20_0(ResourceInvoker invoker, Task lastTask, State next, Scope scope, Object state, Boolean isCompleted)
   at Microsoft.AspNetCore.Mvc.Infrastructure.ResourceInvoker.<InvokeAsync>g__Logged|17_1(ResourceInvoker invoker)
   at Microsoft.AspNetCore.Mvc.Infrastructure.ResourceInvoker.<InvokeAsync>g__Logged|17_1(ResourceInvoker invoker)
   at Microsoft.AspNetCore.Routing.EndpointMiddleware.<Invoke>g__AwaitRequestTask|7_0(Endpoint endpoint, Task requestTask, ILogger logger)
   at Microsoft.AspNetCore.Authorization.AuthorizationMiddleware.Invoke(HttpContext context)
   at Microsoft.AspNetCore.Authentication.AuthenticationMiddleware.Invoke(HttpContext context)
   at PelindoCarLoan.API.Middleware.ExceptionMiddleware.InvokeAsync(HttpContext context) in C:\Users\abima\Desktop\Project\Pelindo\pelindo-car-loan\backend\PelindoCarLoan.API\Middleware\ExceptionMiddleware.cs:line 22
2026-01-07 17:35:18.108 +07:00 [INF] Request finished HTTP/1.1 GET http://localhost:5000/api/schedules/my-schedules - 500 null application/json 117.1148ms
2026-01-07 17:35:18.116 +07:00 [INF] Executed action PelindoCarLoan.API.Controllers.SchedulesController.GetUpcomingSchedules (PelindoCarLoan.API) in 80.5985ms
2026-01-07 17:35:18.118 +07:00 [INF] Executed endpoint 'PelindoCarLoan.API.Controllers.SchedulesController.GetUpcomingSchedules (PelindoCarLoan.API)'
2026-01-07 17:35:18.119 +07:00 [ERR] An unhandled exception occurred
Oracle.ManagedDataAccess.Client.OracleException (0x80004005): ORA-00904: "LR"."ID": invalid identifier
https://docs.oracle.com/error-help/db/ora-00904/
   at Oracle.ManagedDataAccess.Client.OracleCommand.<>c.<ExecuteDbDataReaderAsync>b__213_0(Task`1 result)
   at System.Threading.Tasks.ContinuationResultTaskFromResultTask`2.InnerInvoke()
   at System.Threading.ExecutionContext.RunInternal(ExecutionContext executionContext, ContextCallback callback, Object state)
--- End of stack trace from previous location ---
   at System.Threading.ExecutionContext.RunInternal(ExecutionContext executionContext, ContextCallback callback, Object state)
   at System.Threading.Tasks.Task.ExecuteWithThreadLocal(Task& currentTaskSlot, Thread threadPoolThread)
--- End of stack trace from previous location ---
   at Dapper.SqlMapper.MultiMapAsync[TFirst,TSecond,TThird,TFourth,TFifth,TSixth,TSeventh,TReturn](IDbConnection cnn, CommandDefinition command, Delegate map, String splitOn) in /_/Dapper/SqlMapper.Async.cs:line 940
   at PelindoCarLoan.API.Repositories.ScheduleRepository.GetUpcomingByDriverIdAsync(Int32 driverId) in C:\Users\abima\Desktop\Project\Pelindo\pelindo-car-loan\backend\PelindoCarLoan.API\Repositories\ScheduleRepository.cs:line 201
   at PelindoCarLoan.API.Services.SchedulingService.GetUpcomingDriverSchedulesAsync(Int32 userId) in C:\Users\abima\Desktop\Project\Pelindo\pelindo-car-loan\backend\PelindoCarLoan.API\Services\SchedulingService.cs:line 222
   at PelindoCarLoan.API.Controllers.SchedulesController.GetUpcomingSchedules() in C:\Users\abima\Desktop\Project\Pelindo\pelindo-car-loan\backend\PelindoCarLoan.API\Controllers\SchedulesController.cs:line 61
   at Microsoft.AspNetCore.Mvc.Infrastructure.ActionMethodExecutor.TaskOfIActionResultExecutor.Execute(ActionContext actionContext, IActionResultTypeMapper mapper, ObjectMethodExecutor executor, Object controller, Object[] arguments)
   at Microsoft.AspNetCore.Mvc.Infrastructure.ControllerActionInvoker.<InvokeActionMethodAsync>g__Awaited|12_0(ControllerActionInvoker invoker, ValueTask`1 actionResultValueTask)
   at Microsoft.AspNetCore.Mvc.Infrastructure.ControllerActionInvoker.<InvokeNextActionFilterAsync>g__Awaited|10_0(ControllerActionInvoker invoker, Task lastTask, State next, Scope scope, Object state, Boolean isCompleted)
   at Microsoft.AspNetCore.Mvc.Infrastructure.ControllerActionInvoker.Rethrow(ActionExecutedContextSealed context)
   at Microsoft.AspNetCore.Mvc.Infrastructure.ControllerActionInvoker.Next(State& next, Scope& scope, Object& state, Boolean& isCompleted)
   at Microsoft.AspNetCore.Mvc.Infrastructure.ControllerActionInvoker.<InvokeInnerFilterAsync>g__Awaited|13_0(ControllerActionInvoker invoker, Task lastTask, State next, Scope scope, Object state, Boolean isCompleted)
   at Microsoft.AspNetCore.Mvc.Infrastructure.ResourceInvoker.<InvokeFilterPipelineAsync>g__Awaited|20_0(ResourceInvoker invoker, Task lastTask, State next, Scope scope, Object state, Boolean isCompleted)
   at Microsoft.AspNetCore.Mvc.Infrastructure.ResourceInvoker.<InvokeAsync>g__Logged|17_1(ResourceInvoker invoker)
   at Microsoft.AspNetCore.Mvc.Infrastructure.ResourceInvoker.<InvokeAsync>g__Logged|17_1(ResourceInvoker invoker)
   at Microsoft.AspNetCore.Routing.EndpointMiddleware.<Invoke>g__AwaitRequestTask|7_0(Endpoint endpoint, Task requestTask, ILogger logger)
   at Microsoft.AspNetCore.Authorization.AuthorizationMiddleware.Invoke(HttpContext context)
   at Microsoft.AspNetCore.Authentication.AuthenticationMiddleware.Invoke(HttpContext context)
   at PelindoCarLoan.API.Middleware.ExceptionMiddleware.InvokeAsync(HttpContext context) in C:\Users\abima\Desktop\Project\Pelindo\pelindo-car-loan\backend\PelindoCarLoan.API\Middleware\ExceptionMiddleware.cs:line 22
2026-01-07 17:35:18.130 +07:00 [INF] Request finished HTTP/1.1 GET http://localhost:5000/api/schedules/upcoming - 500 null application/json 134.3485ms
2026-01-07 17:35:19.117 +07:00 [INF] Request starting HTTP/1.1 GET http://localhost:5000/api/schedules/my-schedules - null null
2026-01-07 17:35:19.120 +07:00 [INF] CORS policy execution successful.
2026-01-07 17:35:19.123 +07:00 [INF] Executing endpoint 'PelindoCarLoan.API.Controllers.SchedulesController.GetMySchedules (PelindoCarLoan.API)'
2026-01-07 17:35:19.124 +07:00 [INF] Route matched with {action = "GetMySchedules", controller = "Schedules"}. Executing controller action with signature System.Threading.Tasks.Task`1[Microsoft.AspNetCore.Mvc.IActionResult] GetMySchedules() on controller PelindoCarLoan.API.Controllers.SchedulesController (PelindoCarLoan.API).
2026-01-07 17:35:19.131 +07:00 [INF] Executed action PelindoCarLoan.API.Controllers.SchedulesController.GetMySchedules (PelindoCarLoan.API) in 5.5682ms
2026-01-07 17:35:19.132 +07:00 [INF] Executed endpoint 'PelindoCarLoan.API.Controllers.SchedulesController.GetMySchedules (PelindoCarLoan.API)'
2026-01-07 17:35:19.133 +07:00 [ERR] An unhandled exception occurred
Oracle.ManagedDataAccess.Client.OracleException (0x80004005): ORA-00904: "LR"."ID": invalid identifier
https://docs.oracle.com/error-help/db/ora-00904/
   at Oracle.ManagedDataAccess.Client.OracleCommand.<>c.<ExecuteDbDataReaderAsync>b__213_0(Task`1 result)
   at System.Threading.Tasks.ContinuationResultTaskFromResultTask`2.InnerInvoke()
   at System.Threading.ExecutionContext.RunInternal(ExecutionContext executionContext, ContextCallback callback, Object state)
--- End of stack trace from previous location ---
   at System.Threading.ExecutionContext.RunInternal(ExecutionContext executionContext, ContextCallback callback, Object state)
   at System.Threading.Tasks.Task.ExecuteWithThreadLocal(Task& currentTaskSlot, Thread threadPoolThread)
--- End of stack trace from previous location ---
   at Dapper.SqlMapper.MultiMapAsync[TFirst,TSecond,TThird,TFourth,TFifth,TSixth,TSeventh,TReturn](IDbConnection cnn, CommandDefinition command, Delegate map, String splitOn) in /_/Dapper/SqlMapper.Async.cs:line 940
   at PelindoCarLoan.API.Repositories.ScheduleRepository.GetByDriverUserIdAsync(Int32 userId) in C:\Users\abima\Desktop\Project\Pelindo\pelindo-car-loan\backend\PelindoCarLoan.API\Repositories\ScheduleRepository.cs:line 163
   at PelindoCarLoan.API.Services.SchedulingService.GetDriverSchedulesAsync(Int32 userId) in C:\Users\abima\Desktop\Project\Pelindo\pelindo-car-loan\backend\PelindoCarLoan.API\Services\SchedulingService.cs:line 209
   at PelindoCarLoan.API.Controllers.SchedulesController.GetMySchedules() in C:\Users\abima\Desktop\Project\Pelindo\pelindo-car-loan\backend\PelindoCarLoan.API\Controllers\SchedulesController.cs:line 48
   at Microsoft.AspNetCore.Mvc.Infrastructure.ActionMethodExecutor.TaskOfIActionResultExecutor.Execute(ActionContext actionContext, IActionResultTypeMapper mapper, ObjectMethodExecutor executor, Object controller, Object[] arguments)
   at Microsoft.AspNetCore.Mvc.Infrastructure.ControllerActionInvoker.<InvokeActionMethodAsync>g__Awaited|12_0(ControllerActionInvoker invoker, ValueTask`1 actionResultValueTask)
   at Microsoft.AspNetCore.Mvc.Infrastructure.ControllerActionInvoker.<InvokeNextActionFilterAsync>g__Awaited|10_0(ControllerActionInvoker invoker, Task lastTask, State next, Scope scope, Object state, Boolean isCompleted)
   at Microsoft.AspNetCore.Mvc.Infrastructure.ControllerActionInvoker.Rethrow(ActionExecutedContextSealed context)
   at Microsoft.AspNetCore.Mvc.Infrastructure.ControllerActionInvoker.Next(State& next, Scope& scope, Object& state, Boolean& isCompleted)
   at Microsoft.AspNetCore.Mvc.Infrastructure.ControllerActionInvoker.<InvokeInnerFilterAsync>g__Awaited|13_0(ControllerActionInvoker invoker, Task lastTask, State next, Scope scope, Object state, Boolean isCompleted)
   at Microsoft.AspNetCore.Mvc.Infrastructure.ResourceInvoker.<InvokeFilterPipelineAsync>g__Awaited|20_0(ResourceInvoker invoker, Task lastTask, State next, Scope scope, Object state, Boolean isCompleted)
   at Microsoft.AspNetCore.Mvc.Infrastructure.ResourceInvoker.<InvokeAsync>g__Logged|17_1(ResourceInvoker invoker)
   at Microsoft.AspNetCore.Mvc.Infrastructure.ResourceInvoker.<InvokeAsync>g__Logged|17_1(ResourceInvoker invoker)
   at Microsoft.AspNetCore.Routing.EndpointMiddleware.<Invoke>g__AwaitRequestTask|7_0(Endpoint endpoint, Task requestTask, ILogger logger)
   at Microsoft.AspNetCore.Authorization.AuthorizationMiddleware.Invoke(HttpContext context)
   at Microsoft.AspNetCore.Authentication.AuthenticationMiddleware.Invoke(HttpContext context)
   at PelindoCarLoan.API.Middleware.ExceptionMiddleware.InvokeAsync(HttpContext context) in C:\Users\abima\Desktop\Project\Pelindo\pelindo-car-loan\backend\PelindoCarLoan.API\Middleware\ExceptionMiddleware.cs:line 22
2026-01-07 17:35:19.135 +07:00 [INF] Request starting HTTP/1.1 GET http://localhost:5000/api/schedules/upcoming - null null
2026-01-07 17:35:19.141 +07:00 [INF] Request finished HTTP/1.1 GET http://localhost:5000/api/schedules/my-schedules - 500 null application/json 23.9175ms
2026-01-07 17:35:19.141 +07:00 [INF] CORS policy execution successful.
2026-01-07 17:35:19.145 +07:00 [INF] Executing endpoint 'PelindoCarLoan.API.Controllers.SchedulesController.GetUpcomingSchedules (PelindoCarLoan.API)'
2026-01-07 17:35:19.146 +07:00 [INF] Route matched with {action = "GetUpcomingSchedules", controller = "Schedules"}. Executing controller action with signature System.Threading.Tasks.Task`1[Microsoft.AspNetCore.Mvc.IActionResult] GetUpcomingSchedules() on controller PelindoCarLoan.API.Controllers.SchedulesController (PelindoCarLoan.API).
2026-01-07 17:35:19.152 +07:00 [INF] Executed action PelindoCarLoan.API.Controllers.SchedulesController.GetUpcomingSchedules (PelindoCarLoan.API) in 4.7657ms
2026-01-07 17:35:19.153 +07:00 [INF] Executed endpoint 'PelindoCarLoan.API.Controllers.SchedulesController.GetUpcomingSchedules (PelindoCarLoan.API)'
2026-01-07 17:35:19.154 +07:00 [ERR] An unhandled exception occurred
Oracle.ManagedDataAccess.Client.OracleException (0x80004005): ORA-00904: "LR"."ID": invalid identifier
https://docs.oracle.com/error-help/db/ora-00904/
   at Oracle.ManagedDataAccess.Client.OracleCommand.<>c.<ExecuteDbDataReaderAsync>b__213_0(Task`1 result)
   at System.Threading.Tasks.ContinuationResultTaskFromResultTask`2.InnerInvoke()
   at System.Threading.ExecutionContext.RunInternal(ExecutionContext executionContext, ContextCallback callback, Object state)
--- End of stack trace from previous location ---
   at System.Threading.ExecutionContext.RunInternal(ExecutionContext executionContext, ContextCallback callback, Object state)
   at System.Threading.Tasks.Task.ExecuteWithThreadLocal(Task& currentTaskSlot, Thread threadPoolThread)
--- End of stack trace from previous location ---
   at Dapper.SqlMapper.MultiMapAsync[TFirst,TSecond,TThird,TFourth,TFifth,TSixth,TSeventh,TReturn](IDbConnection cnn, CommandDefinition command, Delegate map, String splitOn) in /_/Dapper/SqlMapper.Async.cs:line 940
   at PelindoCarLoan.API.Repositories.ScheduleRepository.GetUpcomingByDriverIdAsync(Int32 driverId) in C:\Users\abima\Desktop\Project\Pelindo\pelindo-car-loan\backend\PelindoCarLoan.API\Repositories\ScheduleRepository.cs:line 201
   at PelindoCarLoan.API.Services.SchedulingService.GetUpcomingDriverSchedulesAsync(Int32 userId) in C:\Users\abima\Desktop\Project\Pelindo\pelindo-car-loan\backend\PelindoCarLoan.API\Services\SchedulingService.cs:line 222
   at PelindoCarLoan.API.Controllers.SchedulesController.GetUpcomingSchedules() in C:\Users\abima\Desktop\Project\Pelindo\pelindo-car-loan\backend\PelindoCarLoan.API\Controllers\SchedulesController.cs:line 61
   at Microsoft.AspNetCore.Mvc.Infrastructure.ActionMethodExecutor.TaskOfIActionResultExecutor.Execute(ActionContext actionContext, IActionResultTypeMapper mapper, ObjectMethodExecutor executor, Object controller, Object[] arguments)
   at Microsoft.AspNetCore.Mvc.Infrastructure.ControllerActionInvoker.<InvokeActionMethodAsync>g__Awaited|12_0(ControllerActionInvoker invoker, ValueTask`1 actionResultValueTask)
   at Microsoft.AspNetCore.Mvc.Infrastructure.ControllerActionInvoker.<InvokeNextActionFilterAsync>g__Awaited|10_0(ControllerActionInvoker invoker, Task lastTask, State next, Scope scope, Object state, Boolean isCompleted)
   at Microsoft.AspNetCore.Mvc.Infrastructure.ControllerActionInvoker.Rethrow(ActionExecutedContextSealed context)
   at Microsoft.AspNetCore.Mvc.Infrastructure.ControllerActionInvoker.Next(State& next, Scope& scope, Object& state, Boolean& isCompleted)
   at Microsoft.AspNetCore.Mvc.Infrastructure.ControllerActionInvoker.<InvokeInnerFilterAsync>g__Awaited|13_0(ControllerActionInvoker invoker, Task lastTask, State next, Scope scope, Object state, Boolean isCompleted)
   at Microsoft.AspNetCore.Mvc.Infrastructure.ResourceInvoker.<InvokeFilterPipelineAsync>g__Awaited|20_0(ResourceInvoker invoker, Task lastTask, State next, Scope scope, Object state, Boolean isCompleted)
   at Microsoft.AspNetCore.Mvc.Infrastructure.ResourceInvoker.<InvokeAsync>g__Logged|17_1(ResourceInvoker invoker)
   at Microsoft.AspNetCore.Mvc.Infrastructure.ResourceInvoker.<InvokeAsync>g__Logged|17_1(ResourceInvoker invoker)
   at Microsoft.AspNetCore.Routing.EndpointMiddleware.<Invoke>g__AwaitRequestTask|7_0(Endpoint endpoint, Task requestTask, ILogger logger)
   at Microsoft.AspNetCore.Authorization.AuthorizationMiddleware.Invoke(HttpContext context)
   at Microsoft.AspNetCore.Authentication.AuthenticationMiddleware.Invoke(HttpContext context)
   at PelindoCarLoan.API.Middleware.ExceptionMiddleware.InvokeAsync(HttpContext context) in C:\Users\abima\Desktop\Project\Pelindo\pelindo-car-loan\backend\PelindoCarLoan.API\Middleware\ExceptionMiddleware.cs:line 22
2026-01-07 17:35:19.162 +07:00 [INF] Request finished HTTP/1.1 GET http://localhost:5000/api/schedules/upcoming - 500 null application/json 27.7511ms
2026-01-07 17:36:51.634 +07:00 [INF] Request starting HTTP/1.1 OPTIONS http://localhost:5000/api/auth/login - null null
2026-01-07 17:36:51.638 +07:00 [INF] CORS policy execution successful.
2026-01-07 17:36:51.639 +07:00 [INF] Request finished HTTP/1.1 OPTIONS http://localhost:5000/api/auth/login - 204 null null 4.7167ms
2026-01-07 17:36:51.642 +07:00 [INF] Request starting HTTP/1.1 POST http://localhost:5000/api/auth/login - application/json 57
2026-01-07 17:36:51.645 +07:00 [INF] CORS policy execution successful.
2026-01-07 17:36:51.646 +07:00 [INF] Executing endpoint 'PelindoCarLoan.API.Controllers.AuthController.Login (PelindoCarLoan.API)'
2026-01-07 17:36:51.647 +07:00 [INF] Route matched with {action = "Login", controller = "Auth"}. Executing controller action with signature System.Threading.Tasks.Task`1[Microsoft.AspNetCore.Mvc.IActionResult] Login(PelindoCarLoan.API.DTOs.LoginRequestDto) on controller PelindoCarLoan.API.Controllers.AuthController (PelindoCarLoan.API).
2026-01-07 17:36:51.652 +07:00 [INF] Login attempt for email: admin@pelindo.co.id
2026-01-07 17:36:51.654 +07:00 [INF] User found: Administrator, PasswordHash length: 60
2026-01-07 17:36:51.924 +07:00 [INF] User logged in successfully: admin@pelindo.co.id
2026-01-07 17:36:51.926 +07:00 [INF] Executing OkObjectResult, writing value of type 'PelindoCarLoan.API.DTOs.ApiResponse`1[[PelindoCarLoan.API.DTOs.LoginResponseDto, PelindoCarLoan.API, Version=1.0.0.0, Culture=neutral, PublicKeyToken=null]]'.
2026-01-07 17:36:51.929 +07:00 [INF] Executed action PelindoCarLoan.API.Controllers.AuthController.Login (PelindoCarLoan.API) in 280.0907ms
2026-01-07 17:36:51.930 +07:00 [INF] Executed endpoint 'PelindoCarLoan.API.Controllers.AuthController.Login (PelindoCarLoan.API)'
2026-01-07 17:36:51.932 +07:00 [INF] Request finished HTTP/1.1 POST http://localhost:5000/api/auth/login - 200 null application/json; charset=utf-8 289.5952ms
2026-01-07 17:36:51.957 +07:00 [INF] Request starting HTTP/1.1 OPTIONS http://localhost:5000/api/dashboard - null null
2026-01-07 17:36:51.961 +07:00 [INF] CORS policy execution successful.
2026-01-07 17:36:51.962 +07:00 [INF] Request finished HTTP/1.1 OPTIONS http://localhost:5000/api/dashboard - 204 null null 4.3614ms
2026-01-07 17:36:51.965 +07:00 [INF] Request starting HTTP/1.1 GET http://localhost:5000/api/dashboard - null null
2026-01-07 17:36:51.967 +07:00 [INF] CORS policy execution successful.
2026-01-07 17:36:51.969 +07:00 [INF] Executing endpoint 'PelindoCarLoan.API.Controllers.DashboardController.GetDashboard (PelindoCarLoan.API)'
2026-01-07 17:36:51.974 +07:00 [INF] Route matched with {action = "GetDashboard", controller = "Dashboard"}. Executing controller action with signature System.Threading.Tasks.Task`1[Microsoft.AspNetCore.Mvc.IActionResult] GetDashboard() on controller PelindoCarLoan.API.Controllers.DashboardController (PelindoCarLoan.API).
2026-01-07 17:36:52.006 +07:00 [INF] Executed action PelindoCarLoan.API.Controllers.DashboardController.GetDashboard (PelindoCarLoan.API) in 29.9962ms
2026-01-07 17:36:52.008 +07:00 [INF] Executed endpoint 'PelindoCarLoan.API.Controllers.DashboardController.GetDashboard (PelindoCarLoan.API)'
2026-01-07 17:36:52.009 +07:00 [ERR] An unhandled exception occurred
Oracle.ManagedDataAccess.Client.OracleException (0x80004005): ORA-00904: "U"."ID": invalid identifier
https://docs.oracle.com/error-help/db/ora-00904/
   at Oracle.ManagedDataAccess.Client.OracleCommand.<>c.<ExecuteDbDataReaderAsync>b__213_0(Task`1 result)
   at System.Threading.Tasks.ContinuationResultTaskFromResultTask`2.InnerInvoke()
   at System.Threading.ExecutionContext.RunInternal(ExecutionContext executionContext, ContextCallback callback, Object state)
--- End of stack trace from previous location ---
   at System.Threading.ExecutionContext.RunInternal(ExecutionContext executionContext, ContextCallback callback, Object state)
   at System.Threading.Tasks.Task.ExecuteWithThreadLocal(Task& currentTaskSlot, Thread threadPoolThread)
--- End of stack trace from previous location ---
   at Dapper.SqlMapper.MultiMapAsync[TFirst,TSecond,TThird,TFourth,TFifth,TSixth,TSeventh,TReturn](IDbConnection cnn, CommandDefinition command, Delegate map, String splitOn) in /_/Dapper/SqlMapper.Async.cs:line 940
   at PelindoCarLoan.API.Repositories.LoanRequestRepository.GetAllAsync(Nullable`1 userId, String status) in C:\Users\abima\Desktop\Project\Pelindo\pelindo-car-loan\backend\PelindoCarLoan.API\Repositories\LoanRequestRepository.cs:line 95
   at PelindoCarLoan.API.Services.DashboardService.GetDashboardAsync(Int32 userId, String role) in C:\Users\abima\Desktop\Project\Pelindo\pelindo-car-loan\backend\PelindoCarLoan.API\Services\DashboardService.cs:line 78
   at PelindoCarLoan.API.Controllers.DashboardController.GetDashboard() in C:\Users\abima\Desktop\Project\Pelindo\pelindo-car-loan\backend\PelindoCarLoan.API\Controllers\DashboardController.cs:line 33
   at Microsoft.AspNetCore.Mvc.Infrastructure.ActionMethodExecutor.TaskOfIActionResultExecutor.Execute(ActionContext actionContext, IActionResultTypeMapper mapper, ObjectMethodExecutor executor, Object controller, Object[] arguments)
   at Microsoft.AspNetCore.Mvc.Infrastructure.ControllerActionInvoker.<InvokeActionMethodAsync>g__Awaited|12_0(ControllerActionInvoker invoker, ValueTask`1 actionResultValueTask)
   at Microsoft.AspNetCore.Mvc.Infrastructure.ControllerActionInvoker.<InvokeNextActionFilterAsync>g__Awaited|10_0(ControllerActionInvoker invoker, Task lastTask, State next, Scope scope, Object state, Boolean isCompleted)
   at Microsoft.AspNetCore.Mvc.Infrastructure.ControllerActionInvoker.Rethrow(ActionExecutedContextSealed context)
   at Microsoft.AspNetCore.Mvc.Infrastructure.ControllerActionInvoker.Next(State& next, Scope& scope, Object& state, Boolean& isCompleted)
   at Microsoft.AspNetCore.Mvc.Infrastructure.ControllerActionInvoker.<InvokeInnerFilterAsync>g__Awaited|13_0(ControllerActionInvoker invoker, Task lastTask, State next, Scope scope, Object state, Boolean isCompleted)
   at Microsoft.AspNetCore.Mvc.Infrastructure.ResourceInvoker.<InvokeFilterPipelineAsync>g__Awaited|20_0(ResourceInvoker invoker, Task lastTask, State next, Scope scope, Object state, Boolean isCompleted)
   at Microsoft.AspNetCore.Mvc.Infrastructure.ResourceInvoker.<InvokeAsync>g__Logged|17_1(ResourceInvoker invoker)
   at Microsoft.AspNetCore.Mvc.Infrastructure.ResourceInvoker.<InvokeAsync>g__Logged|17_1(ResourceInvoker invoker)
   at Microsoft.AspNetCore.Routing.EndpointMiddleware.<Invoke>g__AwaitRequestTask|7_0(Endpoint endpoint, Task requestTask, ILogger logger)
   at Microsoft.AspNetCore.Authorization.AuthorizationMiddleware.Invoke(HttpContext context)
   at Microsoft.AspNetCore.Authentication.AuthenticationMiddleware.Invoke(HttpContext context)
   at PelindoCarLoan.API.Middleware.ExceptionMiddleware.InvokeAsync(HttpContext context) in C:\Users\abima\Desktop\Project\Pelindo\pelindo-car-loan\backend\PelindoCarLoan.API\Middleware\ExceptionMiddleware.cs:line 22
2026-01-07 17:36:52.019 +07:00 [INF] Request finished HTTP/1.1 GET http://localhost:5000/api/dashboard - 500 null application/json 53.7256ms
2026-01-07 17:36:53.026 +07:00 [INF] Request starting HTTP/1.1 GET http://localhost:5000/api/dashboard - null null
2026-01-07 17:36:53.029 +07:00 [INF] CORS policy execution successful.
2026-01-07 17:36:53.030 +07:00 [INF] Executing endpoint 'PelindoCarLoan.API.Controllers.DashboardController.GetDashboard (PelindoCarLoan.API)'
2026-01-07 17:36:53.032 +07:00 [INF] Route matched with {action = "GetDashboard", controller = "Dashboard"}. Executing controller action with signature System.Threading.Tasks.Task`1[Microsoft.AspNetCore.Mvc.IActionResult] GetDashboard() on controller PelindoCarLoan.API.Controllers.DashboardController (PelindoCarLoan.API).
2026-01-07 17:36:53.040 +07:00 [INF] Executed action PelindoCarLoan.API.Controllers.DashboardController.GetDashboard (PelindoCarLoan.API) in 6.58ms
2026-01-07 17:36:53.041 +07:00 [INF] Executed endpoint 'PelindoCarLoan.API.Controllers.DashboardController.GetDashboard (PelindoCarLoan.API)'
2026-01-07 17:36:53.042 +07:00 [ERR] An unhandled exception occurred
Oracle.ManagedDataAccess.Client.OracleException (0x80004005): ORA-00904: "U"."ID": invalid identifier
https://docs.oracle.com/error-help/db/ora-00904/
   at Oracle.ManagedDataAccess.Client.OracleCommand.<>c.<ExecuteDbDataReaderAsync>b__213_0(Task`1 result)
   at System.Threading.Tasks.ContinuationResultTaskFromResultTask`2.InnerInvoke()
   at System.Threading.ExecutionContext.RunInternal(ExecutionContext executionContext, ContextCallback callback, Object state)
--- End of stack trace from previous location ---
   at System.Threading.ExecutionContext.RunInternal(ExecutionContext executionContext, ContextCallback callback, Object state)
   at System.Threading.Tasks.Task.ExecuteWithThreadLocal(Task& currentTaskSlot, Thread threadPoolThread)
--- End of stack trace from previous location ---
   at Dapper.SqlMapper.MultiMapAsync[TFirst,TSecond,TThird,TFourth,TFifth,TSixth,TSeventh,TReturn](IDbConnection cnn, CommandDefinition command, Delegate map, String splitOn) in /_/Dapper/SqlMapper.Async.cs:line 940
   at PelindoCarLoan.API.Repositories.LoanRequestRepository.GetAllAsync(Nullable`1 userId, String status) in C:\Users\abima\Desktop\Project\Pelindo\pelindo-car-loan\backend\PelindoCarLoan.API\Repositories\LoanRequestRepository.cs:line 95
   at PelindoCarLoan.API.Services.DashboardService.GetDashboardAsync(Int32 userId, String role) in C:\Users\abima\Desktop\Project\Pelindo\pelindo-car-loan\backend\PelindoCarLoan.API\Services\DashboardService.cs:line 78
   at PelindoCarLoan.API.Controllers.DashboardController.GetDashboard() in C:\Users\abima\Desktop\Project\Pelindo\pelindo-car-loan\backend\PelindoCarLoan.API\Controllers\DashboardController.cs:line 33
   at Microsoft.AspNetCore.Mvc.Infrastructure.ActionMethodExecutor.TaskOfIActionResultExecutor.Execute(ActionContext actionContext, IActionResultTypeMapper mapper, ObjectMethodExecutor executor, Object controller, Object[] arguments)
   at Microsoft.AspNetCore.Mvc.Infrastructure.ControllerActionInvoker.<InvokeActionMethodAsync>g__Awaited|12_0(ControllerActionInvoker invoker, ValueTask`1 actionResultValueTask)
   at Microsoft.AspNetCore.Mvc.Infrastructure.ControllerActionInvoker.<InvokeNextActionFilterAsync>g__Awaited|10_0(ControllerActionInvoker invoker, Task lastTask, State next, Scope scope, Object state, Boolean isCompleted)
   at Microsoft.AspNetCore.Mvc.Infrastructure.ControllerActionInvoker.Rethrow(ActionExecutedContextSealed context)
   at Microsoft.AspNetCore.Mvc.Infrastructure.ControllerActionInvoker.Next(State& next, Scope& scope, Object& state, Boolean& isCompleted)
   at Microsoft.AspNetCore.Mvc.Infrastructure.ControllerActionInvoker.<InvokeInnerFilterAsync>g__Awaited|13_0(ControllerActionInvoker invoker, Task lastTask, State next, Scope scope, Object state, Boolean isCompleted)
   at Microsoft.AspNetCore.Mvc.Infrastructure.ResourceInvoker.<InvokeFilterPipelineAsync>g__Awaited|20_0(ResourceInvoker invoker, Task lastTask, State next, Scope scope, Object state, Boolean isCompleted)
   at Microsoft.AspNetCore.Mvc.Infrastructure.ResourceInvoker.<InvokeAsync>g__Logged|17_1(ResourceInvoker invoker)
   at Microsoft.AspNetCore.Mvc.Infrastructure.ResourceInvoker.<InvokeAsync>g__Logged|17_1(ResourceInvoker invoker)
   at Microsoft.AspNetCore.Routing.EndpointMiddleware.<Invoke>g__AwaitRequestTask|7_0(Endpoint endpoint, Task requestTask, ILogger logger)
   at Microsoft.AspNetCore.Authorization.AuthorizationMiddleware.Invoke(HttpContext context)
   at Microsoft.AspNetCore.Authentication.AuthenticationMiddleware.Invoke(HttpContext context)
   at PelindoCarLoan.API.Middleware.ExceptionMiddleware.InvokeAsync(HttpContext context) in C:\Users\abima\Desktop\Project\Pelindo\pelindo-car-loan\backend\PelindoCarLoan.API\Middleware\ExceptionMiddleware.cs:line 22
2026-01-07 17:36:53.051 +07:00 [INF] Request finished HTTP/1.1 GET http://localhost:5000/api/dashboard - 500 null application/json 24.5342ms
2026-01-07 17:36:54.772 +07:00 [INF] Request starting HTTP/1.1 OPTIONS http://localhost:5000/api/schedules - null null
2026-01-07 17:36:54.773 +07:00 [INF] Request starting HTTP/1.1 OPTIONS http://localhost:5000/api/schedules/waiting-resources - null null
2026-01-07 17:36:54.781 +07:00 [INF] CORS policy execution successful.
2026-01-07 17:36:54.784 +07:00 [INF] CORS policy execution successful.
2026-01-07 17:36:54.786 +07:00 [INF] Request finished HTTP/1.1 OPTIONS http://localhost:5000/api/schedules - 204 null null 13.2112ms
2026-01-07 17:36:54.787 +07:00 [INF] Request finished HTTP/1.1 OPTIONS http://localhost:5000/api/schedules/waiting-resources - 204 null null 14.2903ms
2026-01-07 17:36:54.794 +07:00 [INF] Request starting HTTP/1.1 GET http://localhost:5000/api/schedules - null null
2026-01-07 17:36:54.800 +07:00 [INF] Request starting HTTP/1.1 GET http://localhost:5000/api/schedules/waiting-resources - null null
2026-01-07 17:36:54.805 +07:00 [INF] CORS policy execution successful.
2026-01-07 17:36:54.808 +07:00 [INF] CORS policy execution successful.
2026-01-07 17:36:54.812 +07:00 [INF] Executing endpoint 'PelindoCarLoan.API.Controllers.SchedulesController.GetAll (PelindoCarLoan.API)'
2026-01-07 17:36:54.812 +07:00 [INF] Executing endpoint 'PelindoCarLoan.API.Controllers.SchedulesController.GetWaitingResources (PelindoCarLoan.API)'
2026-01-07 17:36:54.819 +07:00 [INF] Route matched with {action = "GetAll", controller = "Schedules"}. Executing controller action with signature System.Threading.Tasks.Task`1[Microsoft.AspNetCore.Mvc.IActionResult] GetAll(System.String) on controller PelindoCarLoan.API.Controllers.SchedulesController (PelindoCarLoan.API).
2026-01-07 17:36:54.819 +07:00 [INF] Route matched with {action = "GetWaitingResources", controller = "Schedules"}. Executing controller action with signature System.Threading.Tasks.Task`1[Microsoft.AspNetCore.Mvc.IActionResult] GetWaitingResources() on controller PelindoCarLoan.API.Controllers.SchedulesController (PelindoCarLoan.API).
2026-01-07 17:36:54.831 +07:00 [INF] Executed action PelindoCarLoan.API.Controllers.SchedulesController.GetAll (PelindoCarLoan.API) in 9.3987ms
2026-01-07 17:36:54.833 +07:00 [INF] Executed endpoint 'PelindoCarLoan.API.Controllers.SchedulesController.GetAll (PelindoCarLoan.API)'
2026-01-07 17:36:54.833 +07:00 [INF] Executed action PelindoCarLoan.API.Controllers.SchedulesController.GetWaitingResources (PelindoCarLoan.API) in 5.8134ms
2026-01-07 17:36:54.834 +07:00 [ERR] An unhandled exception occurred
Oracle.ManagedDataAccess.Client.OracleException (0x80004005): ORA-00904: "LR"."ID": invalid identifier
https://docs.oracle.com/error-help/db/ora-00904/
   at Oracle.ManagedDataAccess.Client.OracleCommand.<>c.<ExecuteDbDataReaderAsync>b__213_0(Task`1 result)
   at System.Threading.Tasks.ContinuationResultTaskFromResultTask`2.InnerInvoke()
   at System.Threading.ExecutionContext.RunInternal(ExecutionContext executionContext, ContextCallback callback, Object state)
--- End of stack trace from previous location ---
   at System.Threading.ExecutionContext.RunInternal(ExecutionContext executionContext, ContextCallback callback, Object state)
   at System.Threading.Tasks.Task.ExecuteWithThreadLocal(Task& currentTaskSlot, Thread threadPoolThread)
--- End of stack trace from previous location ---
   at Dapper.SqlMapper.MultiMapAsync[TFirst,TSecond,TThird,TFourth,TFifth,TSixth,TSeventh,TReturn](IDbConnection cnn, CommandDefinition command, Delegate map, String splitOn) in /_/Dapper/SqlMapper.Async.cs:line 940
   at PelindoCarLoan.API.Repositories.ScheduleRepository.GetAllAsync(String status) in C:\Users\abima\Desktop\Project\Pelindo\pelindo-car-loan\backend\PelindoCarLoan.API\Repositories\ScheduleRepository.cs:line 89
   at PelindoCarLoan.API.Services.SchedulingService.GetAllAsync(String status) in C:\Users\abima\Desktop\Project\Pelindo\pelindo-car-loan\backend\PelindoCarLoan.API\Services\SchedulingService.cs:line 203
   at PelindoCarLoan.API.Controllers.SchedulesController.GetAll(String status) in C:\Users\abima\Desktop\Project\Pelindo\pelindo-car-loan\backend\PelindoCarLoan.API\Controllers\SchedulesController.cs:line 35
   at Microsoft.AspNetCore.Mvc.Infrastructure.ActionMethodExecutor.TaskOfIActionResultExecutor.Execute(ActionContext actionContext, IActionResultTypeMapper mapper, ObjectMethodExecutor executor, Object controller, Object[] arguments)
   at Microsoft.AspNetCore.Mvc.Infrastructure.ControllerActionInvoker.<InvokeActionMethodAsync>g__Awaited|12_0(ControllerActionInvoker invoker, ValueTask`1 actionResultValueTask)
   at Microsoft.AspNetCore.Mvc.Infrastructure.ControllerActionInvoker.<InvokeNextActionFilterAsync>g__Awaited|10_0(ControllerActionInvoker invoker, Task lastTask, State next, Scope scope, Object state, Boolean isCompleted)
   at Microsoft.AspNetCore.Mvc.Infrastructure.ControllerActionInvoker.Rethrow(ActionExecutedContextSealed context)
   at Microsoft.AspNetCore.Mvc.Infrastructure.ControllerActionInvoker.Next(State& next, Scope& scope, Object& state, Boolean& isCompleted)
   at Microsoft.AspNetCore.Mvc.Infrastructure.ControllerActionInvoker.<InvokeInnerFilterAsync>g__Awaited|13_0(ControllerActionInvoker invoker, Task lastTask, State next, Scope scope, Object state, Boolean isCompleted)
   at Microsoft.AspNetCore.Mvc.Infrastructure.ResourceInvoker.<InvokeFilterPipelineAsync>g__Awaited|20_0(ResourceInvoker invoker, Task lastTask, State next, Scope scope, Object state, Boolean isCompleted)
   at Microsoft.AspNetCore.Mvc.Infrastructure.ResourceInvoker.<InvokeAsync>g__Logged|17_1(ResourceInvoker invoker)
   at Microsoft.AspNetCore.Mvc.Infrastructure.ResourceInvoker.<InvokeAsync>g__Logged|17_1(ResourceInvoker invoker)
   at Microsoft.AspNetCore.Routing.EndpointMiddleware.<Invoke>g__AwaitRequestTask|7_0(Endpoint endpoint, Task requestTask, ILogger logger)
   at Microsoft.AspNetCore.Authorization.AuthorizationMiddleware.Invoke(HttpContext context)
   at Microsoft.AspNetCore.Authentication.AuthenticationMiddleware.Invoke(HttpContext context)
   at PelindoCarLoan.API.Middleware.ExceptionMiddleware.InvokeAsync(HttpContext context) in C:\Users\abima\Desktop\Project\Pelindo\pelindo-car-loan\backend\PelindoCarLoan.API\Middleware\ExceptionMiddleware.cs:line 22
2026-01-07 17:36:54.836 +07:00 [INF] Executed endpoint 'PelindoCarLoan.API.Controllers.SchedulesController.GetWaitingResources (PelindoCarLoan.API)'
2026-01-07 17:36:54.848 +07:00 [ERR] An unhandled exception occurred
Oracle.ManagedDataAccess.Client.OracleException (0x80004005): ORA-00904: "U"."ID": invalid identifier
https://docs.oracle.com/error-help/db/ora-00904/
   at Oracle.ManagedDataAccess.Client.OracleCommand.<>c.<ExecuteDbDataReaderAsync>b__213_0(Task`1 result)
   at System.Threading.Tasks.ContinuationResultTaskFromResultTask`2.InnerInvoke()
   at System.Threading.ExecutionContext.RunInternal(ExecutionContext executionContext, ContextCallback callback, Object state)
--- End of stack trace from previous location ---
   at System.Threading.ExecutionContext.RunInternal(ExecutionContext executionContext, ContextCallback callback, Object state)
   at System.Threading.Tasks.Task.ExecuteWithThreadLocal(Task& currentTaskSlot, Thread threadPoolThread)
--- End of stack trace from previous location ---
   at Dapper.SqlMapper.MultiMapAsync[TFirst,TSecond,TThird,TFourth,TFifth,TSixth,TSeventh,TReturn](IDbConnection cnn, CommandDefinition command, Delegate map, String splitOn) in /_/Dapper/SqlMapper.Async.cs:line 940
   at PelindoCarLoan.API.Repositories.LoanRequestRepository.GetAllAsync(Nullable`1 userId, String status) in C:\Users\abima\Desktop\Project\Pelindo\pelindo-car-loan\backend\PelindoCarLoan.API\Repositories\LoanRequestRepository.cs:line 95
   at PelindoCarLoan.API.Repositories.LoanRequestRepository.GetByStatusAsync(String status) in C:\Users\abima\Desktop\Project\Pelindo\pelindo-car-loan\backend\PelindoCarLoan.API\Repositories\LoanRequestRepository.cs:line 141
   at PelindoCarLoan.API.Services.SchedulingService.GetWaitingResourceRequestsAsync() in C:\Users\abima\Desktop\Project\Pelindo\pelindo-car-loan\backend\PelindoCarLoan.API\Services\SchedulingService.cs:line 256
   at PelindoCarLoan.API.Controllers.SchedulesController.GetWaitingResources() in C:\Users\abima\Desktop\Project\Pelindo\pelindo-car-loan\backend\PelindoCarLoan.API\Controllers\SchedulesController.cs:line 152
   at Microsoft.AspNetCore.Mvc.Infrastructure.ActionMethodExecutor.TaskOfIActionResultExecutor.Execute(ActionContext actionContext, IActionResultTypeMapper mapper, ObjectMethodExecutor executor, Object controller, Object[] arguments)
   at Microsoft.AspNetCore.Mvc.Infrastructure.ControllerActionInvoker.<InvokeActionMethodAsync>g__Awaited|12_0(ControllerActionInvoker invoker, ValueTask`1 actionResultValueTask)
   at Microsoft.AspNetCore.Mvc.Infrastructure.ControllerActionInvoker.<InvokeNextActionFilterAsync>g__Awaited|10_0(ControllerActionInvoker invoker, Task lastTask, State next, Scope scope, Object state, Boolean isCompleted)
   at Microsoft.AspNetCore.Mvc.Infrastructure.ControllerActionInvoker.Rethrow(ActionExecutedContextSealed context)
   at Microsoft.AspNetCore.Mvc.Infrastructure.ControllerActionInvoker.Next(State& next, Scope& scope, Object& state, Boolean& isCompleted)
   at Microsoft.AspNetCore.Mvc.Infrastructure.ControllerActionInvoker.<InvokeInnerFilterAsync>g__Awaited|13_0(ControllerActionInvoker invoker, Task lastTask, State next, Scope scope, Object state, Boolean isCompleted)
   at Microsoft.AspNetCore.Mvc.Infrastructure.ResourceInvoker.<InvokeFilterPipelineAsync>g__Awaited|20_0(ResourceInvoker invoker, Task lastTask, State next, Scope scope, Object state, Boolean isCompleted)
   at Microsoft.AspNetCore.Mvc.Infrastructure.ResourceInvoker.<InvokeAsync>g__Logged|17_1(ResourceInvoker invoker)
   at Microsoft.AspNetCore.Mvc.Infrastructure.ResourceInvoker.<InvokeAsync>g__Logged|17_1(ResourceInvoker invoker)
   at Microsoft.AspNetCore.Routing.EndpointMiddleware.<Invoke>g__AwaitRequestTask|7_0(Endpoint endpoint, Task requestTask, ILogger logger)
   at Microsoft.AspNetCore.Authorization.AuthorizationMiddleware.Invoke(HttpContext context)
   at Microsoft.AspNetCore.Authentication.AuthenticationMiddleware.Invoke(HttpContext context)
   at PelindoCarLoan.API.Middleware.ExceptionMiddleware.InvokeAsync(HttpContext context) in C:\Users\abima\Desktop\Project\Pelindo\pelindo-car-loan\backend\PelindoCarLoan.API\Middleware\ExceptionMiddleware.cs:line 22
2026-01-07 17:36:54.849 +07:00 [INF] Request finished HTTP/1.1 GET http://localhost:5000/api/schedules - 500 null application/json 54.3011ms
2026-01-07 17:36:54.861 +07:00 [INF] Request finished HTTP/1.1 GET http://localhost:5000/api/schedules/waiting-resources - 500 null application/json 61.2022ms
2026-01-07 17:36:55.412 +07:00 [INF] Request starting HTTP/1.1 OPTIONS http://localhost:5000/api/vehicles - null null
2026-01-07 17:36:55.415 +07:00 [INF] CORS policy execution successful.
2026-01-07 17:36:55.416 +07:00 [INF] Request finished HTTP/1.1 OPTIONS http://localhost:5000/api/vehicles - 204 null null 4.4445ms
2026-01-07 17:36:55.419 +07:00 [INF] Request starting HTTP/1.1 GET http://localhost:5000/api/vehicles - null null
2026-01-07 17:36:55.422 +07:00 [INF] CORS policy execution successful.
2026-01-07 17:36:55.423 +07:00 [INF] Executing endpoint 'PelindoCarLoan.API.Controllers.VehiclesController.GetAll (PelindoCarLoan.API)'
2026-01-07 17:36:55.428 +07:00 [INF] Route matched with {action = "GetAll", controller = "Vehicles"}. Executing controller action with signature System.Threading.Tasks.Task`1[Microsoft.AspNetCore.Mvc.IActionResult] GetAll(System.String) on controller PelindoCarLoan.API.Controllers.VehiclesController (PelindoCarLoan.API).
2026-01-07 17:36:55.457 +07:00 [INF] Executing OkObjectResult, writing value of type 'PelindoCarLoan.API.DTOs.ApiResponse`1[[System.Collections.Generic.IEnumerable`1[[PelindoCarLoan.API.DTOs.VehicleDto, PelindoCarLoan.API, Version=1.0.0.0, Culture=neutral, PublicKeyToken=null]], System.Private.CoreLib, Version=8.0.0.0, Culture=neutral, PublicKeyToken=7cec85d7bea7798e]]'.
2026-01-07 17:36:55.469 +07:00 [INF] Executed action PelindoCarLoan.API.Controllers.VehiclesController.GetAll (PelindoCarLoan.API) in 39.5973ms
2026-01-07 17:36:55.471 +07:00 [INF] Executed endpoint 'PelindoCarLoan.API.Controllers.VehiclesController.GetAll (PelindoCarLoan.API)'
2026-01-07 17:36:55.472 +07:00 [INF] Request finished HTTP/1.1 GET http://localhost:5000/api/vehicles - 200 null application/json; charset=utf-8 52.8988ms
2026-01-07 17:36:56.926 +07:00 [INF] Request starting HTTP/1.1 OPTIONS http://localhost:5000/api/drivers - null null
2026-01-07 17:36:56.930 +07:00 [INF] CORS policy execution successful.
2026-01-07 17:36:56.931 +07:00 [INF] Request finished HTTP/1.1 OPTIONS http://localhost:5000/api/drivers - 204 null null 4.7467ms
2026-01-07 17:36:56.934 +07:00 [INF] Request starting HTTP/1.1 GET http://localhost:5000/api/drivers - null null
2026-01-07 17:36:56.937 +07:00 [INF] CORS policy execution successful.
2026-01-07 17:36:56.938 +07:00 [INF] Executing endpoint 'PelindoCarLoan.API.Controllers.DriversController.GetAll (PelindoCarLoan.API)'
2026-01-07 17:36:56.943 +07:00 [INF] Route matched with {action = "GetAll", controller = "Drivers"}. Executing controller action with signature System.Threading.Tasks.Task`1[Microsoft.AspNetCore.Mvc.IActionResult] GetAll(System.String) on controller PelindoCarLoan.API.Controllers.DriversController (PelindoCarLoan.API).
2026-01-07 17:36:56.986 +07:00 [INF] Executing OkObjectResult, writing value of type 'PelindoCarLoan.API.DTOs.ApiResponse`1[[System.Collections.Generic.IEnumerable`1[[PelindoCarLoan.API.DTOs.DriverDto, PelindoCarLoan.API, Version=1.0.0.0, Culture=neutral, PublicKeyToken=null]], System.Private.CoreLib, Version=8.0.0.0, Culture=neutral, PublicKeyToken=7cec85d7bea7798e]]'.
2026-01-07 17:36:56.996 +07:00 [INF] Executed action PelindoCarLoan.API.Controllers.DriversController.GetAll (PelindoCarLoan.API) in 51.0792ms
2026-01-07 17:36:56.998 +07:00 [INF] Executed endpoint 'PelindoCarLoan.API.Controllers.DriversController.GetAll (PelindoCarLoan.API)'
2026-01-07 17:36:56.999 +07:00 [INF] Request finished HTTP/1.1 GET http://localhost:5000/api/drivers - 200 null application/json; charset=utf-8 64.9092ms
2026-01-07 17:36:58.558 +07:00 [INF] Request starting HTTP/1.1 GET http://localhost:5000/api/schedules/waiting-resources - null null
2026-01-07 17:36:58.558 +07:00 [INF] Request starting HTTP/1.1 GET http://localhost:5000/api/schedules - null null
2026-01-07 17:36:58.562 +07:00 [INF] CORS policy execution successful.
2026-01-07 17:36:58.565 +07:00 [INF] CORS policy execution successful.
2026-01-07 17:36:58.566 +07:00 [INF] Executing endpoint 'PelindoCarLoan.API.Controllers.SchedulesController.GetWaitingResources (PelindoCarLoan.API)'
2026-01-07 17:36:58.567 +07:00 [INF] Executing endpoint 'PelindoCarLoan.API.Controllers.SchedulesController.GetAll (PelindoCarLoan.API)'
2026-01-07 17:36:58.568 +07:00 [INF] Route matched with {action = "GetWaitingResources", controller = "Schedules"}. Executing controller action with signature System.Threading.Tasks.Task`1[Microsoft.AspNetCore.Mvc.IActionResult] GetWaitingResources() on controller PelindoCarLoan.API.Controllers.SchedulesController (PelindoCarLoan.API).
2026-01-07 17:36:58.569 +07:00 [INF] Route matched with {action = "GetAll", controller = "Schedules"}. Executing controller action with signature System.Threading.Tasks.Task`1[Microsoft.AspNetCore.Mvc.IActionResult] GetAll(System.String) on controller PelindoCarLoan.API.Controllers.SchedulesController (PelindoCarLoan.API).
2026-01-07 17:36:58.574 +07:00 [INF] Executed action PelindoCarLoan.API.Controllers.SchedulesController.GetWaitingResources (PelindoCarLoan.API) in 3.7053ms
2026-01-07 17:36:58.576 +07:00 [INF] Executed endpoint 'PelindoCarLoan.API.Controllers.SchedulesController.GetWaitingResources (PelindoCarLoan.API)'
2026-01-07 17:36:58.576 +07:00 [INF] Executed action PelindoCarLoan.API.Controllers.SchedulesController.GetAll (PelindoCarLoan.API) in 4.2664ms
2026-01-07 17:36:58.577 +07:00 [ERR] An unhandled exception occurred
Oracle.ManagedDataAccess.Client.OracleException (0x80004005): ORA-00904: "U"."ID": invalid identifier
https://docs.oracle.com/error-help/db/ora-00904/
   at Oracle.ManagedDataAccess.Client.OracleCommand.<>c.<ExecuteDbDataReaderAsync>b__213_0(Task`1 result)
   at System.Threading.Tasks.ContinuationResultTaskFromResultTask`2.InnerInvoke()
   at System.Threading.ExecutionContext.RunInternal(ExecutionContext executionContext, ContextCallback callback, Object state)
--- End of stack trace from previous location ---
   at System.Threading.ExecutionContext.RunInternal(ExecutionContext executionContext, ContextCallback callback, Object state)
   at System.Threading.Tasks.Task.ExecuteWithThreadLocal(Task& currentTaskSlot, Thread threadPoolThread)
--- End of stack trace from previous location ---
   at Dapper.SqlMapper.MultiMapAsync[TFirst,TSecond,TThird,TFourth,TFifth,TSixth,TSeventh,TReturn](IDbConnection cnn, CommandDefinition command, Delegate map, String splitOn) in /_/Dapper/SqlMapper.Async.cs:line 940
   at PelindoCarLoan.API.Repositories.LoanRequestRepository.GetAllAsync(Nullable`1 userId, String status) in C:\Users\abima\Desktop\Project\Pelindo\pelindo-car-loan\backend\PelindoCarLoan.API\Repositories\LoanRequestRepository.cs:line 95
   at PelindoCarLoan.API.Repositories.LoanRequestRepository.GetByStatusAsync(String status) in C:\Users\abima\Desktop\Project\Pelindo\pelindo-car-loan\backend\PelindoCarLoan.API\Repositories\LoanRequestRepository.cs:line 141
   at PelindoCarLoan.API.Services.SchedulingService.GetWaitingResourceRequestsAsync() in C:\Users\abima\Desktop\Project\Pelindo\pelindo-car-loan\backend\PelindoCarLoan.API\Services\SchedulingService.cs:line 256
   at PelindoCarLoan.API.Controllers.SchedulesController.GetWaitingResources() in C:\Users\abima\Desktop\Project\Pelindo\pelindo-car-loan\backend\PelindoCarLoan.API\Controllers\SchedulesController.cs:line 152
   at Microsoft.AspNetCore.Mvc.Infrastructure.ActionMethodExecutor.TaskOfIActionResultExecutor.Execute(ActionContext actionContext, IActionResultTypeMapper mapper, ObjectMethodExecutor executor, Object controller, Object[] arguments)
   at Microsoft.AspNetCore.Mvc.Infrastructure.ControllerActionInvoker.<InvokeActionMethodAsync>g__Awaited|12_0(ControllerActionInvoker invoker, ValueTask`1 actionResultValueTask)
   at Microsoft.AspNetCore.Mvc.Infrastructure.ControllerActionInvoker.<InvokeNextActionFilterAsync>g__Awaited|10_0(ControllerActionInvoker invoker, Task lastTask, State next, Scope scope, Object state, Boolean isCompleted)
   at Microsoft.AspNetCore.Mvc.Infrastructure.ControllerActionInvoker.Rethrow(ActionExecutedContextSealed context)
   at Microsoft.AspNetCore.Mvc.Infrastructure.ControllerActionInvoker.Next(State& next, Scope& scope, Object& state, Boolean& isCompleted)
   at Microsoft.AspNetCore.Mvc.Infrastructure.ControllerActionInvoker.<InvokeInnerFilterAsync>g__Awaited|13_0(ControllerActionInvoker invoker, Task lastTask, State next, Scope scope, Object state, Boolean isCompleted)
   at Microsoft.AspNetCore.Mvc.Infrastructure.ResourceInvoker.<InvokeFilterPipelineAsync>g__Awaited|20_0(ResourceInvoker invoker, Task lastTask, State next, Scope scope, Object state, Boolean isCompleted)
   at Microsoft.AspNetCore.Mvc.Infrastructure.ResourceInvoker.<InvokeAsync>g__Logged|17_1(ResourceInvoker invoker)
   at Microsoft.AspNetCore.Mvc.Infrastructure.ResourceInvoker.<InvokeAsync>g__Logged|17_1(ResourceInvoker invoker)
   at Microsoft.AspNetCore.Routing.EndpointMiddleware.<Invoke>g__AwaitRequestTask|7_0(Endpoint endpoint, Task requestTask, ILogger logger)
   at Microsoft.AspNetCore.Authorization.AuthorizationMiddleware.Invoke(HttpContext context)
   at Microsoft.AspNetCore.Authentication.AuthenticationMiddleware.Invoke(HttpContext context)
   at PelindoCarLoan.API.Middleware.ExceptionMiddleware.InvokeAsync(HttpContext context) in C:\Users\abima\Desktop\Project\Pelindo\pelindo-car-loan\backend\PelindoCarLoan.API\Middleware\ExceptionMiddleware.cs:line 22
2026-01-07 17:36:58.578 +07:00 [INF] Executed endpoint 'PelindoCarLoan.API.Controllers.SchedulesController.GetAll (PelindoCarLoan.API)'
2026-01-07 17:36:58.585 +07:00 [INF] Request finished HTTP/1.1 GET http://localhost:5000/api/schedules/waiting-resources - 500 null application/json 27.0835ms
2026-01-07 17:36:58.585 +07:00 [ERR] An unhandled exception occurred
Oracle.ManagedDataAccess.Client.OracleException (0x80004005): ORA-00904: "LR"."ID": invalid identifier
https://docs.oracle.com/error-help/db/ora-00904/
   at Oracle.ManagedDataAccess.Client.OracleCommand.<>c.<ExecuteDbDataReaderAsync>b__213_0(Task`1 result)
   at System.Threading.Tasks.ContinuationResultTaskFromResultTask`2.InnerInvoke()
   at System.Threading.ExecutionContext.RunInternal(ExecutionContext executionContext, ContextCallback callback, Object state)
--- End of stack trace from previous location ---
   at System.Threading.ExecutionContext.RunInternal(ExecutionContext executionContext, ContextCallback callback, Object state)
   at System.Threading.Tasks.Task.ExecuteWithThreadLocal(Task& currentTaskSlot, Thread threadPoolThread)
--- End of stack trace from previous location ---
   at Dapper.SqlMapper.MultiMapAsync[TFirst,TSecond,TThird,TFourth,TFifth,TSixth,TSeventh,TReturn](IDbConnection cnn, CommandDefinition command, Delegate map, String splitOn) in /_/Dapper/SqlMapper.Async.cs:line 940
   at PelindoCarLoan.API.Repositories.ScheduleRepository.GetAllAsync(String status) in C:\Users\abima\Desktop\Project\Pelindo\pelindo-car-loan\backend\PelindoCarLoan.API\Repositories\ScheduleRepository.cs:line 89
   at PelindoCarLoan.API.Services.SchedulingService.GetAllAsync(String status) in C:\Users\abima\Desktop\Project\Pelindo\pelindo-car-loan\backend\PelindoCarLoan.API\Services\SchedulingService.cs:line 203
   at PelindoCarLoan.API.Controllers.SchedulesController.GetAll(String status) in C:\Users\abima\Desktop\Project\Pelindo\pelindo-car-loan\backend\PelindoCarLoan.API\Controllers\SchedulesController.cs:line 35
   at Microsoft.AspNetCore.Mvc.Infrastructure.ActionMethodExecutor.TaskOfIActionResultExecutor.Execute(ActionContext actionContext, IActionResultTypeMapper mapper, ObjectMethodExecutor executor, Object controller, Object[] arguments)
   at Microsoft.AspNetCore.Mvc.Infrastructure.ControllerActionInvoker.<InvokeActionMethodAsync>g__Awaited|12_0(ControllerActionInvoker invoker, ValueTask`1 actionResultValueTask)
   at Microsoft.AspNetCore.Mvc.Infrastructure.ControllerActionInvoker.<InvokeNextActionFilterAsync>g__Awaited|10_0(ControllerActionInvoker invoker, Task lastTask, State next, Scope scope, Object state, Boolean isCompleted)
   at Microsoft.AspNetCore.Mvc.Infrastructure.ControllerActionInvoker.Rethrow(ActionExecutedContextSealed context)
   at Microsoft.AspNetCore.Mvc.Infrastructure.ControllerActionInvoker.Next(State& next, Scope& scope, Object& state, Boolean& isCompleted)
   at Microsoft.AspNetCore.Mvc.Infrastructure.ControllerActionInvoker.<InvokeInnerFilterAsync>g__Awaited|13_0(ControllerActionInvoker invoker, Task lastTask, State next, Scope scope, Object state, Boolean isCompleted)
   at Microsoft.AspNetCore.Mvc.Infrastructure.ResourceInvoker.<InvokeFilterPipelineAsync>g__Awaited|20_0(ResourceInvoker invoker, Task lastTask, State next, Scope scope, Object state, Boolean isCompleted)
   at Microsoft.AspNetCore.Mvc.Infrastructure.ResourceInvoker.<InvokeAsync>g__Logged|17_1(ResourceInvoker invoker)
   at Microsoft.AspNetCore.Mvc.Infrastructure.ResourceInvoker.<InvokeAsync>g__Logged|17_1(ResourceInvoker invoker)
   at Microsoft.AspNetCore.Routing.EndpointMiddleware.<Invoke>g__AwaitRequestTask|7_0(Endpoint endpoint, Task requestTask, ILogger logger)
   at Microsoft.AspNetCore.Authorization.AuthorizationMiddleware.Invoke(HttpContext context)
   at Microsoft.AspNetCore.Authentication.AuthenticationMiddleware.Invoke(HttpContext context)
   at PelindoCarLoan.API.Middleware.ExceptionMiddleware.InvokeAsync(HttpContext context) in C:\Users\abima\Desktop\Project\Pelindo\pelindo-car-loan\backend\PelindoCarLoan.API\Middleware\ExceptionMiddleware.cs:line 22
2026-01-07 17:36:58.597 +07:00 [INF] Request finished HTTP/1.1 GET http://localhost:5000/api/schedules - 500 null application/json 38.603ms
2026-01-07 17:37:05.194 +07:00 [INF] Request starting HTTP/1.1 OPTIONS http://localhost:5000/api/schedules - null null
2026-01-07 17:37:05.195 +07:00 [INF] Request starting HTTP/1.1 OPTIONS http://localhost:5000/api/schedules/waiting-resources - null null
2026-01-07 17:37:05.198 +07:00 [INF] CORS policy execution successful.
2026-01-07 17:37:05.201 +07:00 [INF] CORS policy execution successful.
2026-01-07 17:37:05.201 +07:00 [INF] Request finished HTTP/1.1 OPTIONS http://localhost:5000/api/schedules - 204 null null 7.2057ms
2026-01-07 17:37:05.202 +07:00 [INF] Request finished HTTP/1.1 OPTIONS http://localhost:5000/api/schedules/waiting-resources - 204 null null 7.6206ms
2026-01-07 17:37:05.206 +07:00 [INF] Request starting HTTP/1.1 GET http://localhost:5000/api/schedules/waiting-resources - null null
2026-01-07 17:37:05.209 +07:00 [INF] Request starting HTTP/1.1 GET http://localhost:5000/api/schedules - null null
2026-01-07 17:37:05.211 +07:00 [INF] CORS policy execution successful.
2026-01-07 17:37:05.214 +07:00 [INF] CORS policy execution successful.
2026-01-07 17:37:05.215 +07:00 [INF] Executing endpoint 'PelindoCarLoan.API.Controllers.SchedulesController.GetWaitingResources (PelindoCarLoan.API)'
2026-01-07 17:37:05.215 +07:00 [INF] Executing endpoint 'PelindoCarLoan.API.Controllers.SchedulesController.GetAll (PelindoCarLoan.API)'
2026-01-07 17:37:05.216 +07:00 [INF] Route matched with {action = "GetWaitingResources", controller = "Schedules"}. Executing controller action with signature System.Threading.Tasks.Task`1[Microsoft.AspNetCore.Mvc.IActionResult] GetWaitingResources() on controller PelindoCarLoan.API.Controllers.SchedulesController (PelindoCarLoan.API).
2026-01-07 17:37:05.217 +07:00 [INF] Route matched with {action = "GetAll", controller = "Schedules"}. Executing controller action with signature System.Threading.Tasks.Task`1[Microsoft.AspNetCore.Mvc.IActionResult] GetAll(System.String) on controller PelindoCarLoan.API.Controllers.SchedulesController (PelindoCarLoan.API).
2026-01-07 17:37:05.221 +07:00 [INF] Executed action PelindoCarLoan.API.Controllers.SchedulesController.GetWaitingResources (PelindoCarLoan.API) in 3.1073ms
2026-01-07 17:37:05.223 +07:00 [INF] Executed endpoint 'PelindoCarLoan.API.Controllers.SchedulesController.GetWaitingResources (PelindoCarLoan.API)'
2026-01-07 17:37:05.223 +07:00 [INF] Executed action PelindoCarLoan.API.Controllers.SchedulesController.GetAll (PelindoCarLoan.API) in 1.9264ms
2026-01-07 17:37:05.223 +07:00 [ERR] An unhandled exception occurred
Oracle.ManagedDataAccess.Client.OracleException (0x80004005): ORA-00904: "U"."ID": invalid identifier
https://docs.oracle.com/error-help/db/ora-00904/
   at Oracle.ManagedDataAccess.Client.OracleCommand.<>c.<ExecuteDbDataReaderAsync>b__213_0(Task`1 result)
   at System.Threading.Tasks.ContinuationResultTaskFromResultTask`2.InnerInvoke()
   at System.Threading.ExecutionContext.RunInternal(ExecutionContext executionContext, ContextCallback callback, Object state)
--- End of stack trace from previous location ---
   at System.Threading.ExecutionContext.RunInternal(ExecutionContext executionContext, ContextCallback callback, Object state)
   at System.Threading.Tasks.Task.ExecuteWithThreadLocal(Task& currentTaskSlot, Thread threadPoolThread)
--- End of stack trace from previous location ---
   at Dapper.SqlMapper.MultiMapAsync[TFirst,TSecond,TThird,TFourth,TFifth,TSixth,TSeventh,TReturn](IDbConnection cnn, CommandDefinition command, Delegate map, String splitOn) in /_/Dapper/SqlMapper.Async.cs:line 940
   at PelindoCarLoan.API.Repositories.LoanRequestRepository.GetAllAsync(Nullable`1 userId, String status) in C:\Users\abima\Desktop\Project\Pelindo\pelindo-car-loan\backend\PelindoCarLoan.API\Repositories\LoanRequestRepository.cs:line 95
   at PelindoCarLoan.API.Repositories.LoanRequestRepository.GetByStatusAsync(String status) in C:\Users\abima\Desktop\Project\Pelindo\pelindo-car-loan\backend\PelindoCarLoan.API\Repositories\LoanRequestRepository.cs:line 141
   at PelindoCarLoan.API.Services.SchedulingService.GetWaitingResourceRequestsAsync() in C:\Users\abima\Desktop\Project\Pelindo\pelindo-car-loan\backend\PelindoCarLoan.API\Services\SchedulingService.cs:line 256
   at PelindoCarLoan.API.Controllers.SchedulesController.GetWaitingResources() in C:\Users\abima\Desktop\Project\Pelindo\pelindo-car-loan\backend\PelindoCarLoan.API\Controllers\SchedulesController.cs:line 152
   at Microsoft.AspNetCore.Mvc.Infrastructure.ActionMethodExecutor.TaskOfIActionResultExecutor.Execute(ActionContext actionContext, IActionResultTypeMapper mapper, ObjectMethodExecutor executor, Object controller, Object[] arguments)
   at Microsoft.AspNetCore.Mvc.Infrastructure.ControllerActionInvoker.<InvokeActionMethodAsync>g__Awaited|12_0(ControllerActionInvoker invoker, ValueTask`1 actionResultValueTask)
   at Microsoft.AspNetCore.Mvc.Infrastructure.ControllerActionInvoker.<InvokeNextActionFilterAsync>g__Awaited|10_0(ControllerActionInvoker invoker, Task lastTask, State next, Scope scope, Object state, Boolean isCompleted)
   at Microsoft.AspNetCore.Mvc.Infrastructure.ControllerActionInvoker.Rethrow(ActionExecutedContextSealed context)
   at Microsoft.AspNetCore.Mvc.Infrastructure.ControllerActionInvoker.Next(State& next, Scope& scope, Object& state, Boolean& isCompleted)
   at Microsoft.AspNetCore.Mvc.Infrastructure.ControllerActionInvoker.<InvokeInnerFilterAsync>g__Awaited|13_0(ControllerActionInvoker invoker, Task lastTask, State next, Scope scope, Object state, Boolean isCompleted)
   at Microsoft.AspNetCore.Mvc.Infrastructure.ResourceInvoker.<InvokeFilterPipelineAsync>g__Awaited|20_0(ResourceInvoker invoker, Task lastTask, State next, Scope scope, Object state, Boolean isCompleted)
   at Microsoft.AspNetCore.Mvc.Infrastructure.ResourceInvoker.<InvokeAsync>g__Logged|17_1(ResourceInvoker invoker)
   at Microsoft.AspNetCore.Mvc.Infrastructure.ResourceInvoker.<InvokeAsync>g__Logged|17_1(ResourceInvoker invoker)
   at Microsoft.AspNetCore.Routing.EndpointMiddleware.<Invoke>g__AwaitRequestTask|7_0(Endpoint endpoint, Task requestTask, ILogger logger)
   at Microsoft.AspNetCore.Authorization.AuthorizationMiddleware.Invoke(HttpContext context)
   at Microsoft.AspNetCore.Authentication.AuthenticationMiddleware.Invoke(HttpContext context)
   at PelindoCarLoan.API.Middleware.ExceptionMiddleware.InvokeAsync(HttpContext context) in C:\Users\abima\Desktop\Project\Pelindo\pelindo-car-loan\backend\PelindoCarLoan.API\Middleware\ExceptionMiddleware.cs:line 22
2026-01-07 17:37:05.224 +07:00 [INF] Executed endpoint 'PelindoCarLoan.API.Controllers.SchedulesController.GetAll (PelindoCarLoan.API)'
2026-01-07 17:37:05.231 +07:00 [INF] Request finished HTTP/1.1 GET http://localhost:5000/api/schedules/waiting-resources - 500 null application/json 25.2343ms
2026-01-07 17:37:05.231 +07:00 [ERR] An unhandled exception occurred
Oracle.ManagedDataAccess.Client.OracleException (0x80004005): ORA-00904: "LR"."ID": invalid identifier
https://docs.oracle.com/error-help/db/ora-00904/
   at Oracle.ManagedDataAccess.Client.OracleCommand.<>c.<ExecuteDbDataReaderAsync>b__213_0(Task`1 result)
   at System.Threading.Tasks.ContinuationResultTaskFromResultTask`2.InnerInvoke()
   at System.Threading.ExecutionContext.RunInternal(ExecutionContext executionContext, ContextCallback callback, Object state)
--- End of stack trace from previous location ---
   at System.Threading.ExecutionContext.RunInternal(ExecutionContext executionContext, ContextCallback callback, Object state)
   at System.Threading.Tasks.Task.ExecuteWithThreadLocal(Task& currentTaskSlot, Thread threadPoolThread)
--- End of stack trace from previous location ---
   at Dapper.SqlMapper.MultiMapAsync[TFirst,TSecond,TThird,TFourth,TFifth,TSixth,TSeventh,TReturn](IDbConnection cnn, CommandDefinition command, Delegate map, String splitOn) in /_/Dapper/SqlMapper.Async.cs:line 940
   at PelindoCarLoan.API.Repositories.ScheduleRepository.GetAllAsync(String status) in C:\Users\abima\Desktop\Project\Pelindo\pelindo-car-loan\backend\PelindoCarLoan.API\Repositories\ScheduleRepository.cs:line 89
   at PelindoCarLoan.API.Services.SchedulingService.GetAllAsync(String status) in C:\Users\abima\Desktop\Project\Pelindo\pelindo-car-loan\backend\PelindoCarLoan.API\Services\SchedulingService.cs:line 203
   at PelindoCarLoan.API.Controllers.SchedulesController.GetAll(String status) in C:\Users\abima\Desktop\Project\Pelindo\pelindo-car-loan\backend\PelindoCarLoan.API\Controllers\SchedulesController.cs:line 35
   at Microsoft.AspNetCore.Mvc.Infrastructure.ActionMethodExecutor.TaskOfIActionResultExecutor.Execute(ActionContext actionContext, IActionResultTypeMapper mapper, ObjectMethodExecutor executor, Object controller, Object[] arguments)
   at Microsoft.AspNetCore.Mvc.Infrastructure.ControllerActionInvoker.<InvokeActionMethodAsync>g__Awaited|12_0(ControllerActionInvoker invoker, ValueTask`1 actionResultValueTask)
   at Microsoft.AspNetCore.Mvc.Infrastructure.ControllerActionInvoker.<InvokeNextActionFilterAsync>g__Awaited|10_0(ControllerActionInvoker invoker, Task lastTask, State next, Scope scope, Object state, Boolean isCompleted)
   at Microsoft.AspNetCore.Mvc.Infrastructure.ControllerActionInvoker.Rethrow(ActionExecutedContextSealed context)
   at Microsoft.AspNetCore.Mvc.Infrastructure.ControllerActionInvoker.Next(State& next, Scope& scope, Object& state, Boolean& isCompleted)
   at Microsoft.AspNetCore.Mvc.Infrastructure.ControllerActionInvoker.<InvokeInnerFilterAsync>g__Awaited|13_0(ControllerActionInvoker invoker, Task lastTask, State next, Scope scope, Object state, Boolean isCompleted)
   at Microsoft.AspNetCore.Mvc.Infrastructure.ResourceInvoker.<InvokeFilterPipelineAsync>g__Awaited|20_0(ResourceInvoker invoker, Task lastTask, State next, Scope scope, Object state, Boolean isCompleted)
   at Microsoft.AspNetCore.Mvc.Infrastructure.ResourceInvoker.<InvokeAsync>g__Logged|17_1(ResourceInvoker invoker)
   at Microsoft.AspNetCore.Mvc.Infrastructure.ResourceInvoker.<InvokeAsync>g__Logged|17_1(ResourceInvoker invoker)
   at Microsoft.AspNetCore.Routing.EndpointMiddleware.<Invoke>g__AwaitRequestTask|7_0(Endpoint endpoint, Task requestTask, ILogger logger)
   at Microsoft.AspNetCore.Authorization.AuthorizationMiddleware.Invoke(HttpContext context)
   at Microsoft.AspNetCore.Authentication.AuthenticationMiddleware.Invoke(HttpContext context)
   at PelindoCarLoan.API.Middleware.ExceptionMiddleware.InvokeAsync(HttpContext context) in C:\Users\abima\Desktop\Project\Pelindo\pelindo-car-loan\backend\PelindoCarLoan.API\Middleware\ExceptionMiddleware.cs:line 22
2026-01-07 17:37:05.242 +07:00 [INF] Request finished HTTP/1.1 GET http://localhost:5000/api/schedules - 500 null application/json 32.493ms
2026-01-07 17:37:13.274 +07:00 [INF] Request starting HTTP/1.1 OPTIONS http://localhost:5000/api/schedules - null null
2026-01-07 17:37:13.275 +07:00 [INF] Request starting HTTP/1.1 OPTIONS http://localhost:5000/api/schedules/waiting-resources - null null
2026-01-07 17:37:13.277 +07:00 [INF] CORS policy execution successful.
2026-01-07 17:37:13.279 +07:00 [INF] CORS policy execution successful.
2026-01-07 17:37:13.281 +07:00 [INF] Request finished HTTP/1.1 OPTIONS http://localhost:5000/api/schedules - 204 null null 6.7015ms
2026-01-07 17:37:13.281 +07:00 [INF] Request finished HTTP/1.1 OPTIONS http://localhost:5000/api/schedules/waiting-resources - 204 null null 6.4211ms
2026-01-07 17:37:13.286 +07:00 [INF] Request starting HTTP/1.1 GET http://localhost:5000/api/schedules/waiting-resources - null null
2026-01-07 17:37:13.288 +07:00 [INF] Request starting HTTP/1.1 GET http://localhost:5000/api/schedules - null null
2026-01-07 17:37:13.290 +07:00 [INF] CORS policy execution successful.
2026-01-07 17:37:13.292 +07:00 [INF] CORS policy execution successful.
2026-01-07 17:37:13.293 +07:00 [INF] Executing endpoint 'PelindoCarLoan.API.Controllers.SchedulesController.GetWaitingResources (PelindoCarLoan.API)'
2026-01-07 17:37:13.293 +07:00 [INF] Executing endpoint 'PelindoCarLoan.API.Controllers.SchedulesController.GetAll (PelindoCarLoan.API)'
2026-01-07 17:37:13.294 +07:00 [INF] Route matched with {action = "GetWaitingResources", controller = "Schedules"}. Executing controller action with signature System.Threading.Tasks.Task`1[Microsoft.AspNetCore.Mvc.IActionResult] GetWaitingResources() on controller PelindoCarLoan.API.Controllers.SchedulesController (PelindoCarLoan.API).
2026-01-07 17:37:13.295 +07:00 [INF] Route matched with {action = "GetAll", controller = "Schedules"}. Executing controller action with signature System.Threading.Tasks.Task`1[Microsoft.AspNetCore.Mvc.IActionResult] GetAll(System.String) on controller PelindoCarLoan.API.Controllers.SchedulesController (PelindoCarLoan.API).
2026-01-07 17:37:13.298 +07:00 [INF] Executed action PelindoCarLoan.API.Controllers.SchedulesController.GetWaitingResources (PelindoCarLoan.API) in 1.8229ms
2026-01-07 17:37:13.299 +07:00 [INF] Executed endpoint 'PelindoCarLoan.API.Controllers.SchedulesController.GetWaitingResources (PelindoCarLoan.API)'
2026-01-07 17:37:13.299 +07:00 [INF] Executed action PelindoCarLoan.API.Controllers.SchedulesController.GetAll (PelindoCarLoan.API) in 1.4935ms
2026-01-07 17:37:13.300 +07:00 [ERR] An unhandled exception occurred
Oracle.ManagedDataAccess.Client.OracleException (0x80004005): ORA-00904: "U"."ID": invalid identifier
https://docs.oracle.com/error-help/db/ora-00904/
   at Oracle.ManagedDataAccess.Client.OracleCommand.<>c.<ExecuteDbDataReaderAsync>b__213_0(Task`1 result)
   at System.Threading.Tasks.ContinuationResultTaskFromResultTask`2.InnerInvoke()
   at System.Threading.ExecutionContext.RunInternal(ExecutionContext executionContext, ContextCallback callback, Object state)
--- End of stack trace from previous location ---
   at System.Threading.ExecutionContext.RunInternal(ExecutionContext executionContext, ContextCallback callback, Object state)
   at System.Threading.Tasks.Task.ExecuteWithThreadLocal(Task& currentTaskSlot, Thread threadPoolThread)
--- End of stack trace from previous location ---
   at Dapper.SqlMapper.MultiMapAsync[TFirst,TSecond,TThird,TFourth,TFifth,TSixth,TSeventh,TReturn](IDbConnection cnn, CommandDefinition command, Delegate map, String splitOn) in /_/Dapper/SqlMapper.Async.cs:line 940
   at PelindoCarLoan.API.Repositories.LoanRequestRepository.GetAllAsync(Nullable`1 userId, String status) in C:\Users\abima\Desktop\Project\Pelindo\pelindo-car-loan\backend\PelindoCarLoan.API\Repositories\LoanRequestRepository.cs:line 95
   at PelindoCarLoan.API.Repositories.LoanRequestRepository.GetByStatusAsync(String status) in C:\Users\abima\Desktop\Project\Pelindo\pelindo-car-loan\backend\PelindoCarLoan.API\Repositories\LoanRequestRepository.cs:line 141
   at PelindoCarLoan.API.Services.SchedulingService.GetWaitingResourceRequestsAsync() in C:\Users\abima\Desktop\Project\Pelindo\pelindo-car-loan\backend\PelindoCarLoan.API\Services\SchedulingService.cs:line 256
   at PelindoCarLoan.API.Controllers.SchedulesController.GetWaitingResources() in C:\Users\abima\Desktop\Project\Pelindo\pelindo-car-loan\backend\PelindoCarLoan.API\Controllers\SchedulesController.cs:line 152
   at Microsoft.AspNetCore.Mvc.Infrastructure.ActionMethodExecutor.TaskOfIActionResultExecutor.Execute(ActionContext actionContext, IActionResultTypeMapper mapper, ObjectMethodExecutor executor, Object controller, Object[] arguments)
   at Microsoft.AspNetCore.Mvc.Infrastructure.ControllerActionInvoker.<InvokeActionMethodAsync>g__Awaited|12_0(ControllerActionInvoker invoker, ValueTask`1 actionResultValueTask)
   at Microsoft.AspNetCore.Mvc.Infrastructure.ControllerActionInvoker.<InvokeNextActionFilterAsync>g__Awaited|10_0(ControllerActionInvoker invoker, Task lastTask, State next, Scope scope, Object state, Boolean isCompleted)
   at Microsoft.AspNetCore.Mvc.Infrastructure.ControllerActionInvoker.Rethrow(ActionExecutedContextSealed context)
   at Microsoft.AspNetCore.Mvc.Infrastructure.ControllerActionInvoker.Next(State& next, Scope& scope, Object& state, Boolean& isCompleted)
   at Microsoft.AspNetCore.Mvc.Infrastructure.ControllerActionInvoker.<InvokeInnerFilterAsync>g__Awaited|13_0(ControllerActionInvoker invoker, Task lastTask, State next, Scope scope, Object state, Boolean isCompleted)
   at Microsoft.AspNetCore.Mvc.Infrastructure.ResourceInvoker.<InvokeFilterPipelineAsync>g__Awaited|20_0(ResourceInvoker invoker, Task lastTask, State next, Scope scope, Object state, Boolean isCompleted)
   at Microsoft.AspNetCore.Mvc.Infrastructure.ResourceInvoker.<InvokeAsync>g__Logged|17_1(ResourceInvoker invoker)
   at Microsoft.AspNetCore.Mvc.Infrastructure.ResourceInvoker.<InvokeAsync>g__Logged|17_1(ResourceInvoker invoker)
   at Microsoft.AspNetCore.Routing.EndpointMiddleware.<Invoke>g__AwaitRequestTask|7_0(Endpoint endpoint, Task requestTask, ILogger logger)
   at Microsoft.AspNetCore.Authorization.AuthorizationMiddleware.Invoke(HttpContext context)
   at Microsoft.AspNetCore.Authentication.AuthenticationMiddleware.Invoke(HttpContext context)
   at PelindoCarLoan.API.Middleware.ExceptionMiddleware.InvokeAsync(HttpContext context) in C:\Users\abima\Desktop\Project\Pelindo\pelindo-car-loan\backend\PelindoCarLoan.API\Middleware\ExceptionMiddleware.cs:line 22
2026-01-07 17:37:13.300 +07:00 [INF] Executed endpoint 'PelindoCarLoan.API.Controllers.SchedulesController.GetAll (PelindoCarLoan.API)'
2026-01-07 17:37:13.307 +07:00 [ERR] An unhandled exception occurred
Oracle.ManagedDataAccess.Client.OracleException (0x80004005): ORA-00904: "LR"."ID": invalid identifier
https://docs.oracle.com/error-help/db/ora-00904/
   at Oracle.ManagedDataAccess.Client.OracleCommand.<>c.<ExecuteDbDataReaderAsync>b__213_0(Task`1 result)
   at System.Threading.Tasks.ContinuationResultTaskFromResultTask`2.InnerInvoke()
   at System.Threading.ExecutionContext.RunInternal(ExecutionContext executionContext, ContextCallback callback, Object state)
--- End of stack trace from previous location ---
   at System.Threading.ExecutionContext.RunInternal(ExecutionContext executionContext, ContextCallback callback, Object state)
   at System.Threading.Tasks.Task.ExecuteWithThreadLocal(Task& currentTaskSlot, Thread threadPoolThread)
--- End of stack trace from previous location ---
   at Dapper.SqlMapper.MultiMapAsync[TFirst,TSecond,TThird,TFourth,TFifth,TSixth,TSeventh,TReturn](IDbConnection cnn, CommandDefinition command, Delegate map, String splitOn) in /_/Dapper/SqlMapper.Async.cs:line 940
   at PelindoCarLoan.API.Repositories.ScheduleRepository.GetAllAsync(String status) in C:\Users\abima\Desktop\Project\Pelindo\pelindo-car-loan\backend\PelindoCarLoan.API\Repositories\ScheduleRepository.cs:line 89
   at PelindoCarLoan.API.Services.SchedulingService.GetAllAsync(String status) in C:\Users\abima\Desktop\Project\Pelindo\pelindo-car-loan\backend\PelindoCarLoan.API\Services\SchedulingService.cs:line 203
   at PelindoCarLoan.API.Controllers.SchedulesController.GetAll(String status) in C:\Users\abima\Desktop\Project\Pelindo\pelindo-car-loan\backend\PelindoCarLoan.API\Controllers\SchedulesController.cs:line 35
   at Microsoft.AspNetCore.Mvc.Infrastructure.ActionMethodExecutor.TaskOfIActionResultExecutor.Execute(ActionContext actionContext, IActionResultTypeMapper mapper, ObjectMethodExecutor executor, Object controller, Object[] arguments)
   at Microsoft.AspNetCore.Mvc.Infrastructure.ControllerActionInvoker.<InvokeActionMethodAsync>g__Awaited|12_0(ControllerActionInvoker invoker, ValueTask`1 actionResultValueTask)
   at Microsoft.AspNetCore.Mvc.Infrastructure.ControllerActionInvoker.<InvokeNextActionFilterAsync>g__Awaited|10_0(ControllerActionInvoker invoker, Task lastTask, State next, Scope scope, Object state, Boolean isCompleted)
   at Microsoft.AspNetCore.Mvc.Infrastructure.ControllerActionInvoker.Rethrow(ActionExecutedContextSealed context)
   at Microsoft.AspNetCore.Mvc.Infrastructure.ControllerActionInvoker.Next(State& next, Scope& scope, Object& state, Boolean& isCompleted)
   at Microsoft.AspNetCore.Mvc.Infrastructure.ControllerActionInvoker.<InvokeInnerFilterAsync>g__Awaited|13_0(ControllerActionInvoker invoker, Task lastTask, State next, Scope scope, Object state, Boolean isCompleted)
   at Microsoft.AspNetCore.Mvc.Infrastructure.ResourceInvoker.<InvokeFilterPipelineAsync>g__Awaited|20_0(ResourceInvoker invoker, Task lastTask, State next, Scope scope, Object state, Boolean isCompleted)
   at Microsoft.AspNetCore.Mvc.Infrastructure.ResourceInvoker.<InvokeAsync>g__Logged|17_1(ResourceInvoker invoker)
   at Microsoft.AspNetCore.Mvc.Infrastructure.ResourceInvoker.<InvokeAsync>g__Logged|17_1(ResourceInvoker invoker)
   at Microsoft.AspNetCore.Routing.EndpointMiddleware.<Invoke>g__AwaitRequestTask|7_0(Endpoint endpoint, Task requestTask, ILogger logger)
   at Microsoft.AspNetCore.Authorization.AuthorizationMiddleware.Invoke(HttpContext context)
   at Microsoft.AspNetCore.Authentication.AuthenticationMiddleware.Invoke(HttpContext context)
   at PelindoCarLoan.API.Middleware.ExceptionMiddleware.InvokeAsync(HttpContext context) in C:\Users\abima\Desktop\Project\Pelindo\pelindo-car-loan\backend\PelindoCarLoan.API\Middleware\ExceptionMiddleware.cs:line 22
2026-01-07 17:37:13.307 +07:00 [INF] Request finished HTTP/1.1 GET http://localhost:5000/api/schedules/waiting-resources - 500 null application/json 21.4794ms
2026-01-07 17:37:13.314 +07:00 [INF] Request finished HTTP/1.1 GET http://localhost:5000/api/schedules - 500 null application/json 25.3196ms
2026-01-07 17:37:23.915 +07:00 [INF] Request starting HTTP/1.1 OPTIONS http://localhost:5000/api/schedules - null null
2026-01-07 17:37:23.915 +07:00 [INF] Request starting HTTP/1.1 OPTIONS http://localhost:5000/api/schedules/waiting-resources - null null
2026-01-07 17:37:23.919 +07:00 [INF] CORS policy execution successful.
2026-01-07 17:37:23.922 +07:00 [INF] CORS policy execution successful.
2026-01-07 17:37:23.923 +07:00 [INF] Request finished HTTP/1.1 OPTIONS http://localhost:5000/api/schedules - 204 null null 8.0355ms
2026-01-07 17:37:23.924 +07:00 [INF] Request finished HTTP/1.1 OPTIONS http://localhost:5000/api/schedules/waiting-resources - 204 null null 8.5946ms
2026-01-07 17:37:23.928 +07:00 [INF] Request starting HTTP/1.1 GET http://localhost:5000/api/schedules/waiting-resources - null null
2026-01-07 17:37:23.931 +07:00 [INF] Request starting HTTP/1.1 GET http://localhost:5000/api/schedules - null null
2026-01-07 17:37:23.934 +07:00 [INF] CORS policy execution successful.
2026-01-07 17:37:23.936 +07:00 [INF] CORS policy execution successful.
2026-01-07 17:37:23.937 +07:00 [INF] Executing endpoint 'PelindoCarLoan.API.Controllers.SchedulesController.GetWaitingResources (PelindoCarLoan.API)'
2026-01-07 17:37:23.938 +07:00 [INF] Executing endpoint 'PelindoCarLoan.API.Controllers.SchedulesController.GetAll (PelindoCarLoan.API)'
2026-01-07 17:37:23.939 +07:00 [INF] Route matched with {action = "GetWaitingResources", controller = "Schedules"}. Executing controller action with signature System.Threading.Tasks.Task`1[Microsoft.AspNetCore.Mvc.IActionResult] GetWaitingResources() on controller PelindoCarLoan.API.Controllers.SchedulesController (PelindoCarLoan.API).
2026-01-07 17:37:23.939 +07:00 [INF] Route matched with {action = "GetAll", controller = "Schedules"}. Executing controller action with signature System.Threading.Tasks.Task`1[Microsoft.AspNetCore.Mvc.IActionResult] GetAll(System.String) on controller PelindoCarLoan.API.Controllers.SchedulesController (PelindoCarLoan.API).
2026-01-07 17:37:23.944 +07:00 [INF] Executed action PelindoCarLoan.API.Controllers.SchedulesController.GetWaitingResources (PelindoCarLoan.API) in 2.589ms
2026-01-07 17:37:23.945 +07:00 [INF] Executed endpoint 'PelindoCarLoan.API.Controllers.SchedulesController.GetWaitingResources (PelindoCarLoan.API)'
2026-01-07 17:37:23.946 +07:00 [INF] Executed action PelindoCarLoan.API.Controllers.SchedulesController.GetAll (PelindoCarLoan.API) in 1.9346ms
2026-01-07 17:37:23.947 +07:00 [ERR] An unhandled exception occurred
Oracle.ManagedDataAccess.Client.OracleException (0x80004005): ORA-00904: "U"."ID": invalid identifier
https://docs.oracle.com/error-help/db/ora-00904/
   at Oracle.ManagedDataAccess.Client.OracleCommand.<>c.<ExecuteDbDataReaderAsync>b__213_0(Task`1 result)
   at System.Threading.Tasks.ContinuationResultTaskFromResultTask`2.InnerInvoke()
   at System.Threading.ExecutionContext.RunInternal(ExecutionContext executionContext, ContextCallback callback, Object state)
--- End of stack trace from previous location ---
   at System.Threading.ExecutionContext.RunInternal(ExecutionContext executionContext, ContextCallback callback, Object state)
   at System.Threading.Tasks.Task.ExecuteWithThreadLocal(Task& currentTaskSlot, Thread threadPoolThread)
--- End of stack trace from previous location ---
   at Dapper.SqlMapper.MultiMapAsync[TFirst,TSecond,TThird,TFourth,TFifth,TSixth,TSeventh,TReturn](IDbConnection cnn, CommandDefinition command, Delegate map, String splitOn) in /_/Dapper/SqlMapper.Async.cs:line 940
   at PelindoCarLoan.API.Repositories.LoanRequestRepository.GetAllAsync(Nullable`1 userId, String status) in C:\Users\abima\Desktop\Project\Pelindo\pelindo-car-loan\backend\PelindoCarLoan.API\Repositories\LoanRequestRepository.cs:line 95
   at PelindoCarLoan.API.Repositories.LoanRequestRepository.GetByStatusAsync(String status) in C:\Users\abima\Desktop\Project\Pelindo\pelindo-car-loan\backend\PelindoCarLoan.API\Repositories\LoanRequestRepository.cs:line 141
   at PelindoCarLoan.API.Services.SchedulingService.GetWaitingResourceRequestsAsync() in C:\Users\abima\Desktop\Project\Pelindo\pelindo-car-loan\backend\PelindoCarLoan.API\Services\SchedulingService.cs:line 256
   at PelindoCarLoan.API.Controllers.SchedulesController.GetWaitingResources() in C:\Users\abima\Desktop\Project\Pelindo\pelindo-car-loan\backend\PelindoCarLoan.API\Controllers\SchedulesController.cs:line 152
   at Microsoft.AspNetCore.Mvc.Infrastructure.ActionMethodExecutor.TaskOfIActionResultExecutor.Execute(ActionContext actionContext, IActionResultTypeMapper mapper, ObjectMethodExecutor executor, Object controller, Object[] arguments)
   at Microsoft.AspNetCore.Mvc.Infrastructure.ControllerActionInvoker.<InvokeActionMethodAsync>g__Awaited|12_0(ControllerActionInvoker invoker, ValueTask`1 actionResultValueTask)
   at Microsoft.AspNetCore.Mvc.Infrastructure.ControllerActionInvoker.<InvokeNextActionFilterAsync>g__Awaited|10_0(ControllerActionInvoker invoker, Task lastTask, State next, Scope scope, Object state, Boolean isCompleted)
   at Microsoft.AspNetCore.Mvc.Infrastructure.ControllerActionInvoker.Rethrow(ActionExecutedContextSealed context)
   at Microsoft.AspNetCore.Mvc.Infrastructure.ControllerActionInvoker.Next(State& next, Scope& scope, Object& state, Boolean& isCompleted)
   at Microsoft.AspNetCore.Mvc.Infrastructure.ControllerActionInvoker.<InvokeInnerFilterAsync>g__Awaited|13_0(ControllerActionInvoker invoker, Task lastTask, State next, Scope scope, Object state, Boolean isCompleted)
   at Microsoft.AspNetCore.Mvc.Infrastructure.ResourceInvoker.<InvokeFilterPipelineAsync>g__Awaited|20_0(ResourceInvoker invoker, Task lastTask, State next, Scope scope, Object state, Boolean isCompleted)
   at Microsoft.AspNetCore.Mvc.Infrastructure.ResourceInvoker.<InvokeAsync>g__Logged|17_1(ResourceInvoker invoker)
   at Microsoft.AspNetCore.Mvc.Infrastructure.ResourceInvoker.<InvokeAsync>g__Logged|17_1(ResourceInvoker invoker)
   at Microsoft.AspNetCore.Routing.EndpointMiddleware.<Invoke>g__AwaitRequestTask|7_0(Endpoint endpoint, Task requestTask, ILogger logger)
   at Microsoft.AspNetCore.Authorization.AuthorizationMiddleware.Invoke(HttpContext context)
   at Microsoft.AspNetCore.Authentication.AuthenticationMiddleware.Invoke(HttpContext context)
   at PelindoCarLoan.API.Middleware.ExceptionMiddleware.InvokeAsync(HttpContext context) in C:\Users\abima\Desktop\Project\Pelindo\pelindo-car-loan\backend\PelindoCarLoan.API\Middleware\ExceptionMiddleware.cs:line 22
2026-01-07 17:37:23.948 +07:00 [INF] Executed endpoint 'PelindoCarLoan.API.Controllers.SchedulesController.GetAll (PelindoCarLoan.API)'
2026-01-07 17:37:23.956 +07:00 [INF] Request finished HTTP/1.1 GET http://localhost:5000/api/schedules/waiting-resources - 500 null application/json 27.3472ms
2026-01-07 17:37:23.956 +07:00 [ERR] An unhandled exception occurred
Oracle.ManagedDataAccess.Client.OracleException (0x80004005): ORA-00904: "LR"."ID": invalid identifier
https://docs.oracle.com/error-help/db/ora-00904/
   at Oracle.ManagedDataAccess.Client.OracleCommand.<>c.<ExecuteDbDataReaderAsync>b__213_0(Task`1 result)
   at System.Threading.Tasks.ContinuationResultTaskFromResultTask`2.InnerInvoke()
   at System.Threading.ExecutionContext.RunInternal(ExecutionContext executionContext, ContextCallback callback, Object state)
--- End of stack trace from previous location ---
   at System.Threading.ExecutionContext.RunInternal(ExecutionContext executionContext, ContextCallback callback, Object state)
   at System.Threading.Tasks.Task.ExecuteWithThreadLocal(Task& currentTaskSlot, Thread threadPoolThread)
--- End of stack trace from previous location ---
   at Dapper.SqlMapper.MultiMapAsync[TFirst,TSecond,TThird,TFourth,TFifth,TSixth,TSeventh,TReturn](IDbConnection cnn, CommandDefinition command, Delegate map, String splitOn) in /_/Dapper/SqlMapper.Async.cs:line 940
   at PelindoCarLoan.API.Repositories.ScheduleRepository.GetAllAsync(String status) in C:\Users\abima\Desktop\Project\Pelindo\pelindo-car-loan\backend\PelindoCarLoan.API\Repositories\ScheduleRepository.cs:line 89
   at PelindoCarLoan.API.Services.SchedulingService.GetAllAsync(String status) in C:\Users\abima\Desktop\Project\Pelindo\pelindo-car-loan\backend\PelindoCarLoan.API\Services\SchedulingService.cs:line 203
   at PelindoCarLoan.API.Controllers.SchedulesController.GetAll(String status) in C:\Users\abima\Desktop\Project\Pelindo\pelindo-car-loan\backend\PelindoCarLoan.API\Controllers\SchedulesController.cs:line 35
   at Microsoft.AspNetCore.Mvc.Infrastructure.ActionMethodExecutor.TaskOfIActionResultExecutor.Execute(ActionContext actionContext, IActionResultTypeMapper mapper, ObjectMethodExecutor executor, Object controller, Object[] arguments)
   at Microsoft.AspNetCore.Mvc.Infrastructure.ControllerActionInvoker.<InvokeActionMethodAsync>g__Awaited|12_0(ControllerActionInvoker invoker, ValueTask`1 actionResultValueTask)
   at Microsoft.AspNetCore.Mvc.Infrastructure.ControllerActionInvoker.<InvokeNextActionFilterAsync>g__Awaited|10_0(ControllerActionInvoker invoker, Task lastTask, State next, Scope scope, Object state, Boolean isCompleted)
   at Microsoft.AspNetCore.Mvc.Infrastructure.ControllerActionInvoker.Rethrow(ActionExecutedContextSealed context)
   at Microsoft.AspNetCore.Mvc.Infrastructure.ControllerActionInvoker.Next(State& next, Scope& scope, Object& state, Boolean& isCompleted)
   at Microsoft.AspNetCore.Mvc.Infrastructure.ControllerActionInvoker.<InvokeInnerFilterAsync>g__Awaited|13_0(ControllerActionInvoker invoker, Task lastTask, State next, Scope scope, Object state, Boolean isCompleted)
   at Microsoft.AspNetCore.Mvc.Infrastructure.ResourceInvoker.<InvokeFilterPipelineAsync>g__Awaited|20_0(ResourceInvoker invoker, Task lastTask, State next, Scope scope, Object state, Boolean isCompleted)
   at Microsoft.AspNetCore.Mvc.Infrastructure.ResourceInvoker.<InvokeAsync>g__Logged|17_1(ResourceInvoker invoker)
   at Microsoft.AspNetCore.Mvc.Infrastructure.ResourceInvoker.<InvokeAsync>g__Logged|17_1(ResourceInvoker invoker)
   at Microsoft.AspNetCore.Routing.EndpointMiddleware.<Invoke>g__AwaitRequestTask|7_0(Endpoint endpoint, Task requestTask, ILogger logger)
   at Microsoft.AspNetCore.Authorization.AuthorizationMiddleware.Invoke(HttpContext context)
   at Microsoft.AspNetCore.Authentication.AuthenticationMiddleware.Invoke(HttpContext context)
   at PelindoCarLoan.API.Middleware.ExceptionMiddleware.InvokeAsync(HttpContext context) in C:\Users\abima\Desktop\Project\Pelindo\pelindo-car-loan\backend\PelindoCarLoan.API\Middleware\ExceptionMiddleware.cs:line 22
2026-01-07 17:37:23.965 +07:00 [INF] Request finished HTTP/1.1 GET http://localhost:5000/api/schedules - 500 null application/json 33.9777ms
2026-01-07 17:37:27.090 +07:00 [INF] Request starting HTTP/1.1 OPTIONS http://localhost:5000/api/dashboard - null null
2026-01-07 17:37:27.093 +07:00 [INF] CORS policy execution successful.
2026-01-07 17:37:27.094 +07:00 [INF] Request finished HTTP/1.1 OPTIONS http://localhost:5000/api/dashboard - 204 null null 4.3015ms
2026-01-07 17:37:27.097 +07:00 [INF] Request starting HTTP/1.1 GET http://localhost:5000/api/dashboard - null null
2026-01-07 17:37:27.100 +07:00 [INF] CORS policy execution successful.
2026-01-07 17:37:27.101 +07:00 [INF] Executing endpoint 'PelindoCarLoan.API.Controllers.DashboardController.GetDashboard (PelindoCarLoan.API)'
2026-01-07 17:37:27.103 +07:00 [INF] Route matched with {action = "GetDashboard", controller = "Dashboard"}. Executing controller action with signature System.Threading.Tasks.Task`1[Microsoft.AspNetCore.Mvc.IActionResult] GetDashboard() on controller PelindoCarLoan.API.Controllers.DashboardController (PelindoCarLoan.API).
2026-01-07 17:37:27.112 +07:00 [INF] Executed action PelindoCarLoan.API.Controllers.DashboardController.GetDashboard (PelindoCarLoan.API) in 8.1835ms
2026-01-07 17:37:27.114 +07:00 [INF] Executed endpoint 'PelindoCarLoan.API.Controllers.DashboardController.GetDashboard (PelindoCarLoan.API)'
2026-01-07 17:37:27.115 +07:00 [ERR] An unhandled exception occurred
Oracle.ManagedDataAccess.Client.OracleException (0x80004005): ORA-00904: "U"."ID": invalid identifier
https://docs.oracle.com/error-help/db/ora-00904/
   at Oracle.ManagedDataAccess.Client.OracleCommand.<>c.<ExecuteDbDataReaderAsync>b__213_0(Task`1 result)
   at System.Threading.Tasks.ContinuationResultTaskFromResultTask`2.InnerInvoke()
   at System.Threading.ExecutionContext.RunInternal(ExecutionContext executionContext, ContextCallback callback, Object state)
--- End of stack trace from previous location ---
   at System.Threading.ExecutionContext.RunInternal(ExecutionContext executionContext, ContextCallback callback, Object state)
   at System.Threading.Tasks.Task.ExecuteWithThreadLocal(Task& currentTaskSlot, Thread threadPoolThread)
--- End of stack trace from previous location ---
   at Dapper.SqlMapper.MultiMapAsync[TFirst,TSecond,TThird,TFourth,TFifth,TSixth,TSeventh,TReturn](IDbConnection cnn, CommandDefinition command, Delegate map, String splitOn) in /_/Dapper/SqlMapper.Async.cs:line 940
   at PelindoCarLoan.API.Repositories.LoanRequestRepository.GetAllAsync(Nullable`1 userId, String status) in C:\Users\abima\Desktop\Project\Pelindo\pelindo-car-loan\backend\PelindoCarLoan.API\Repositories\LoanRequestRepository.cs:line 95
   at PelindoCarLoan.API.Services.DashboardService.GetDashboardAsync(Int32 userId, String role) in C:\Users\abima\Desktop\Project\Pelindo\pelindo-car-loan\backend\PelindoCarLoan.API\Services\DashboardService.cs:line 78
   at PelindoCarLoan.API.Controllers.DashboardController.GetDashboard() in C:\Users\abima\Desktop\Project\Pelindo\pelindo-car-loan\backend\PelindoCarLoan.API\Controllers\DashboardController.cs:line 33
   at Microsoft.AspNetCore.Mvc.Infrastructure.ActionMethodExecutor.TaskOfIActionResultExecutor.Execute(ActionContext actionContext, IActionResultTypeMapper mapper, ObjectMethodExecutor executor, Object controller, Object[] arguments)
   at Microsoft.AspNetCore.Mvc.Infrastructure.ControllerActionInvoker.<InvokeActionMethodAsync>g__Awaited|12_0(ControllerActionInvoker invoker, ValueTask`1 actionResultValueTask)
   at Microsoft.AspNetCore.Mvc.Infrastructure.ControllerActionInvoker.<InvokeNextActionFilterAsync>g__Awaited|10_0(ControllerActionInvoker invoker, Task lastTask, State next, Scope scope, Object state, Boolean isCompleted)
   at Microsoft.AspNetCore.Mvc.Infrastructure.ControllerActionInvoker.Rethrow(ActionExecutedContextSealed context)
   at Microsoft.AspNetCore.Mvc.Infrastructure.ControllerActionInvoker.Next(State& next, Scope& scope, Object& state, Boolean& isCompleted)
   at Microsoft.AspNetCore.Mvc.Infrastructure.ControllerActionInvoker.<InvokeInnerFilterAsync>g__Awaited|13_0(ControllerActionInvoker invoker, Task lastTask, State next, Scope scope, Object state, Boolean isCompleted)
   at Microsoft.AspNetCore.Mvc.Infrastructure.ResourceInvoker.<InvokeFilterPipelineAsync>g__Awaited|20_0(ResourceInvoker invoker, Task lastTask, State next, Scope scope, Object state, Boolean isCompleted)
   at Microsoft.AspNetCore.Mvc.Infrastructure.ResourceInvoker.<InvokeAsync>g__Logged|17_1(ResourceInvoker invoker)
   at Microsoft.AspNetCore.Mvc.Infrastructure.ResourceInvoker.<InvokeAsync>g__Logged|17_1(ResourceInvoker invoker)
   at Microsoft.AspNetCore.Routing.EndpointMiddleware.<Invoke>g__AwaitRequestTask|7_0(Endpoint endpoint, Task requestTask, ILogger logger)
   at Microsoft.AspNetCore.Authorization.AuthorizationMiddleware.Invoke(HttpContext context)
   at Microsoft.AspNetCore.Authentication.AuthenticationMiddleware.Invoke(HttpContext context)
   at PelindoCarLoan.API.Middleware.ExceptionMiddleware.InvokeAsync(HttpContext context) in C:\Users\abima\Desktop\Project\Pelindo\pelindo-car-loan\backend\PelindoCarLoan.API\Middleware\ExceptionMiddleware.cs:line 22
2026-01-07 17:37:27.122 +07:00 [INF] Request finished HTTP/1.1 GET http://localhost:5000/api/dashboard - 500 null application/json 25.1736ms
2026-01-07 17:37:28.130 +07:00 [INF] Request starting HTTP/1.1 GET http://localhost:5000/api/dashboard - null null
2026-01-07 17:37:28.132 +07:00 [INF] CORS policy execution successful.
2026-01-07 17:37:28.132 +07:00 [INF] Executing endpoint 'PelindoCarLoan.API.Controllers.DashboardController.GetDashboard (PelindoCarLoan.API)'
2026-01-07 17:37:28.133 +07:00 [INF] Route matched with {action = "GetDashboard", controller = "Dashboard"}. Executing controller action with signature System.Threading.Tasks.Task`1[Microsoft.AspNetCore.Mvc.IActionResult] GetDashboard() on controller PelindoCarLoan.API.Controllers.DashboardController (PelindoCarLoan.API).
2026-01-07 17:37:28.139 +07:00 [INF] Executed action PelindoCarLoan.API.Controllers.DashboardController.GetDashboard (PelindoCarLoan.API) in 4.7671ms
2026-01-07 17:37:28.140 +07:00 [INF] Executed endpoint 'PelindoCarLoan.API.Controllers.DashboardController.GetDashboard (PelindoCarLoan.API)'
2026-01-07 17:37:28.141 +07:00 [ERR] An unhandled exception occurred
Oracle.ManagedDataAccess.Client.OracleException (0x80004005): ORA-00904: "U"."ID": invalid identifier
https://docs.oracle.com/error-help/db/ora-00904/
   at Oracle.ManagedDataAccess.Client.OracleCommand.<>c.<ExecuteDbDataReaderAsync>b__213_0(Task`1 result)
   at System.Threading.Tasks.ContinuationResultTaskFromResultTask`2.InnerInvoke()
   at System.Threading.ExecutionContext.RunInternal(ExecutionContext executionContext, ContextCallback callback, Object state)
--- End of stack trace from previous location ---
   at System.Threading.ExecutionContext.RunInternal(ExecutionContext executionContext, ContextCallback callback, Object state)
   at System.Threading.Tasks.Task.ExecuteWithThreadLocal(Task& currentTaskSlot, Thread threadPoolThread)
--- End of stack trace from previous location ---
   at Dapper.SqlMapper.MultiMapAsync[TFirst,TSecond,TThird,TFourth,TFifth,TSixth,TSeventh,TReturn](IDbConnection cnn, CommandDefinition command, Delegate map, String splitOn) in /_/Dapper/SqlMapper.Async.cs:line 940
   at PelindoCarLoan.API.Repositories.LoanRequestRepository.GetAllAsync(Nullable`1 userId, String status) in C:\Users\abima\Desktop\Project\Pelindo\pelindo-car-loan\backend\PelindoCarLoan.API\Repositories\LoanRequestRepository.cs:line 95
   at PelindoCarLoan.API.Services.DashboardService.GetDashboardAsync(Int32 userId, String role) in C:\Users\abima\Desktop\Project\Pelindo\pelindo-car-loan\backend\PelindoCarLoan.API\Services\DashboardService.cs:line 78
   at PelindoCarLoan.API.Controllers.DashboardController.GetDashboard() in C:\Users\abima\Desktop\Project\Pelindo\pelindo-car-loan\backend\PelindoCarLoan.API\Controllers\DashboardController.cs:line 33
   at Microsoft.AspNetCore.Mvc.Infrastructure.ActionMethodExecutor.TaskOfIActionResultExecutor.Execute(ActionContext actionContext, IActionResultTypeMapper mapper, ObjectMethodExecutor executor, Object controller, Object[] arguments)
   at Microsoft.AspNetCore.Mvc.Infrastructure.ControllerActionInvoker.<InvokeActionMethodAsync>g__Awaited|12_0(ControllerActionInvoker invoker, ValueTask`1 actionResultValueTask)
   at Microsoft.AspNetCore.Mvc.Infrastructure.ControllerActionInvoker.<InvokeNextActionFilterAsync>g__Awaited|10_0(ControllerActionInvoker invoker, Task lastTask, State next, Scope scope, Object state, Boolean isCompleted)
   at Microsoft.AspNetCore.Mvc.Infrastructure.ControllerActionInvoker.Rethrow(ActionExecutedContextSealed context)
   at Microsoft.AspNetCore.Mvc.Infrastructure.ControllerActionInvoker.Next(State& next, Scope& scope, Object& state, Boolean& isCompleted)
   at Microsoft.AspNetCore.Mvc.Infrastructure.ControllerActionInvoker.<InvokeInnerFilterAsync>g__Awaited|13_0(ControllerActionInvoker invoker, Task lastTask, State next, Scope scope, Object state, Boolean isCompleted)
   at Microsoft.AspNetCore.Mvc.Infrastructure.ResourceInvoker.<InvokeFilterPipelineAsync>g__Awaited|20_0(ResourceInvoker invoker, Task lastTask, State next, Scope scope, Object state, Boolean isCompleted)
   at Microsoft.AspNetCore.Mvc.Infrastructure.ResourceInvoker.<InvokeAsync>g__Logged|17_1(ResourceInvoker invoker)
   at Microsoft.AspNetCore.Mvc.Infrastructure.ResourceInvoker.<InvokeAsync>g__Logged|17_1(ResourceInvoker invoker)
   at Microsoft.AspNetCore.Routing.EndpointMiddleware.<Invoke>g__AwaitRequestTask|7_0(Endpoint endpoint, Task requestTask, ILogger logger)
   at Microsoft.AspNetCore.Authorization.AuthorizationMiddleware.Invoke(HttpContext context)
   at Microsoft.AspNetCore.Authentication.AuthenticationMiddleware.Invoke(HttpContext context)
   at PelindoCarLoan.API.Middleware.ExceptionMiddleware.InvokeAsync(HttpContext context) in C:\Users\abima\Desktop\Project\Pelindo\pelindo-car-loan\backend\PelindoCarLoan.API\Middleware\ExceptionMiddleware.cs:line 22
2026-01-07 17:37:28.148 +07:00 [INF] Request finished HTTP/1.1 GET http://localhost:5000/api/dashboard - 500 null application/json 18.5614ms
2026-01-07 17:37:29.843 +07:00 [INF] Request starting HTTP/1.1 OPTIONS http://localhost:5000/api/schedules - null null
2026-01-07 17:37:29.843 +07:00 [INF] Request starting HTTP/1.1 OPTIONS http://localhost:5000/api/schedules/waiting-resources - null null
2026-01-07 17:37:29.847 +07:00 [INF] CORS policy execution successful.
2026-01-07 17:37:29.849 +07:00 [INF] CORS policy execution successful.
2026-01-07 17:37:29.850 +07:00 [INF] Request finished HTTP/1.1 OPTIONS http://localhost:5000/api/schedules - 204 null null 7.3212ms
2026-01-07 17:37:29.851 +07:00 [INF] Request finished HTTP/1.1 OPTIONS http://localhost:5000/api/schedules/waiting-resources - 204 null null 8.2237ms
2026-01-07 17:37:29.854 +07:00 [INF] Request starting HTTP/1.1 GET http://localhost:5000/api/schedules/waiting-resources - null null
2026-01-07 17:37:29.857 +07:00 [INF] Request starting HTTP/1.1 GET http://localhost:5000/api/schedules - null null
2026-01-07 17:37:29.859 +07:00 [INF] CORS policy execution successful.
2026-01-07 17:37:29.861 +07:00 [INF] CORS policy execution successful.
2026-01-07 17:37:29.862 +07:00 [INF] Executing endpoint 'PelindoCarLoan.API.Controllers.SchedulesController.GetWaitingResources (PelindoCarLoan.API)'
2026-01-07 17:37:29.862 +07:00 [INF] Executing endpoint 'PelindoCarLoan.API.Controllers.SchedulesController.GetAll (PelindoCarLoan.API)'
2026-01-07 17:37:29.863 +07:00 [INF] Route matched with {action = "GetWaitingResources", controller = "Schedules"}. Executing controller action with signature System.Threading.Tasks.Task`1[Microsoft.AspNetCore.Mvc.IActionResult] GetWaitingResources() on controller PelindoCarLoan.API.Controllers.SchedulesController (PelindoCarLoan.API).
2026-01-07 17:37:29.863 +07:00 [INF] Route matched with {action = "GetAll", controller = "Schedules"}. Executing controller action with signature System.Threading.Tasks.Task`1[Microsoft.AspNetCore.Mvc.IActionResult] GetAll(System.String) on controller PelindoCarLoan.API.Controllers.SchedulesController (PelindoCarLoan.API).
2026-01-07 17:37:29.867 +07:00 [INF] Executed action PelindoCarLoan.API.Controllers.SchedulesController.GetWaitingResources (PelindoCarLoan.API) in 2.1786ms
2026-01-07 17:37:29.868 +07:00 [INF] Executed endpoint 'PelindoCarLoan.API.Controllers.SchedulesController.GetWaitingResources (PelindoCarLoan.API)'
2026-01-07 17:37:29.868 +07:00 [INF] Executed action PelindoCarLoan.API.Controllers.SchedulesController.GetAll (PelindoCarLoan.API) in 1.5588ms
2026-01-07 17:37:29.869 +07:00 [ERR] An unhandled exception occurred
Oracle.ManagedDataAccess.Client.OracleException (0x80004005): ORA-00904: "U"."ID": invalid identifier
https://docs.oracle.com/error-help/db/ora-00904/
   at Oracle.ManagedDataAccess.Client.OracleCommand.<>c.<ExecuteDbDataReaderAsync>b__213_0(Task`1 result)
   at System.Threading.Tasks.ContinuationResultTaskFromResultTask`2.InnerInvoke()
   at System.Threading.ExecutionContext.RunInternal(ExecutionContext executionContext, ContextCallback callback, Object state)
--- End of stack trace from previous location ---
   at System.Threading.ExecutionContext.RunInternal(ExecutionContext executionContext, ContextCallback callback, Object state)
   at System.Threading.Tasks.Task.ExecuteWithThreadLocal(Task& currentTaskSlot, Thread threadPoolThread)
--- End of stack trace from previous location ---
   at Dapper.SqlMapper.MultiMapAsync[TFirst,TSecond,TThird,TFourth,TFifth,TSixth,TSeventh,TReturn](IDbConnection cnn, CommandDefinition command, Delegate map, String splitOn) in /_/Dapper/SqlMapper.Async.cs:line 940
   at PelindoCarLoan.API.Repositories.LoanRequestRepository.GetAllAsync(Nullable`1 userId, String status) in C:\Users\abima\Desktop\Project\Pelindo\pelindo-car-loan\backend\PelindoCarLoan.API\Repositories\LoanRequestRepository.cs:line 95
   at PelindoCarLoan.API.Repositories.LoanRequestRepository.GetByStatusAsync(String status) in C:\Users\abima\Desktop\Project\Pelindo\pelindo-car-loan\backend\PelindoCarLoan.API\Repositories\LoanRequestRepository.cs:line 141
   at PelindoCarLoan.API.Services.SchedulingService.GetWaitingResourceRequestsAsync() in C:\Users\abima\Desktop\Project\Pelindo\pelindo-car-loan\backend\PelindoCarLoan.API\Services\SchedulingService.cs:line 256
   at PelindoCarLoan.API.Controllers.SchedulesController.GetWaitingResources() in C:\Users\abima\Desktop\Project\Pelindo\pelindo-car-loan\backend\PelindoCarLoan.API\Controllers\SchedulesController.cs:line 152
   at Microsoft.AspNetCore.Mvc.Infrastructure.ActionMethodExecutor.TaskOfIActionResultExecutor.Execute(ActionContext actionContext, IActionResultTypeMapper mapper, ObjectMethodExecutor executor, Object controller, Object[] arguments)
   at Microsoft.AspNetCore.Mvc.Infrastructure.ControllerActionInvoker.<InvokeActionMethodAsync>g__Awaited|12_0(ControllerActionInvoker invoker, ValueTask`1 actionResultValueTask)
   at Microsoft.AspNetCore.Mvc.Infrastructure.ControllerActionInvoker.<InvokeNextActionFilterAsync>g__Awaited|10_0(ControllerActionInvoker invoker, Task lastTask, State next, Scope scope, Object state, Boolean isCompleted)
   at Microsoft.AspNetCore.Mvc.Infrastructure.ControllerActionInvoker.Rethrow(ActionExecutedContextSealed context)
   at Microsoft.AspNetCore.Mvc.Infrastructure.ControllerActionInvoker.Next(State& next, Scope& scope, Object& state, Boolean& isCompleted)
   at Microsoft.AspNetCore.Mvc.Infrastructure.ControllerActionInvoker.<InvokeInnerFilterAsync>g__Awaited|13_0(ControllerActionInvoker invoker, Task lastTask, State next, Scope scope, Object state, Boolean isCompleted)
   at Microsoft.AspNetCore.Mvc.Infrastructure.ResourceInvoker.<InvokeFilterPipelineAsync>g__Awaited|20_0(ResourceInvoker invoker, Task lastTask, State next, Scope scope, Object state, Boolean isCompleted)
   at Microsoft.AspNetCore.Mvc.Infrastructure.ResourceInvoker.<InvokeAsync>g__Logged|17_1(ResourceInvoker invoker)
   at Microsoft.AspNetCore.Mvc.Infrastructure.ResourceInvoker.<InvokeAsync>g__Logged|17_1(ResourceInvoker invoker)
   at Microsoft.AspNetCore.Routing.EndpointMiddleware.<Invoke>g__AwaitRequestTask|7_0(Endpoint endpoint, Task requestTask, ILogger logger)
   at Microsoft.AspNetCore.Authorization.AuthorizationMiddleware.Invoke(HttpContext context)
   at Microsoft.AspNetCore.Authentication.AuthenticationMiddleware.Invoke(HttpContext context)
   at PelindoCarLoan.API.Middleware.ExceptionMiddleware.InvokeAsync(HttpContext context) in C:\Users\abima\Desktop\Project\Pelindo\pelindo-car-loan\backend\PelindoCarLoan.API\Middleware\ExceptionMiddleware.cs:line 22
2026-01-07 17:37:29.870 +07:00 [INF] Executed endpoint 'PelindoCarLoan.API.Controllers.SchedulesController.GetAll (PelindoCarLoan.API)'
2026-01-07 17:37:29.876 +07:00 [INF] Request finished HTTP/1.1 GET http://localhost:5000/api/schedules/waiting-resources - 500 null application/json 21.4287ms
2026-01-07 17:37:29.876 +07:00 [ERR] An unhandled exception occurred
Oracle.ManagedDataAccess.Client.OracleException (0x80004005): ORA-00904: "LR"."ID": invalid identifier
https://docs.oracle.com/error-help/db/ora-00904/
   at Oracle.ManagedDataAccess.Client.OracleCommand.<>c.<ExecuteDbDataReaderAsync>b__213_0(Task`1 result)
   at System.Threading.Tasks.ContinuationResultTaskFromResultTask`2.InnerInvoke()
   at System.Threading.ExecutionContext.RunInternal(ExecutionContext executionContext, ContextCallback callback, Object state)
--- End of stack trace from previous location ---
   at System.Threading.ExecutionContext.RunInternal(ExecutionContext executionContext, ContextCallback callback, Object state)
   at System.Threading.Tasks.Task.ExecuteWithThreadLocal(Task& currentTaskSlot, Thread threadPoolThread)
--- End of stack trace from previous location ---
   at Dapper.SqlMapper.MultiMapAsync[TFirst,TSecond,TThird,TFourth,TFifth,TSixth,TSeventh,TReturn](IDbConnection cnn, CommandDefinition command, Delegate map, String splitOn) in /_/Dapper/SqlMapper.Async.cs:line 940
   at PelindoCarLoan.API.Repositories.ScheduleRepository.GetAllAsync(String status) in C:\Users\abima\Desktop\Project\Pelindo\pelindo-car-loan\backend\PelindoCarLoan.API\Repositories\ScheduleRepository.cs:line 89
   at PelindoCarLoan.API.Services.SchedulingService.GetAllAsync(String status) in C:\Users\abima\Desktop\Project\Pelindo\pelindo-car-loan\backend\PelindoCarLoan.API\Services\SchedulingService.cs:line 203
   at PelindoCarLoan.API.Controllers.SchedulesController.GetAll(String status) in C:\Users\abima\Desktop\Project\Pelindo\pelindo-car-loan\backend\PelindoCarLoan.API\Controllers\SchedulesController.cs:line 35
   at Microsoft.AspNetCore.Mvc.Infrastructure.ActionMethodExecutor.TaskOfIActionResultExecutor.Execute(ActionContext actionContext, IActionResultTypeMapper mapper, ObjectMethodExecutor executor, Object controller, Object[] arguments)
   at Microsoft.AspNetCore.Mvc.Infrastructure.ControllerActionInvoker.<InvokeActionMethodAsync>g__Awaited|12_0(ControllerActionInvoker invoker, ValueTask`1 actionResultValueTask)
   at Microsoft.AspNetCore.Mvc.Infrastructure.ControllerActionInvoker.<InvokeNextActionFilterAsync>g__Awaited|10_0(ControllerActionInvoker invoker, Task lastTask, State next, Scope scope, Object state, Boolean isCompleted)
   at Microsoft.AspNetCore.Mvc.Infrastructure.ControllerActionInvoker.Rethrow(ActionExecutedContextSealed context)
   at Microsoft.AspNetCore.Mvc.Infrastructure.ControllerActionInvoker.Next(State& next, Scope& scope, Object& state, Boolean& isCompleted)
   at Microsoft.AspNetCore.Mvc.Infrastructure.ControllerActionInvoker.<InvokeInnerFilterAsync>g__Awaited|13_0(ControllerActionInvoker invoker, Task lastTask, State next, Scope scope, Object state, Boolean isCompleted)
   at Microsoft.AspNetCore.Mvc.Infrastructure.ResourceInvoker.<InvokeFilterPipelineAsync>g__Awaited|20_0(ResourceInvoker invoker, Task lastTask, State next, Scope scope, Object state, Boolean isCompleted)
   at Microsoft.AspNetCore.Mvc.Infrastructure.ResourceInvoker.<InvokeAsync>g__Logged|17_1(ResourceInvoker invoker)
   at Microsoft.AspNetCore.Mvc.Infrastructure.ResourceInvoker.<InvokeAsync>g__Logged|17_1(ResourceInvoker invoker)
   at Microsoft.AspNetCore.Routing.EndpointMiddleware.<Invoke>g__AwaitRequestTask|7_0(Endpoint endpoint, Task requestTask, ILogger logger)
   at Microsoft.AspNetCore.Authorization.AuthorizationMiddleware.Invoke(HttpContext context)
   at Microsoft.AspNetCore.Authentication.AuthenticationMiddleware.Invoke(HttpContext context)
   at PelindoCarLoan.API.Middleware.ExceptionMiddleware.InvokeAsync(HttpContext context) in C:\Users\abima\Desktop\Project\Pelindo\pelindo-car-loan\backend\PelindoCarLoan.API\Middleware\ExceptionMiddleware.cs:line 22
2026-01-07 17:37:29.884 +07:00 [INF] Request finished HTTP/1.1 GET http://localhost:5000/api/schedules - 500 null application/json 26.9977ms
2026-01-07 17:37:30.880 +07:00 [INF] Request starting HTTP/1.1 GET http://localhost:5000/api/schedules/waiting-resources - null null
2026-01-07 17:37:30.882 +07:00 [INF] CORS policy execution successful.
2026-01-07 17:37:30.883 +07:00 [INF] Executing endpoint 'PelindoCarLoan.API.Controllers.SchedulesController.GetWaitingResources (PelindoCarLoan.API)'
2026-01-07 17:37:30.884 +07:00 [INF] Route matched with {action = "GetWaitingResources", controller = "Schedules"}. Executing controller action with signature System.Threading.Tasks.Task`1[Microsoft.AspNetCore.Mvc.IActionResult] GetWaitingResources() on controller PelindoCarLoan.API.Controllers.SchedulesController (PelindoCarLoan.API).
2026-01-07 17:37:30.889 +07:00 [INF] Request starting HTTP/1.1 GET http://localhost:5000/api/schedules - null null
2026-01-07 17:37:30.890 +07:00 [INF] Executed action PelindoCarLoan.API.Controllers.SchedulesController.GetWaitingResources (PelindoCarLoan.API) in 4.8705ms
2026-01-07 17:37:30.892 +07:00 [INF] CORS policy execution successful.
2026-01-07 17:37:30.893 +07:00 [INF] Executed endpoint 'PelindoCarLoan.API.Controllers.SchedulesController.GetWaitingResources (PelindoCarLoan.API)'
2026-01-07 17:37:30.894 +07:00 [INF] Executing endpoint 'PelindoCarLoan.API.Controllers.SchedulesController.GetAll (PelindoCarLoan.API)'
2026-01-07 17:37:30.895 +07:00 [ERR] An unhandled exception occurred
Oracle.ManagedDataAccess.Client.OracleException (0x80004005): ORA-00904: "U"."ID": invalid identifier
https://docs.oracle.com/error-help/db/ora-00904/
   at Oracle.ManagedDataAccess.Client.OracleCommand.<>c.<ExecuteDbDataReaderAsync>b__213_0(Task`1 result)
   at System.Threading.Tasks.ContinuationResultTaskFromResultTask`2.InnerInvoke()
   at System.Threading.ExecutionContext.RunInternal(ExecutionContext executionContext, ContextCallback callback, Object state)
--- End of stack trace from previous location ---
   at System.Threading.ExecutionContext.RunInternal(ExecutionContext executionContext, ContextCallback callback, Object state)
   at System.Threading.Tasks.Task.ExecuteWithThreadLocal(Task& currentTaskSlot, Thread threadPoolThread)
--- End of stack trace from previous location ---
   at Dapper.SqlMapper.MultiMapAsync[TFirst,TSecond,TThird,TFourth,TFifth,TSixth,TSeventh,TReturn](IDbConnection cnn, CommandDefinition command, Delegate map, String splitOn) in /_/Dapper/SqlMapper.Async.cs:line 940
   at PelindoCarLoan.API.Repositories.LoanRequestRepository.GetAllAsync(Nullable`1 userId, String status) in C:\Users\abima\Desktop\Project\Pelindo\pelindo-car-loan\backend\PelindoCarLoan.API\Repositories\LoanRequestRepository.cs:line 95
   at PelindoCarLoan.API.Repositories.LoanRequestRepository.GetByStatusAsync(String status) in C:\Users\abima\Desktop\Project\Pelindo\pelindo-car-loan\backend\PelindoCarLoan.API\Repositories\LoanRequestRepository.cs:line 141
   at PelindoCarLoan.API.Services.SchedulingService.GetWaitingResourceRequestsAsync() in C:\Users\abima\Desktop\Project\Pelindo\pelindo-car-loan\backend\PelindoCarLoan.API\Services\SchedulingService.cs:line 256
   at PelindoCarLoan.API.Controllers.SchedulesController.GetWaitingResources() in C:\Users\abima\Desktop\Project\Pelindo\pelindo-car-loan\backend\PelindoCarLoan.API\Controllers\SchedulesController.cs:line 152
   at Microsoft.AspNetCore.Mvc.Infrastructure.ActionMethodExecutor.TaskOfIActionResultExecutor.Execute(ActionContext actionContext, IActionResultTypeMapper mapper, ObjectMethodExecutor executor, Object controller, Object[] arguments)
   at Microsoft.AspNetCore.Mvc.Infrastructure.ControllerActionInvoker.<InvokeActionMethodAsync>g__Awaited|12_0(ControllerActionInvoker invoker, ValueTask`1 actionResultValueTask)
   at Microsoft.AspNetCore.Mvc.Infrastructure.ControllerActionInvoker.<InvokeNextActionFilterAsync>g__Awaited|10_0(ControllerActionInvoker invoker, Task lastTask, State next, Scope scope, Object state, Boolean isCompleted)
   at Microsoft.AspNetCore.Mvc.Infrastructure.ControllerActionInvoker.Rethrow(ActionExecutedContextSealed context)
   at Microsoft.AspNetCore.Mvc.Infrastructure.ControllerActionInvoker.Next(State& next, Scope& scope, Object& state, Boolean& isCompleted)
   at Microsoft.AspNetCore.Mvc.Infrastructure.ControllerActionInvoker.<InvokeInnerFilterAsync>g__Awaited|13_0(ControllerActionInvoker invoker, Task lastTask, State next, Scope scope, Object state, Boolean isCompleted)
   at Microsoft.AspNetCore.Mvc.Infrastructure.ResourceInvoker.<InvokeFilterPipelineAsync>g__Awaited|20_0(ResourceInvoker invoker, Task lastTask, State next, Scope scope, Object state, Boolean isCompleted)
   at Microsoft.AspNetCore.Mvc.Infrastructure.ResourceInvoker.<InvokeAsync>g__Logged|17_1(ResourceInvoker invoker)
   at Microsoft.AspNetCore.Mvc.Infrastructure.ResourceInvoker.<InvokeAsync>g__Logged|17_1(ResourceInvoker invoker)
   at Microsoft.AspNetCore.Routing.EndpointMiddleware.<Invoke>g__AwaitRequestTask|7_0(Endpoint endpoint, Task requestTask, ILogger logger)
   at Microsoft.AspNetCore.Authorization.AuthorizationMiddleware.Invoke(HttpContext context)
   at Microsoft.AspNetCore.Authentication.AuthenticationMiddleware.Invoke(HttpContext context)
   at PelindoCarLoan.API.Middleware.ExceptionMiddleware.InvokeAsync(HttpContext context) in C:\Users\abima\Desktop\Project\Pelindo\pelindo-car-loan\backend\PelindoCarLoan.API\Middleware\ExceptionMiddleware.cs:line 22
2026-01-07 17:37:30.895 +07:00 [INF] Route matched with {action = "GetAll", controller = "Schedules"}. Executing controller action with signature System.Threading.Tasks.Task`1[Microsoft.AspNetCore.Mvc.IActionResult] GetAll(System.String) on controller PelindoCarLoan.API.Controllers.SchedulesController (PelindoCarLoan.API).
2026-01-07 17:37:30.903 +07:00 [INF] Request finished HTTP/1.1 GET http://localhost:5000/api/schedules/waiting-resources - 500 null application/json 22.8864ms
2026-01-07 17:37:30.906 +07:00 [INF] Executed action PelindoCarLoan.API.Controllers.SchedulesController.GetAll (PelindoCarLoan.API) in 2.6376ms
2026-01-07 17:37:30.908 +07:00 [INF] Executed endpoint 'PelindoCarLoan.API.Controllers.SchedulesController.GetAll (PelindoCarLoan.API)'
2026-01-07 17:37:30.909 +07:00 [ERR] An unhandled exception occurred
Oracle.ManagedDataAccess.Client.OracleException (0x80004005): ORA-00904: "LR"."ID": invalid identifier
https://docs.oracle.com/error-help/db/ora-00904/
   at Oracle.ManagedDataAccess.Client.OracleCommand.<>c.<ExecuteDbDataReaderAsync>b__213_0(Task`1 result)
   at System.Threading.Tasks.ContinuationResultTaskFromResultTask`2.InnerInvoke()
   at System.Threading.ExecutionContext.RunInternal(ExecutionContext executionContext, ContextCallback callback, Object state)
--- End of stack trace from previous location ---
   at System.Threading.ExecutionContext.RunInternal(ExecutionContext executionContext, ContextCallback callback, Object state)
   at System.Threading.Tasks.Task.ExecuteWithThreadLocal(Task& currentTaskSlot, Thread threadPoolThread)
--- End of stack trace from previous location ---
   at Dapper.SqlMapper.MultiMapAsync[TFirst,TSecond,TThird,TFourth,TFifth,TSixth,TSeventh,TReturn](IDbConnection cnn, CommandDefinition command, Delegate map, String splitOn) in /_/Dapper/SqlMapper.Async.cs:line 940
   at PelindoCarLoan.API.Repositories.ScheduleRepository.GetAllAsync(String status) in C:\Users\abima\Desktop\Project\Pelindo\pelindo-car-loan\backend\PelindoCarLoan.API\Repositories\ScheduleRepository.cs:line 89
   at PelindoCarLoan.API.Services.SchedulingService.GetAllAsync(String status) in C:\Users\abima\Desktop\Project\Pelindo\pelindo-car-loan\backend\PelindoCarLoan.API\Services\SchedulingService.cs:line 203
   at PelindoCarLoan.API.Controllers.SchedulesController.GetAll(String status) in C:\Users\abima\Desktop\Project\Pelindo\pelindo-car-loan\backend\PelindoCarLoan.API\Controllers\SchedulesController.cs:line 35
   at Microsoft.AspNetCore.Mvc.Infrastructure.ActionMethodExecutor.TaskOfIActionResultExecutor.Execute(ActionContext actionContext, IActionResultTypeMapper mapper, ObjectMethodExecutor executor, Object controller, Object[] arguments)
   at Microsoft.AspNetCore.Mvc.Infrastructure.ControllerActionInvoker.<InvokeActionMethodAsync>g__Awaited|12_0(ControllerActionInvoker invoker, ValueTask`1 actionResultValueTask)
   at Microsoft.AspNetCore.Mvc.Infrastructure.ControllerActionInvoker.<InvokeNextActionFilterAsync>g__Awaited|10_0(ControllerActionInvoker invoker, Task lastTask, State next, Scope scope, Object state, Boolean isCompleted)
   at Microsoft.AspNetCore.Mvc.Infrastructure.ControllerActionInvoker.Rethrow(ActionExecutedContextSealed context)
   at Microsoft.AspNetCore.Mvc.Infrastructure.ControllerActionInvoker.Next(State& next, Scope& scope, Object& state, Boolean& isCompleted)
   at Microsoft.AspNetCore.Mvc.Infrastructure.ControllerActionInvoker.<InvokeInnerFilterAsync>g__Awaited|13_0(ControllerActionInvoker invoker, Task lastTask, State next, Scope scope, Object state, Boolean isCompleted)
   at Microsoft.AspNetCore.Mvc.Infrastructure.ResourceInvoker.<InvokeFilterPipelineAsync>g__Awaited|20_0(ResourceInvoker invoker, Task lastTask, State next, Scope scope, Object state, Boolean isCompleted)
   at Microsoft.AspNetCore.Mvc.Infrastructure.ResourceInvoker.<InvokeAsync>g__Logged|17_1(ResourceInvoker invoker)
   at Microsoft.AspNetCore.Mvc.Infrastructure.ResourceInvoker.<InvokeAsync>g__Logged|17_1(ResourceInvoker invoker)
   at Microsoft.AspNetCore.Routing.EndpointMiddleware.<Invoke>g__AwaitRequestTask|7_0(Endpoint endpoint, Task requestTask, ILogger logger)
   at Microsoft.AspNetCore.Authorization.AuthorizationMiddleware.Invoke(HttpContext context)
   at Microsoft.AspNetCore.Authentication.AuthenticationMiddleware.Invoke(HttpContext context)
   at PelindoCarLoan.API.Middleware.ExceptionMiddleware.InvokeAsync(HttpContext context) in C:\Users\abima\Desktop\Project\Pelindo\pelindo-car-loan\backend\PelindoCarLoan.API\Middleware\ExceptionMiddleware.cs:line 22
2026-01-07 17:37:30.916 +07:00 [INF] Request finished HTTP/1.1 GET http://localhost:5000/api/schedules - 500 null application/json 27.3391ms
2026-01-07 17:37:39.585 +07:00 [INF] Request starting HTTP/1.1 OPTIONS http://localhost:5000/api/dashboard - null null
2026-01-07 17:37:39.589 +07:00 [INF] CORS policy execution successful.
2026-01-07 17:37:39.591 +07:00 [INF] Request finished HTTP/1.1 OPTIONS http://localhost:5000/api/dashboard - 204 null null 5.2118ms
2026-01-07 17:37:39.594 +07:00 [INF] Request starting HTTP/1.1 GET http://localhost:5000/api/dashboard - null null
2026-01-07 17:37:39.596 +07:00 [INF] CORS policy execution successful.
2026-01-07 17:37:39.597 +07:00 [INF] Executing endpoint 'PelindoCarLoan.API.Controllers.DashboardController.GetDashboard (PelindoCarLoan.API)'
2026-01-07 17:37:39.598 +07:00 [INF] Route matched with {action = "GetDashboard", controller = "Dashboard"}. Executing controller action with signature System.Threading.Tasks.Task`1[Microsoft.AspNetCore.Mvc.IActionResult] GetDashboard() on controller PelindoCarLoan.API.Controllers.DashboardController (PelindoCarLoan.API).
2026-01-07 17:37:39.606 +07:00 [INF] Executed action PelindoCarLoan.API.Controllers.DashboardController.GetDashboard (PelindoCarLoan.API) in 5.6772ms
2026-01-07 17:37:39.607 +07:00 [INF] Executed endpoint 'PelindoCarLoan.API.Controllers.DashboardController.GetDashboard (PelindoCarLoan.API)'
2026-01-07 17:37:39.608 +07:00 [ERR] An unhandled exception occurred
Oracle.ManagedDataAccess.Client.OracleException (0x80004005): ORA-00904: "U"."ID": invalid identifier
https://docs.oracle.com/error-help/db/ora-00904/
   at Oracle.ManagedDataAccess.Client.OracleCommand.<>c.<ExecuteDbDataReaderAsync>b__213_0(Task`1 result)
   at System.Threading.Tasks.ContinuationResultTaskFromResultTask`2.InnerInvoke()
   at System.Threading.ExecutionContext.RunInternal(ExecutionContext executionContext, ContextCallback callback, Object state)
--- End of stack trace from previous location ---
   at System.Threading.ExecutionContext.RunInternal(ExecutionContext executionContext, ContextCallback callback, Object state)
   at System.Threading.Tasks.Task.ExecuteWithThreadLocal(Task& currentTaskSlot, Thread threadPoolThread)
--- End of stack trace from previous location ---
   at Dapper.SqlMapper.MultiMapAsync[TFirst,TSecond,TThird,TFourth,TFifth,TSixth,TSeventh,TReturn](IDbConnection cnn, CommandDefinition command, Delegate map, String splitOn) in /_/Dapper/SqlMapper.Async.cs:line 940
   at PelindoCarLoan.API.Repositories.LoanRequestRepository.GetAllAsync(Nullable`1 userId, String status) in C:\Users\abima\Desktop\Project\Pelindo\pelindo-car-loan\backend\PelindoCarLoan.API\Repositories\LoanRequestRepository.cs:line 95
   at PelindoCarLoan.API.Services.DashboardService.GetDashboardAsync(Int32 userId, String role) in C:\Users\abima\Desktop\Project\Pelindo\pelindo-car-loan\backend\PelindoCarLoan.API\Services\DashboardService.cs:line 78
   at PelindoCarLoan.API.Controllers.DashboardController.GetDashboard() in C:\Users\abima\Desktop\Project\Pelindo\pelindo-car-loan\backend\PelindoCarLoan.API\Controllers\DashboardController.cs:line 33
   at Microsoft.AspNetCore.Mvc.Infrastructure.ActionMethodExecutor.TaskOfIActionResultExecutor.Execute(ActionContext actionContext, IActionResultTypeMapper mapper, ObjectMethodExecutor executor, Object controller, Object[] arguments)
   at Microsoft.AspNetCore.Mvc.Infrastructure.ControllerActionInvoker.<InvokeActionMethodAsync>g__Awaited|12_0(ControllerActionInvoker invoker, ValueTask`1 actionResultValueTask)
   at Microsoft.AspNetCore.Mvc.Infrastructure.ControllerActionInvoker.<InvokeNextActionFilterAsync>g__Awaited|10_0(ControllerActionInvoker invoker, Task lastTask, State next, Scope scope, Object state, Boolean isCompleted)
   at Microsoft.AspNetCore.Mvc.Infrastructure.ControllerActionInvoker.Rethrow(ActionExecutedContextSealed context)
   at Microsoft.AspNetCore.Mvc.Infrastructure.ControllerActionInvoker.Next(State& next, Scope& scope, Object& state, Boolean& isCompleted)
   at Microsoft.AspNetCore.Mvc.Infrastructure.ControllerActionInvoker.<InvokeInnerFilterAsync>g__Awaited|13_0(ControllerActionInvoker invoker, Task lastTask, State next, Scope scope, Object state, Boolean isCompleted)
   at Microsoft.AspNetCore.Mvc.Infrastructure.ResourceInvoker.<InvokeFilterPipelineAsync>g__Awaited|20_0(ResourceInvoker invoker, Task lastTask, State next, Scope scope, Object state, Boolean isCompleted)
   at Microsoft.AspNetCore.Mvc.Infrastructure.ResourceInvoker.<InvokeAsync>g__Logged|17_1(ResourceInvoker invoker)
   at Microsoft.AspNetCore.Mvc.Infrastructure.ResourceInvoker.<InvokeAsync>g__Logged|17_1(ResourceInvoker invoker)
   at Microsoft.AspNetCore.Routing.EndpointMiddleware.<Invoke>g__AwaitRequestTask|7_0(Endpoint endpoint, Task requestTask, ILogger logger)
   at Microsoft.AspNetCore.Authorization.AuthorizationMiddleware.Invoke(HttpContext context)
   at Microsoft.AspNetCore.Authentication.AuthenticationMiddleware.Invoke(HttpContext context)
   at PelindoCarLoan.API.Middleware.ExceptionMiddleware.InvokeAsync(HttpContext context) in C:\Users\abima\Desktop\Project\Pelindo\pelindo-car-loan\backend\PelindoCarLoan.API\Middleware\ExceptionMiddleware.cs:line 22
2026-01-07 17:37:39.614 +07:00 [INF] Request finished HTTP/1.1 GET http://localhost:5000/api/dashboard - 500 null application/json 19.8966ms
2026-01-07 17:37:40.250 +07:00 [INF] Request starting HTTP/1.1 OPTIONS http://localhost:5000/api/schedules - null null
2026-01-07 17:37:40.251 +07:00 [INF] Request starting HTTP/1.1 OPTIONS http://localhost:5000/api/schedules/waiting-resources - null null
2026-01-07 17:37:40.253 +07:00 [INF] CORS policy execution successful.
2026-01-07 17:37:40.255 +07:00 [INF] CORS policy execution successful.
2026-01-07 17:37:40.256 +07:00 [INF] Request finished HTTP/1.1 OPTIONS http://localhost:5000/api/schedules - 204 null null 6.0639ms
2026-01-07 17:37:40.257 +07:00 [INF] Request finished HTTP/1.1 OPTIONS http://localhost:5000/api/schedules/waiting-resources - 204 null null 6.3218ms
2026-01-07 17:37:40.259 +07:00 [INF] Request starting HTTP/1.1 GET http://localhost:5000/api/schedules - null null
2026-01-07 17:37:40.263 +07:00 [INF] Request starting HTTP/1.1 GET http://localhost:5000/api/schedules/waiting-resources - null null
2026-01-07 17:37:40.264 +07:00 [INF] CORS policy execution successful.
2026-01-07 17:37:40.266 +07:00 [INF] CORS policy execution successful.
2026-01-07 17:37:40.267 +07:00 [INF] Executing endpoint 'PelindoCarLoan.API.Controllers.SchedulesController.GetAll (PelindoCarLoan.API)'
2026-01-07 17:37:40.268 +07:00 [INF] Executing endpoint 'PelindoCarLoan.API.Controllers.SchedulesController.GetWaitingResources (PelindoCarLoan.API)'
2026-01-07 17:37:40.268 +07:00 [INF] Route matched with {action = "GetAll", controller = "Schedules"}. Executing controller action with signature System.Threading.Tasks.Task`1[Microsoft.AspNetCore.Mvc.IActionResult] GetAll(System.String) on controller PelindoCarLoan.API.Controllers.SchedulesController (PelindoCarLoan.API).
2026-01-07 17:37:40.269 +07:00 [INF] Route matched with {action = "GetWaitingResources", controller = "Schedules"}. Executing controller action with signature System.Threading.Tasks.Task`1[Microsoft.AspNetCore.Mvc.IActionResult] GetWaitingResources() on controller PelindoCarLoan.API.Controllers.SchedulesController (PelindoCarLoan.API).
2026-01-07 17:37:40.272 +07:00 [INF] Executed action PelindoCarLoan.API.Controllers.SchedulesController.GetAll (PelindoCarLoan.API) in 1.7111ms
2026-01-07 17:37:40.273 +07:00 [INF] Executed action PelindoCarLoan.API.Controllers.SchedulesController.GetWaitingResources (PelindoCarLoan.API) in 1.4091ms
2026-01-07 17:37:40.273 +07:00 [INF] Executed endpoint 'PelindoCarLoan.API.Controllers.SchedulesController.GetAll (PelindoCarLoan.API)'
2026-01-07 17:37:40.275 +07:00 [INF] Executed endpoint 'PelindoCarLoan.API.Controllers.SchedulesController.GetWaitingResources (PelindoCarLoan.API)'
2026-01-07 17:37:40.276 +07:00 [ERR] An unhandled exception occurred
Oracle.ManagedDataAccess.Client.OracleException (0x80004005): ORA-00904: "LR"."ID": invalid identifier
https://docs.oracle.com/error-help/db/ora-00904/
   at Oracle.ManagedDataAccess.Client.OracleCommand.<>c.<ExecuteDbDataReaderAsync>b__213_0(Task`1 result)
   at System.Threading.Tasks.ContinuationResultTaskFromResultTask`2.InnerInvoke()
   at System.Threading.ExecutionContext.RunInternal(ExecutionContext executionContext, ContextCallback callback, Object state)
--- End of stack trace from previous location ---
   at System.Threading.ExecutionContext.RunInternal(ExecutionContext executionContext, ContextCallback callback, Object state)
   at System.Threading.Tasks.Task.ExecuteWithThreadLocal(Task& currentTaskSlot, Thread threadPoolThread)
--- End of stack trace from previous location ---
   at Dapper.SqlMapper.MultiMapAsync[TFirst,TSecond,TThird,TFourth,TFifth,TSixth,TSeventh,TReturn](IDbConnection cnn, CommandDefinition command, Delegate map, String splitOn) in /_/Dapper/SqlMapper.Async.cs:line 940
   at PelindoCarLoan.API.Repositories.ScheduleRepository.GetAllAsync(String status) in C:\Users\abima\Desktop\Project\Pelindo\pelindo-car-loan\backend\PelindoCarLoan.API\Repositories\ScheduleRepository.cs:line 89
   at PelindoCarLoan.API.Services.SchedulingService.GetAllAsync(String status) in C:\Users\abima\Desktop\Project\Pelindo\pelindo-car-loan\backend\PelindoCarLoan.API\Services\SchedulingService.cs:line 203
   at PelindoCarLoan.API.Controllers.SchedulesController.GetAll(String status) in C:\Users\abima\Desktop\Project\Pelindo\pelindo-car-loan\backend\PelindoCarLoan.API\Controllers\SchedulesController.cs:line 35
   at Microsoft.AspNetCore.Mvc.Infrastructure.ActionMethodExecutor.TaskOfIActionResultExecutor.Execute(ActionContext actionContext, IActionResultTypeMapper mapper, ObjectMethodExecutor executor, Object controller, Object[] arguments)
   at Microsoft.AspNetCore.Mvc.Infrastructure.ControllerActionInvoker.<InvokeActionMethodAsync>g__Awaited|12_0(ControllerActionInvoker invoker, ValueTask`1 actionResultValueTask)
   at Microsoft.AspNetCore.Mvc.Infrastructure.ControllerActionInvoker.<InvokeNextActionFilterAsync>g__Awaited|10_0(ControllerActionInvoker invoker, Task lastTask, State next, Scope scope, Object state, Boolean isCompleted)
   at Microsoft.AspNetCore.Mvc.Infrastructure.ControllerActionInvoker.Rethrow(ActionExecutedContextSealed context)
   at Microsoft.AspNetCore.Mvc.Infrastructure.ControllerActionInvoker.Next(State& next, Scope& scope, Object& state, Boolean& isCompleted)
   at Microsoft.AspNetCore.Mvc.Infrastructure.ControllerActionInvoker.<InvokeInnerFilterAsync>g__Awaited|13_0(ControllerActionInvoker invoker, Task lastTask, State next, Scope scope, Object state, Boolean isCompleted)
   at Microsoft.AspNetCore.Mvc.Infrastructure.ResourceInvoker.<InvokeFilterPipelineAsync>g__Awaited|20_0(ResourceInvoker invoker, Task lastTask, State next, Scope scope, Object state, Boolean isCompleted)
   at Microsoft.AspNetCore.Mvc.Infrastructure.ResourceInvoker.<InvokeAsync>g__Logged|17_1(ResourceInvoker invoker)
   at Microsoft.AspNetCore.Mvc.Infrastructure.ResourceInvoker.<InvokeAsync>g__Logged|17_1(ResourceInvoker invoker)
   at Microsoft.AspNetCore.Routing.EndpointMiddleware.<Invoke>g__AwaitRequestTask|7_0(Endpoint endpoint, Task requestTask, ILogger logger)
   at Microsoft.AspNetCore.Authorization.AuthorizationMiddleware.Invoke(HttpContext context)
   at Microsoft.AspNetCore.Authentication.AuthenticationMiddleware.Invoke(HttpContext context)
   at PelindoCarLoan.API.Middleware.ExceptionMiddleware.InvokeAsync(HttpContext context) in C:\Users\abima\Desktop\Project\Pelindo\pelindo-car-loan\backend\PelindoCarLoan.API\Middleware\ExceptionMiddleware.cs:line 22
2026-01-07 17:37:40.276 +07:00 [ERR] An unhandled exception occurred
Oracle.ManagedDataAccess.Client.OracleException (0x80004005): ORA-00904: "U"."ID": invalid identifier
https://docs.oracle.com/error-help/db/ora-00904/
   at Oracle.ManagedDataAccess.Client.OracleCommand.<>c.<ExecuteDbDataReaderAsync>b__213_0(Task`1 result)
   at System.Threading.Tasks.ContinuationResultTaskFromResultTask`2.InnerInvoke()
   at System.Threading.ExecutionContext.RunInternal(ExecutionContext executionContext, ContextCallback callback, Object state)
--- End of stack trace from previous location ---
   at System.Threading.ExecutionContext.RunInternal(ExecutionContext executionContext, ContextCallback callback, Object state)
   at System.Threading.Tasks.Task.ExecuteWithThreadLocal(Task& currentTaskSlot, Thread threadPoolThread)
--- End of stack trace from previous location ---
   at Dapper.SqlMapper.MultiMapAsync[TFirst,TSecond,TThird,TFourth,TFifth,TSixth,TSeventh,TReturn](IDbConnection cnn, CommandDefinition command, Delegate map, String splitOn) in /_/Dapper/SqlMapper.Async.cs:line 940
   at PelindoCarLoan.API.Repositories.LoanRequestRepository.GetAllAsync(Nullable`1 userId, String status) in C:\Users\abima\Desktop\Project\Pelindo\pelindo-car-loan\backend\PelindoCarLoan.API\Repositories\LoanRequestRepository.cs:line 95
   at PelindoCarLoan.API.Repositories.LoanRequestRepository.GetByStatusAsync(String status) in C:\Users\abima\Desktop\Project\Pelindo\pelindo-car-loan\backend\PelindoCarLoan.API\Repositories\LoanRequestRepository.cs:line 141
   at PelindoCarLoan.API.Services.SchedulingService.GetWaitingResourceRequestsAsync() in C:\Users\abima\Desktop\Project\Pelindo\pelindo-car-loan\backend\PelindoCarLoan.API\Services\SchedulingService.cs:line 256
   at PelindoCarLoan.API.Controllers.SchedulesController.GetWaitingResources() in C:\Users\abima\Desktop\Project\Pelindo\pelindo-car-loan\backend\PelindoCarLoan.API\Controllers\SchedulesController.cs:line 152
   at Microsoft.AspNetCore.Mvc.Infrastructure.ActionMethodExecutor.TaskOfIActionResultExecutor.Execute(ActionContext actionContext, IActionResultTypeMapper mapper, ObjectMethodExecutor executor, Object controller, Object[] arguments)
   at Microsoft.AspNetCore.Mvc.Infrastructure.ControllerActionInvoker.<InvokeActionMethodAsync>g__Awaited|12_0(ControllerActionInvoker invoker, ValueTask`1 actionResultValueTask)
   at Microsoft.AspNetCore.Mvc.Infrastructure.ControllerActionInvoker.<InvokeNextActionFilterAsync>g__Awaited|10_0(ControllerActionInvoker invoker, Task lastTask, State next, Scope scope, Object state, Boolean isCompleted)
   at Microsoft.AspNetCore.Mvc.Infrastructure.ControllerActionInvoker.Rethrow(ActionExecutedContextSealed context)
   at Microsoft.AspNetCore.Mvc.Infrastructure.ControllerActionInvoker.Next(State& next, Scope& scope, Object& state, Boolean& isCompleted)
   at Microsoft.AspNetCore.Mvc.Infrastructure.ControllerActionInvoker.<InvokeInnerFilterAsync>g__Awaited|13_0(ControllerActionInvoker invoker, Task lastTask, State next, Scope scope, Object state, Boolean isCompleted)
   at Microsoft.AspNetCore.Mvc.Infrastructure.ResourceInvoker.<InvokeFilterPipelineAsync>g__Awaited|20_0(ResourceInvoker invoker, Task lastTask, State next, Scope scope, Object state, Boolean isCompleted)
   at Microsoft.AspNetCore.Mvc.Infrastructure.ResourceInvoker.<InvokeAsync>g__Logged|17_1(ResourceInvoker invoker)
   at Microsoft.AspNetCore.Mvc.Infrastructure.ResourceInvoker.<InvokeAsync>g__Logged|17_1(ResourceInvoker invoker)
   at Microsoft.AspNetCore.Routing.EndpointMiddleware.<Invoke>g__AwaitRequestTask|7_0(Endpoint endpoint, Task requestTask, ILogger logger)
   at Microsoft.AspNetCore.Authorization.AuthorizationMiddleware.Invoke(HttpContext context)
   at Microsoft.AspNetCore.Authentication.AuthenticationMiddleware.Invoke(HttpContext context)
   at PelindoCarLoan.API.Middleware.ExceptionMiddleware.InvokeAsync(HttpContext context) in C:\Users\abima\Desktop\Project\Pelindo\pelindo-car-loan\backend\PelindoCarLoan.API\Middleware\ExceptionMiddleware.cs:line 22
2026-01-07 17:37:40.283 +07:00 [INF] Request finished HTTP/1.1 GET http://localhost:5000/api/schedules - 500 null application/json 23.3368ms
2026-01-07 17:37:40.289 +07:00 [INF] Request finished HTTP/1.1 GET http://localhost:5000/api/schedules/waiting-resources - 500 null application/json 26.1397ms
2026-01-07 17:37:42.753 +07:00 [INF] Request starting HTTP/1.1 GET http://localhost:5000/api/dashboard - null null
2026-01-07 17:37:42.756 +07:00 [INF] CORS policy execution successful.
2026-01-07 17:37:42.757 +07:00 [INF] Executing endpoint 'PelindoCarLoan.API.Controllers.DashboardController.GetDashboard (PelindoCarLoan.API)'
2026-01-07 17:37:42.758 +07:00 [INF] Route matched with {action = "GetDashboard", controller = "Dashboard"}. Executing controller action with signature System.Threading.Tasks.Task`1[Microsoft.AspNetCore.Mvc.IActionResult] GetDashboard() on controller PelindoCarLoan.API.Controllers.DashboardController (PelindoCarLoan.API).
2026-01-07 17:37:42.765 +07:00 [INF] Executed action PelindoCarLoan.API.Controllers.DashboardController.GetDashboard (PelindoCarLoan.API) in 5.5985ms
2026-01-07 17:37:42.766 +07:00 [INF] Executed endpoint 'PelindoCarLoan.API.Controllers.DashboardController.GetDashboard (PelindoCarLoan.API)'
2026-01-07 17:37:42.767 +07:00 [ERR] An unhandled exception occurred
Oracle.ManagedDataAccess.Client.OracleException (0x80004005): ORA-00904: "U"."ID": invalid identifier
https://docs.oracle.com/error-help/db/ora-00904/
   at Oracle.ManagedDataAccess.Client.OracleCommand.<>c.<ExecuteDbDataReaderAsync>b__213_0(Task`1 result)
   at System.Threading.Tasks.ContinuationResultTaskFromResultTask`2.InnerInvoke()
   at System.Threading.ExecutionContext.RunInternal(ExecutionContext executionContext, ContextCallback callback, Object state)
--- End of stack trace from previous location ---
   at System.Threading.ExecutionContext.RunInternal(ExecutionContext executionContext, ContextCallback callback, Object state)
   at System.Threading.Tasks.Task.ExecuteWithThreadLocal(Task& currentTaskSlot, Thread threadPoolThread)
--- End of stack trace from previous location ---
   at Dapper.SqlMapper.MultiMapAsync[TFirst,TSecond,TThird,TFourth,TFifth,TSixth,TSeventh,TReturn](IDbConnection cnn, CommandDefinition command, Delegate map, String splitOn) in /_/Dapper/SqlMapper.Async.cs:line 940
   at PelindoCarLoan.API.Repositories.LoanRequestRepository.GetAllAsync(Nullable`1 userId, String status) in C:\Users\abima\Desktop\Project\Pelindo\pelindo-car-loan\backend\PelindoCarLoan.API\Repositories\LoanRequestRepository.cs:line 95
   at PelindoCarLoan.API.Services.DashboardService.GetDashboardAsync(Int32 userId, String role) in C:\Users\abima\Desktop\Project\Pelindo\pelindo-car-loan\backend\PelindoCarLoan.API\Services\DashboardService.cs:line 78
   at PelindoCarLoan.API.Controllers.DashboardController.GetDashboard() in C:\Users\abima\Desktop\Project\Pelindo\pelindo-car-loan\backend\PelindoCarLoan.API\Controllers\DashboardController.cs:line 33
   at Microsoft.AspNetCore.Mvc.Infrastructure.ActionMethodExecutor.TaskOfIActionResultExecutor.Execute(ActionContext actionContext, IActionResultTypeMapper mapper, ObjectMethodExecutor executor, Object controller, Object[] arguments)
   at Microsoft.AspNetCore.Mvc.Infrastructure.ControllerActionInvoker.<InvokeActionMethodAsync>g__Awaited|12_0(ControllerActionInvoker invoker, ValueTask`1 actionResultValueTask)
   at Microsoft.AspNetCore.Mvc.Infrastructure.ControllerActionInvoker.<InvokeNextActionFilterAsync>g__Awaited|10_0(ControllerActionInvoker invoker, Task lastTask, State next, Scope scope, Object state, Boolean isCompleted)
   at Microsoft.AspNetCore.Mvc.Infrastructure.ControllerActionInvoker.Rethrow(ActionExecutedContextSealed context)
   at Microsoft.AspNetCore.Mvc.Infrastructure.ControllerActionInvoker.Next(State& next, Scope& scope, Object& state, Boolean& isCompleted)
   at Microsoft.AspNetCore.Mvc.Infrastructure.ControllerActionInvoker.<InvokeInnerFilterAsync>g__Awaited|13_0(ControllerActionInvoker invoker, Task lastTask, State next, Scope scope, Object state, Boolean isCompleted)
   at Microsoft.AspNetCore.Mvc.Infrastructure.ResourceInvoker.<InvokeFilterPipelineAsync>g__Awaited|20_0(ResourceInvoker invoker, Task lastTask, State next, Scope scope, Object state, Boolean isCompleted)
   at Microsoft.AspNetCore.Mvc.Infrastructure.ResourceInvoker.<InvokeAsync>g__Logged|17_1(ResourceInvoker invoker)
   at Microsoft.AspNetCore.Mvc.Infrastructure.ResourceInvoker.<InvokeAsync>g__Logged|17_1(ResourceInvoker invoker)
   at Microsoft.AspNetCore.Routing.EndpointMiddleware.<Invoke>g__AwaitRequestTask|7_0(Endpoint endpoint, Task requestTask, ILogger logger)
   at Microsoft.AspNetCore.Authorization.AuthorizationMiddleware.Invoke(HttpContext context)
   at Microsoft.AspNetCore.Authentication.AuthenticationMiddleware.Invoke(HttpContext context)
   at PelindoCarLoan.API.Middleware.ExceptionMiddleware.InvokeAsync(HttpContext context) in C:\Users\abima\Desktop\Project\Pelindo\pelindo-car-loan\backend\PelindoCarLoan.API\Middleware\ExceptionMiddleware.cs:line 22
2026-01-07 17:37:42.773 +07:00 [INF] Request finished HTTP/1.1 GET http://localhost:5000/api/dashboard - 500 null application/json 19.5377ms
2026-01-07 17:37:43.782 +07:00 [INF] Request starting HTTP/1.1 GET http://localhost:5000/api/dashboard - null null
2026-01-07 17:37:43.785 +07:00 [INF] CORS policy execution successful.
2026-01-07 17:37:43.786 +07:00 [INF] Executing endpoint 'PelindoCarLoan.API.Controllers.DashboardController.GetDashboard (PelindoCarLoan.API)'
2026-01-07 17:37:43.787 +07:00 [INF] Route matched with {action = "GetDashboard", controller = "Dashboard"}. Executing controller action with signature System.Threading.Tasks.Task`1[Microsoft.AspNetCore.Mvc.IActionResult] GetDashboard() on controller PelindoCarLoan.API.Controllers.DashboardController (PelindoCarLoan.API).
2026-01-07 17:37:43.792 +07:00 [INF] Executed action PelindoCarLoan.API.Controllers.DashboardController.GetDashboard (PelindoCarLoan.API) in 3.4401ms
2026-01-07 17:37:43.793 +07:00 [INF] Executed endpoint 'PelindoCarLoan.API.Controllers.DashboardController.GetDashboard (PelindoCarLoan.API)'
2026-01-07 17:37:43.795 +07:00 [ERR] An unhandled exception occurred
Oracle.ManagedDataAccess.Client.OracleException (0x80004005): ORA-00904: "U"."ID": invalid identifier
https://docs.oracle.com/error-help/db/ora-00904/
   at Oracle.ManagedDataAccess.Client.OracleCommand.<>c.<ExecuteDbDataReaderAsync>b__213_0(Task`1 result)
   at System.Threading.Tasks.ContinuationResultTaskFromResultTask`2.InnerInvoke()
   at System.Threading.ExecutionContext.RunInternal(ExecutionContext executionContext, ContextCallback callback, Object state)
--- End of stack trace from previous location ---
   at System.Threading.ExecutionContext.RunInternal(ExecutionContext executionContext, ContextCallback callback, Object state)
   at System.Threading.Tasks.Task.ExecuteWithThreadLocal(Task& currentTaskSlot, Thread threadPoolThread)
--- End of stack trace from previous location ---
   at Dapper.SqlMapper.MultiMapAsync[TFirst,TSecond,TThird,TFourth,TFifth,TSixth,TSeventh,TReturn](IDbConnection cnn, CommandDefinition command, Delegate map, String splitOn) in /_/Dapper/SqlMapper.Async.cs:line 940
   at PelindoCarLoan.API.Repositories.LoanRequestRepository.GetAllAsync(Nullable`1 userId, String status) in C:\Users\abima\Desktop\Project\Pelindo\pelindo-car-loan\backend\PelindoCarLoan.API\Repositories\LoanRequestRepository.cs:line 95
   at PelindoCarLoan.API.Services.DashboardService.GetDashboardAsync(Int32 userId, String role) in C:\Users\abima\Desktop\Project\Pelindo\pelindo-car-loan\backend\PelindoCarLoan.API\Services\DashboardService.cs:line 78
   at PelindoCarLoan.API.Controllers.DashboardController.GetDashboard() in C:\Users\abima\Desktop\Project\Pelindo\pelindo-car-loan\backend\PelindoCarLoan.API\Controllers\DashboardController.cs:line 33
   at Microsoft.AspNetCore.Mvc.Infrastructure.ActionMethodExecutor.TaskOfIActionResultExecutor.Execute(ActionContext actionContext, IActionResultTypeMapper mapper, ObjectMethodExecutor executor, Object controller, Object[] arguments)
   at Microsoft.AspNetCore.Mvc.Infrastructure.ControllerActionInvoker.<InvokeActionMethodAsync>g__Awaited|12_0(ControllerActionInvoker invoker, ValueTask`1 actionResultValueTask)
   at Microsoft.AspNetCore.Mvc.Infrastructure.ControllerActionInvoker.<InvokeNextActionFilterAsync>g__Awaited|10_0(ControllerActionInvoker invoker, Task lastTask, State next, Scope scope, Object state, Boolean isCompleted)
   at Microsoft.AspNetCore.Mvc.Infrastructure.ControllerActionInvoker.Rethrow(ActionExecutedContextSealed context)
   at Microsoft.AspNetCore.Mvc.Infrastructure.ControllerActionInvoker.Next(State& next, Scope& scope, Object& state, Boolean& isCompleted)
   at Microsoft.AspNetCore.Mvc.Infrastructure.ControllerActionInvoker.<InvokeInnerFilterAsync>g__Awaited|13_0(ControllerActionInvoker invoker, Task lastTask, State next, Scope scope, Object state, Boolean isCompleted)
   at Microsoft.AspNetCore.Mvc.Infrastructure.ResourceInvoker.<InvokeFilterPipelineAsync>g__Awaited|20_0(ResourceInvoker invoker, Task lastTask, State next, Scope scope, Object state, Boolean isCompleted)
   at Microsoft.AspNetCore.Mvc.Infrastructure.ResourceInvoker.<InvokeAsync>g__Logged|17_1(ResourceInvoker invoker)
   at Microsoft.AspNetCore.Mvc.Infrastructure.ResourceInvoker.<InvokeAsync>g__Logged|17_1(ResourceInvoker invoker)
   at Microsoft.AspNetCore.Routing.EndpointMiddleware.<Invoke>g__AwaitRequestTask|7_0(Endpoint endpoint, Task requestTask, ILogger logger)
   at Microsoft.AspNetCore.Authorization.AuthorizationMiddleware.Invoke(HttpContext context)
   at Microsoft.AspNetCore.Authentication.AuthenticationMiddleware.Invoke(HttpContext context)
   at PelindoCarLoan.API.Middleware.ExceptionMiddleware.InvokeAsync(HttpContext context) in C:\Users\abima\Desktop\Project\Pelindo\pelindo-car-loan\backend\PelindoCarLoan.API\Middleware\ExceptionMiddleware.cs:line 22
2026-01-07 17:37:43.801 +07:00 [INF] Request finished HTTP/1.1 GET http://localhost:5000/api/dashboard - 500 null application/json 18.2477ms
2026-01-07 17:38:09.058 +07:00 [INF] Request starting HTTP/1.1 OPTIONS http://localhost:5000/api/schedules - null null
2026-01-07 17:38:09.059 +07:00 [INF] Request starting HTTP/1.1 OPTIONS http://localhost:5000/api/schedules/waiting-resources - null null
2026-01-07 17:38:09.063 +07:00 [INF] CORS policy execution successful.
2026-01-07 17:38:09.064 +07:00 [INF] CORS policy execution successful.
2026-01-07 17:38:09.066 +07:00 [INF] Request finished HTTP/1.1 OPTIONS http://localhost:5000/api/schedules - 204 null null 7.1865ms
2026-01-07 17:38:09.066 +07:00 [INF] Request finished HTTP/1.1 OPTIONS http://localhost:5000/api/schedules/waiting-resources - 204 null null 7.3775ms
2026-01-07 17:38:09.069 +07:00 [INF] Request starting HTTP/1.1 GET http://localhost:5000/api/schedules/waiting-resources - null null
2026-01-07 17:38:09.072 +07:00 [INF] Request starting HTTP/1.1 GET http://localhost:5000/api/schedules - null null
2026-01-07 17:38:09.074 +07:00 [INF] CORS policy execution successful.
2026-01-07 17:38:09.076 +07:00 [INF] CORS policy execution successful.
2026-01-07 17:38:09.077 +07:00 [INF] Executing endpoint 'PelindoCarLoan.API.Controllers.SchedulesController.GetWaitingResources (PelindoCarLoan.API)'
2026-01-07 17:38:09.077 +07:00 [INF] Executing endpoint 'PelindoCarLoan.API.Controllers.SchedulesController.GetAll (PelindoCarLoan.API)'
2026-01-07 17:38:09.078 +07:00 [INF] Route matched with {action = "GetWaitingResources", controller = "Schedules"}. Executing controller action with signature System.Threading.Tasks.Task`1[Microsoft.AspNetCore.Mvc.IActionResult] GetWaitingResources() on controller PelindoCarLoan.API.Controllers.SchedulesController (PelindoCarLoan.API).
2026-01-07 17:38:09.078 +07:00 [INF] Route matched with {action = "GetAll", controller = "Schedules"}. Executing controller action with signature System.Threading.Tasks.Task`1[Microsoft.AspNetCore.Mvc.IActionResult] GetAll(System.String) on controller PelindoCarLoan.API.Controllers.SchedulesController (PelindoCarLoan.API).
2026-01-07 17:38:09.082 +07:00 [INF] Executed action PelindoCarLoan.API.Controllers.SchedulesController.GetWaitingResources (PelindoCarLoan.API) in 1.6214ms
2026-01-07 17:38:09.083 +07:00 [INF] Executed endpoint 'PelindoCarLoan.API.Controllers.SchedulesController.GetWaitingResources (PelindoCarLoan.API)'
2026-01-07 17:38:09.083 +07:00 [INF] Executed action PelindoCarLoan.API.Controllers.SchedulesController.GetAll (PelindoCarLoan.API) in 1.4816ms
2026-01-07 17:38:09.084 +07:00 [ERR] An unhandled exception occurred
Oracle.ManagedDataAccess.Client.OracleException (0x80004005): ORA-00904: "U"."ID": invalid identifier
https://docs.oracle.com/error-help/db/ora-00904/
   at Oracle.ManagedDataAccess.Client.OracleCommand.<>c.<ExecuteDbDataReaderAsync>b__213_0(Task`1 result)
   at System.Threading.Tasks.ContinuationResultTaskFromResultTask`2.InnerInvoke()
   at System.Threading.ExecutionContext.RunInternal(ExecutionContext executionContext, ContextCallback callback, Object state)
--- End of stack trace from previous location ---
   at System.Threading.ExecutionContext.RunInternal(ExecutionContext executionContext, ContextCallback callback, Object state)
   at System.Threading.Tasks.Task.ExecuteWithThreadLocal(Task& currentTaskSlot, Thread threadPoolThread)
--- End of stack trace from previous location ---
   at Dapper.SqlMapper.MultiMapAsync[TFirst,TSecond,TThird,TFourth,TFifth,TSixth,TSeventh,TReturn](IDbConnection cnn, CommandDefinition command, Delegate map, String splitOn) in /_/Dapper/SqlMapper.Async.cs:line 940
   at PelindoCarLoan.API.Repositories.LoanRequestRepository.GetAllAsync(Nullable`1 userId, String status) in C:\Users\abima\Desktop\Project\Pelindo\pelindo-car-loan\backend\PelindoCarLoan.API\Repositories\LoanRequestRepository.cs:line 95
   at PelindoCarLoan.API.Repositories.LoanRequestRepository.GetByStatusAsync(String status) in C:\Users\abima\Desktop\Project\Pelindo\pelindo-car-loan\backend\PelindoCarLoan.API\Repositories\LoanRequestRepository.cs:line 141
   at PelindoCarLoan.API.Services.SchedulingService.GetWaitingResourceRequestsAsync() in C:\Users\abima\Desktop\Project\Pelindo\pelindo-car-loan\backend\PelindoCarLoan.API\Services\SchedulingService.cs:line 256
   at PelindoCarLoan.API.Controllers.SchedulesController.GetWaitingResources() in C:\Users\abima\Desktop\Project\Pelindo\pelindo-car-loan\backend\PelindoCarLoan.API\Controllers\SchedulesController.cs:line 152
   at Microsoft.AspNetCore.Mvc.Infrastructure.ActionMethodExecutor.TaskOfIActionResultExecutor.Execute(ActionContext actionContext, IActionResultTypeMapper mapper, ObjectMethodExecutor executor, Object controller, Object[] arguments)
   at Microsoft.AspNetCore.Mvc.Infrastructure.ControllerActionInvoker.<InvokeActionMethodAsync>g__Awaited|12_0(ControllerActionInvoker invoker, ValueTask`1 actionResultValueTask)
   at Microsoft.AspNetCore.Mvc.Infrastructure.ControllerActionInvoker.<InvokeNextActionFilterAsync>g__Awaited|10_0(ControllerActionInvoker invoker, Task lastTask, State next, Scope scope, Object state, Boolean isCompleted)
   at Microsoft.AspNetCore.Mvc.Infrastructure.ControllerActionInvoker.Rethrow(ActionExecutedContextSealed context)
   at Microsoft.AspNetCore.Mvc.Infrastructure.ControllerActionInvoker.Next(State& next, Scope& scope, Object& state, Boolean& isCompleted)
   at Microsoft.AspNetCore.Mvc.Infrastructure.ControllerActionInvoker.<InvokeInnerFilterAsync>g__Awaited|13_0(ControllerActionInvoker invoker, Task lastTask, State next, Scope scope, Object state, Boolean isCompleted)
   at Microsoft.AspNetCore.Mvc.Infrastructure.ResourceInvoker.<InvokeFilterPipelineAsync>g__Awaited|20_0(ResourceInvoker invoker, Task lastTask, State next, Scope scope, Object state, Boolean isCompleted)
   at Microsoft.AspNetCore.Mvc.Infrastructure.ResourceInvoker.<InvokeAsync>g__Logged|17_1(ResourceInvoker invoker)
   at Microsoft.AspNetCore.Mvc.Infrastructure.ResourceInvoker.<InvokeAsync>g__Logged|17_1(ResourceInvoker invoker)
   at Microsoft.AspNetCore.Routing.EndpointMiddleware.<Invoke>g__AwaitRequestTask|7_0(Endpoint endpoint, Task requestTask, ILogger logger)
   at Microsoft.AspNetCore.Authorization.AuthorizationMiddleware.Invoke(HttpContext context)
   at Microsoft.AspNetCore.Authentication.AuthenticationMiddleware.Invoke(HttpContext context)
   at PelindoCarLoan.API.Middleware.ExceptionMiddleware.InvokeAsync(HttpContext context) in C:\Users\abima\Desktop\Project\Pelindo\pelindo-car-loan\backend\PelindoCarLoan.API\Middleware\ExceptionMiddleware.cs:line 22
2026-01-07 17:38:09.084 +07:00 [INF] Executed endpoint 'PelindoCarLoan.API.Controllers.SchedulesController.GetAll (PelindoCarLoan.API)'
2026-01-07 17:38:09.090 +07:00 [ERR] An unhandled exception occurred
Oracle.ManagedDataAccess.Client.OracleException (0x80004005): ORA-00904: "LR"."ID": invalid identifier
https://docs.oracle.com/error-help/db/ora-00904/
   at Oracle.ManagedDataAccess.Client.OracleCommand.<>c.<ExecuteDbDataReaderAsync>b__213_0(Task`1 result)
   at System.Threading.Tasks.ContinuationResultTaskFromResultTask`2.InnerInvoke()
   at System.Threading.ExecutionContext.RunInternal(ExecutionContext executionContext, ContextCallback callback, Object state)
--- End of stack trace from previous location ---
   at System.Threading.ExecutionContext.RunInternal(ExecutionContext executionContext, ContextCallback callback, Object state)
   at System.Threading.Tasks.Task.ExecuteWithThreadLocal(Task& currentTaskSlot, Thread threadPoolThread)
--- End of stack trace from previous location ---
   at Dapper.SqlMapper.MultiMapAsync[TFirst,TSecond,TThird,TFourth,TFifth,TSixth,TSeventh,TReturn](IDbConnection cnn, CommandDefinition command, Delegate map, String splitOn) in /_/Dapper/SqlMapper.Async.cs:line 940
   at PelindoCarLoan.API.Repositories.ScheduleRepository.GetAllAsync(String status) in C:\Users\abima\Desktop\Project\Pelindo\pelindo-car-loan\backend\PelindoCarLoan.API\Repositories\ScheduleRepository.cs:line 89
   at PelindoCarLoan.API.Services.SchedulingService.GetAllAsync(String status) in C:\Users\abima\Desktop\Project\Pelindo\pelindo-car-loan\backend\PelindoCarLoan.API\Services\SchedulingService.cs:line 203
   at PelindoCarLoan.API.Controllers.SchedulesController.GetAll(String status) in C:\Users\abima\Desktop\Project\Pelindo\pelindo-car-loan\backend\PelindoCarLoan.API\Controllers\SchedulesController.cs:line 35
   at Microsoft.AspNetCore.Mvc.Infrastructure.ActionMethodExecutor.TaskOfIActionResultExecutor.Execute(ActionContext actionContext, IActionResultTypeMapper mapper, ObjectMethodExecutor executor, Object controller, Object[] arguments)
   at Microsoft.AspNetCore.Mvc.Infrastructure.ControllerActionInvoker.<InvokeActionMethodAsync>g__Awaited|12_0(ControllerActionInvoker invoker, ValueTask`1 actionResultValueTask)
   at Microsoft.AspNetCore.Mvc.Infrastructure.ControllerActionInvoker.<InvokeNextActionFilterAsync>g__Awaited|10_0(ControllerActionInvoker invoker, Task lastTask, State next, Scope scope, Object state, Boolean isCompleted)
   at Microsoft.AspNetCore.Mvc.Infrastructure.ControllerActionInvoker.Rethrow(ActionExecutedContextSealed context)
   at Microsoft.AspNetCore.Mvc.Infrastructure.ControllerActionInvoker.Next(State& next, Scope& scope, Object& state, Boolean& isCompleted)
   at Microsoft.AspNetCore.Mvc.Infrastructure.ControllerActionInvoker.<InvokeInnerFilterAsync>g__Awaited|13_0(ControllerActionInvoker invoker, Task lastTask, State next, Scope scope, Object state, Boolean isCompleted)
   at Microsoft.AspNetCore.Mvc.Infrastructure.ResourceInvoker.<InvokeFilterPipelineAsync>g__Awaited|20_0(ResourceInvoker invoker, Task lastTask, State next, Scope scope, Object state, Boolean isCompleted)
   at Microsoft.AspNetCore.Mvc.Infrastructure.ResourceInvoker.<InvokeAsync>g__Logged|17_1(ResourceInvoker invoker)
   at Microsoft.AspNetCore.Mvc.Infrastructure.ResourceInvoker.<InvokeAsync>g__Logged|17_1(ResourceInvoker invoker)
   at Microsoft.AspNetCore.Routing.EndpointMiddleware.<Invoke>g__AwaitRequestTask|7_0(Endpoint endpoint, Task requestTask, ILogger logger)
   at Microsoft.AspNetCore.Authorization.AuthorizationMiddleware.Invoke(HttpContext context)
   at Microsoft.AspNetCore.Authentication.AuthenticationMiddleware.Invoke(HttpContext context)
   at PelindoCarLoan.API.Middleware.ExceptionMiddleware.InvokeAsync(HttpContext context) in C:\Users\abima\Desktop\Project\Pelindo\pelindo-car-loan\backend\PelindoCarLoan.API\Middleware\ExceptionMiddleware.cs:line 22
2026-01-07 17:38:09.090 +07:00 [INF] Request finished HTTP/1.1 GET http://localhost:5000/api/schedules/waiting-resources - 500 null application/json 20.9262ms
2026-01-07 17:38:09.096 +07:00 [INF] Request finished HTTP/1.1 GET http://localhost:5000/api/schedules - 500 null application/json 24.5129ms
2026-01-07 17:38:09.858 +07:00 [INF] Request starting HTTP/1.1 OPTIONS http://localhost:5000/api/dashboard - null null
2026-01-07 17:38:09.861 +07:00 [INF] CORS policy execution successful.
2026-01-07 17:38:09.862 +07:00 [INF] Request finished HTTP/1.1 OPTIONS http://localhost:5000/api/dashboard - 204 null null 4.2809ms
2026-01-07 17:38:09.865 +07:00 [INF] Request starting HTTP/1.1 GET http://localhost:5000/api/dashboard - null null
2026-01-07 17:38:09.868 +07:00 [INF] CORS policy execution successful.
2026-01-07 17:38:09.869 +07:00 [INF] Executing endpoint 'PelindoCarLoan.API.Controllers.DashboardController.GetDashboard (PelindoCarLoan.API)'
2026-01-07 17:38:09.870 +07:00 [INF] Route matched with {action = "GetDashboard", controller = "Dashboard"}. Executing controller action with signature System.Threading.Tasks.Task`1[Microsoft.AspNetCore.Mvc.IActionResult] GetDashboard() on controller PelindoCarLoan.API.Controllers.DashboardController (PelindoCarLoan.API).
2026-01-07 17:38:09.876 +07:00 [INF] Executed action PelindoCarLoan.API.Controllers.DashboardController.GetDashboard (PelindoCarLoan.API) in 3.4838ms
2026-01-07 17:38:09.877 +07:00 [INF] Executed endpoint 'PelindoCarLoan.API.Controllers.DashboardController.GetDashboard (PelindoCarLoan.API)'
2026-01-07 17:38:09.878 +07:00 [ERR] An unhandled exception occurred
Oracle.ManagedDataAccess.Client.OracleException (0x80004005): ORA-00904: "U"."ID": invalid identifier
https://docs.oracle.com/error-help/db/ora-00904/
   at Oracle.ManagedDataAccess.Client.OracleCommand.<>c.<ExecuteDbDataReaderAsync>b__213_0(Task`1 result)
   at System.Threading.Tasks.ContinuationResultTaskFromResultTask`2.InnerInvoke()
   at System.Threading.ExecutionContext.RunInternal(ExecutionContext executionContext, ContextCallback callback, Object state)
--- End of stack trace from previous location ---
   at System.Threading.ExecutionContext.RunInternal(ExecutionContext executionContext, ContextCallback callback, Object state)
   at System.Threading.Tasks.Task.ExecuteWithThreadLocal(Task& currentTaskSlot, Thread threadPoolThread)
--- End of stack trace from previous location ---
   at Dapper.SqlMapper.MultiMapAsync[TFirst,TSecond,TThird,TFourth,TFifth,TSixth,TSeventh,TReturn](IDbConnection cnn, CommandDefinition command, Delegate map, String splitOn) in /_/Dapper/SqlMapper.Async.cs:line 940
   at PelindoCarLoan.API.Repositories.LoanRequestRepository.GetAllAsync(Nullable`1 userId, String status) in C:\Users\abima\Desktop\Project\Pelindo\pelindo-car-loan\backend\PelindoCarLoan.API\Repositories\LoanRequestRepository.cs:line 95
   at PelindoCarLoan.API.Services.DashboardService.GetDashboardAsync(Int32 userId, String role) in C:\Users\abima\Desktop\Project\Pelindo\pelindo-car-loan\backend\PelindoCarLoan.API\Services\DashboardService.cs:line 78
   at PelindoCarLoan.API.Controllers.DashboardController.GetDashboard() in C:\Users\abima\Desktop\Project\Pelindo\pelindo-car-loan\backend\PelindoCarLoan.API\Controllers\DashboardController.cs:line 33
   at Microsoft.AspNetCore.Mvc.Infrastructure.ActionMethodExecutor.TaskOfIActionResultExecutor.Execute(ActionContext actionContext, IActionResultTypeMapper mapper, ObjectMethodExecutor executor, Object controller, Object[] arguments)
   at Microsoft.AspNetCore.Mvc.Infrastructure.ControllerActionInvoker.<InvokeActionMethodAsync>g__Awaited|12_0(ControllerActionInvoker invoker, ValueTask`1 actionResultValueTask)
   at Microsoft.AspNetCore.Mvc.Infrastructure.ControllerActionInvoker.<InvokeNextActionFilterAsync>g__Awaited|10_0(ControllerActionInvoker invoker, Task lastTask, State next, Scope scope, Object state, Boolean isCompleted)
   at Microsoft.AspNetCore.Mvc.Infrastructure.ControllerActionInvoker.Rethrow(ActionExecutedContextSealed context)
   at Microsoft.AspNetCore.Mvc.Infrastructure.ControllerActionInvoker.Next(State& next, Scope& scope, Object& state, Boolean& isCompleted)
   at Microsoft.AspNetCore.Mvc.Infrastructure.ControllerActionInvoker.<InvokeInnerFilterAsync>g__Awaited|13_0(ControllerActionInvoker invoker, Task lastTask, State next, Scope scope, Object state, Boolean isCompleted)
   at Microsoft.AspNetCore.Mvc.Infrastructure.ResourceInvoker.<InvokeFilterPipelineAsync>g__Awaited|20_0(ResourceInvoker invoker, Task lastTask, State next, Scope scope, Object state, Boolean isCompleted)
   at Microsoft.AspNetCore.Mvc.Infrastructure.ResourceInvoker.<InvokeAsync>g__Logged|17_1(ResourceInvoker invoker)
   at Microsoft.AspNetCore.Mvc.Infrastructure.ResourceInvoker.<InvokeAsync>g__Logged|17_1(ResourceInvoker invoker)
   at Microsoft.AspNetCore.Routing.EndpointMiddleware.<Invoke>g__AwaitRequestTask|7_0(Endpoint endpoint, Task requestTask, ILogger logger)
   at Microsoft.AspNetCore.Authorization.AuthorizationMiddleware.Invoke(HttpContext context)
   at Microsoft.AspNetCore.Authentication.AuthenticationMiddleware.Invoke(HttpContext context)
   at PelindoCarLoan.API.Middleware.ExceptionMiddleware.InvokeAsync(HttpContext context) in C:\Users\abima\Desktop\Project\Pelindo\pelindo-car-loan\backend\PelindoCarLoan.API\Middleware\ExceptionMiddleware.cs:line 22
2026-01-07 17:38:09.884 +07:00 [INF] Request finished HTTP/1.1 GET http://localhost:5000/api/dashboard - 500 null application/json 18.2834ms
2026-01-07 17:38:10.894 +07:00 [INF] Request starting HTTP/1.1 GET http://localhost:5000/api/dashboard - null null
2026-01-07 17:38:10.896 +07:00 [INF] CORS policy execution successful.
2026-01-07 17:38:10.897 +07:00 [INF] Executing endpoint 'PelindoCarLoan.API.Controllers.DashboardController.GetDashboard (PelindoCarLoan.API)'
2026-01-07 17:38:10.897 +07:00 [INF] Route matched with {action = "GetDashboard", controller = "Dashboard"}. Executing controller action with signature System.Threading.Tasks.Task`1[Microsoft.AspNetCore.Mvc.IActionResult] GetDashboard() on controller PelindoCarLoan.API.Controllers.DashboardController (PelindoCarLoan.API).
2026-01-07 17:38:10.902 +07:00 [INF] Executed action PelindoCarLoan.API.Controllers.DashboardController.GetDashboard (PelindoCarLoan.API) in 3.5195ms
2026-01-07 17:38:10.903 +07:00 [INF] Executed endpoint 'PelindoCarLoan.API.Controllers.DashboardController.GetDashboard (PelindoCarLoan.API)'
2026-01-07 17:38:10.904 +07:00 [ERR] An unhandled exception occurred
Oracle.ManagedDataAccess.Client.OracleException (0x80004005): ORA-00904: "U"."ID": invalid identifier
https://docs.oracle.com/error-help/db/ora-00904/
   at Oracle.ManagedDataAccess.Client.OracleCommand.<>c.<ExecuteDbDataReaderAsync>b__213_0(Task`1 result)
   at System.Threading.Tasks.ContinuationResultTaskFromResultTask`2.InnerInvoke()
   at System.Threading.ExecutionContext.RunInternal(ExecutionContext executionContext, ContextCallback callback, Object state)
--- End of stack trace from previous location ---
   at System.Threading.ExecutionContext.RunInternal(ExecutionContext executionContext, ContextCallback callback, Object state)
   at System.Threading.Tasks.Task.ExecuteWithThreadLocal(Task& currentTaskSlot, Thread threadPoolThread)
--- End of stack trace from previous location ---
   at Dapper.SqlMapper.MultiMapAsync[TFirst,TSecond,TThird,TFourth,TFifth,TSixth,TSeventh,TReturn](IDbConnection cnn, CommandDefinition command, Delegate map, String splitOn) in /_/Dapper/SqlMapper.Async.cs:line 940
   at PelindoCarLoan.API.Repositories.LoanRequestRepository.GetAllAsync(Nullable`1 userId, String status) in C:\Users\abima\Desktop\Project\Pelindo\pelindo-car-loan\backend\PelindoCarLoan.API\Repositories\LoanRequestRepository.cs:line 95
   at PelindoCarLoan.API.Services.DashboardService.GetDashboardAsync(Int32 userId, String role) in C:\Users\abima\Desktop\Project\Pelindo\pelindo-car-loan\backend\PelindoCarLoan.API\Services\DashboardService.cs:line 78
   at PelindoCarLoan.API.Controllers.DashboardController.GetDashboard() in C:\Users\abima\Desktop\Project\Pelindo\pelindo-car-loan\backend\PelindoCarLoan.API\Controllers\DashboardController.cs:line 33
   at Microsoft.AspNetCore.Mvc.Infrastructure.ActionMethodExecutor.TaskOfIActionResultExecutor.Execute(ActionContext actionContext, IActionResultTypeMapper mapper, ObjectMethodExecutor executor, Object controller, Object[] arguments)
   at Microsoft.AspNetCore.Mvc.Infrastructure.ControllerActionInvoker.<InvokeActionMethodAsync>g__Awaited|12_0(ControllerActionInvoker invoker, ValueTask`1 actionResultValueTask)
   at Microsoft.AspNetCore.Mvc.Infrastructure.ControllerActionInvoker.<InvokeNextActionFilterAsync>g__Awaited|10_0(ControllerActionInvoker invoker, Task lastTask, State next, Scope scope, Object state, Boolean isCompleted)
   at Microsoft.AspNetCore.Mvc.Infrastructure.ControllerActionInvoker.Rethrow(ActionExecutedContextSealed context)
   at Microsoft.AspNetCore.Mvc.Infrastructure.ControllerActionInvoker.Next(State& next, Scope& scope, Object& state, Boolean& isCompleted)
   at Microsoft.AspNetCore.Mvc.Infrastructure.ControllerActionInvoker.<InvokeInnerFilterAsync>g__Awaited|13_0(ControllerActionInvoker invoker, Task lastTask, State next, Scope scope, Object state, Boolean isCompleted)
   at Microsoft.AspNetCore.Mvc.Infrastructure.ResourceInvoker.<InvokeFilterPipelineAsync>g__Awaited|20_0(ResourceInvoker invoker, Task lastTask, State next, Scope scope, Object state, Boolean isCompleted)
   at Microsoft.AspNetCore.Mvc.Infrastructure.ResourceInvoker.<InvokeAsync>g__Logged|17_1(ResourceInvoker invoker)
   at Microsoft.AspNetCore.Mvc.Infrastructure.ResourceInvoker.<InvokeAsync>g__Logged|17_1(ResourceInvoker invoker)
   at Microsoft.AspNetCore.Routing.EndpointMiddleware.<Invoke>g__AwaitRequestTask|7_0(Endpoint endpoint, Task requestTask, ILogger logger)
   at Microsoft.AspNetCore.Authorization.AuthorizationMiddleware.Invoke(HttpContext context)
   at Microsoft.AspNetCore.Authentication.AuthenticationMiddleware.Invoke(HttpContext context)
   at PelindoCarLoan.API.Middleware.ExceptionMiddleware.InvokeAsync(HttpContext context) in C:\Users\abima\Desktop\Project\Pelindo\pelindo-car-loan\backend\PelindoCarLoan.API\Middleware\ExceptionMiddleware.cs:line 22
2026-01-07 17:38:10.910 +07:00 [INF] Request finished HTTP/1.1 GET http://localhost:5000/api/dashboard - 500 null application/json 16.7259ms
2026-01-07 17:38:16.940 +07:00 [INF] Request starting HTTP/1.1 OPTIONS http://localhost:5000/api/schedules - null null
2026-01-07 17:38:16.940 +07:00 [INF] Request starting HTTP/1.1 OPTIONS http://localhost:5000/api/schedules/waiting-resources - null null
2026-01-07 17:38:16.943 +07:00 [INF] CORS policy execution successful.
2026-01-07 17:38:16.945 +07:00 [INF] CORS policy execution successful.
2026-01-07 17:38:16.946 +07:00 [INF] Request finished HTTP/1.1 OPTIONS http://localhost:5000/api/schedules - 204 null null 6.3296ms
2026-01-07 17:38:16.947 +07:00 [INF] Request finished HTTP/1.1 OPTIONS http://localhost:5000/api/schedules/waiting-resources - 204 null null 6.4323ms
2026-01-07 17:38:16.951 +07:00 [INF] Request starting HTTP/1.1 GET http://localhost:5000/api/schedules/waiting-resources - null null
2026-01-07 17:38:16.953 +07:00 [INF] Request starting HTTP/1.1 GET http://localhost:5000/api/schedules - null null
2026-01-07 17:38:16.955 +07:00 [INF] CORS policy execution successful.
2026-01-07 17:38:16.957 +07:00 [INF] CORS policy execution successful.
2026-01-07 17:38:16.958 +07:00 [INF] Executing endpoint 'PelindoCarLoan.API.Controllers.SchedulesController.GetWaitingResources (PelindoCarLoan.API)'
2026-01-07 17:38:16.959 +07:00 [INF] Executing endpoint 'PelindoCarLoan.API.Controllers.SchedulesController.GetAll (PelindoCarLoan.API)'
2026-01-07 17:38:16.959 +07:00 [INF] Route matched with {action = "GetWaitingResources", controller = "Schedules"}. Executing controller action with signature System.Threading.Tasks.Task`1[Microsoft.AspNetCore.Mvc.IActionResult] GetWaitingResources() on controller PelindoCarLoan.API.Controllers.SchedulesController (PelindoCarLoan.API).
2026-01-07 17:38:16.960 +07:00 [INF] Route matched with {action = "GetAll", controller = "Schedules"}. Executing controller action with signature System.Threading.Tasks.Task`1[Microsoft.AspNetCore.Mvc.IActionResult] GetAll(System.String) on controller PelindoCarLoan.API.Controllers.SchedulesController (PelindoCarLoan.API).
2026-01-07 17:38:16.963 +07:00 [INF] Executed action PelindoCarLoan.API.Controllers.SchedulesController.GetWaitingResources (PelindoCarLoan.API) in 1.5017ms
2026-01-07 17:38:16.965 +07:00 [INF] Executed endpoint 'PelindoCarLoan.API.Controllers.SchedulesController.GetWaitingResources (PelindoCarLoan.API)'
2026-01-07 17:38:16.965 +07:00 [INF] Executed action PelindoCarLoan.API.Controllers.SchedulesController.GetAll (PelindoCarLoan.API) in 1.4345ms
2026-01-07 17:38:16.965 +07:00 [ERR] An unhandled exception occurred
Oracle.ManagedDataAccess.Client.OracleException (0x80004005): ORA-00904: "U"."ID": invalid identifier
https://docs.oracle.com/error-help/db/ora-00904/
   at Oracle.ManagedDataAccess.Client.OracleCommand.<>c.<ExecuteDbDataReaderAsync>b__213_0(Task`1 result)
   at System.Threading.Tasks.ContinuationResultTaskFromResultTask`2.InnerInvoke()
   at System.Threading.ExecutionContext.RunInternal(ExecutionContext executionContext, ContextCallback callback, Object state)
--- End of stack trace from previous location ---
   at System.Threading.ExecutionContext.RunInternal(ExecutionContext executionContext, ContextCallback callback, Object state)
   at System.Threading.Tasks.Task.ExecuteWithThreadLocal(Task& currentTaskSlot, Thread threadPoolThread)
--- End of stack trace from previous location ---
   at Dapper.SqlMapper.MultiMapAsync[TFirst,TSecond,TThird,TFourth,TFifth,TSixth,TSeventh,TReturn](IDbConnection cnn, CommandDefinition command, Delegate map, String splitOn) in /_/Dapper/SqlMapper.Async.cs:line 940
   at PelindoCarLoan.API.Repositories.LoanRequestRepository.GetAllAsync(Nullable`1 userId, String status) in C:\Users\abima\Desktop\Project\Pelindo\pelindo-car-loan\backend\PelindoCarLoan.API\Repositories\LoanRequestRepository.cs:line 95
   at PelindoCarLoan.API.Repositories.LoanRequestRepository.GetByStatusAsync(String status) in C:\Users\abima\Desktop\Project\Pelindo\pelindo-car-loan\backend\PelindoCarLoan.API\Repositories\LoanRequestRepository.cs:line 141
   at PelindoCarLoan.API.Services.SchedulingService.GetWaitingResourceRequestsAsync() in C:\Users\abima\Desktop\Project\Pelindo\pelindo-car-loan\backend\PelindoCarLoan.API\Services\SchedulingService.cs:line 256
   at PelindoCarLoan.API.Controllers.SchedulesController.GetWaitingResources() in C:\Users\abima\Desktop\Project\Pelindo\pelindo-car-loan\backend\PelindoCarLoan.API\Controllers\SchedulesController.cs:line 152
   at Microsoft.AspNetCore.Mvc.Infrastructure.ActionMethodExecutor.TaskOfIActionResultExecutor.Execute(ActionContext actionContext, IActionResultTypeMapper mapper, ObjectMethodExecutor executor, Object controller, Object[] arguments)
   at Microsoft.AspNetCore.Mvc.Infrastructure.ControllerActionInvoker.<InvokeActionMethodAsync>g__Awaited|12_0(ControllerActionInvoker invoker, ValueTask`1 actionResultValueTask)
   at Microsoft.AspNetCore.Mvc.Infrastructure.ControllerActionInvoker.<InvokeNextActionFilterAsync>g__Awaited|10_0(ControllerActionInvoker invoker, Task lastTask, State next, Scope scope, Object state, Boolean isCompleted)
   at Microsoft.AspNetCore.Mvc.Infrastructure.ControllerActionInvoker.Rethrow(ActionExecutedContextSealed context)
   at Microsoft.AspNetCore.Mvc.Infrastructure.ControllerActionInvoker.Next(State& next, Scope& scope, Object& state, Boolean& isCompleted)
   at Microsoft.AspNetCore.Mvc.Infrastructure.ControllerActionInvoker.<InvokeInnerFilterAsync>g__Awaited|13_0(ControllerActionInvoker invoker, Task lastTask, State next, Scope scope, Object state, Boolean isCompleted)
   at Microsoft.AspNetCore.Mvc.Infrastructure.ResourceInvoker.<InvokeFilterPipelineAsync>g__Awaited|20_0(ResourceInvoker invoker, Task lastTask, State next, Scope scope, Object state, Boolean isCompleted)
   at Microsoft.AspNetCore.Mvc.Infrastructure.ResourceInvoker.<InvokeAsync>g__Logged|17_1(ResourceInvoker invoker)
   at Microsoft.AspNetCore.Mvc.Infrastructure.ResourceInvoker.<InvokeAsync>g__Logged|17_1(ResourceInvoker invoker)
   at Microsoft.AspNetCore.Routing.EndpointMiddleware.<Invoke>g__AwaitRequestTask|7_0(Endpoint endpoint, Task requestTask, ILogger logger)
   at Microsoft.AspNetCore.Authorization.AuthorizationMiddleware.Invoke(HttpContext context)
   at Microsoft.AspNetCore.Authentication.AuthenticationMiddleware.Invoke(HttpContext context)
   at PelindoCarLoan.API.Middleware.ExceptionMiddleware.InvokeAsync(HttpContext context) in C:\Users\abima\Desktop\Project\Pelindo\pelindo-car-loan\backend\PelindoCarLoan.API\Middleware\ExceptionMiddleware.cs:line 22
2026-01-07 17:38:16.966 +07:00 [INF] Executed endpoint 'PelindoCarLoan.API.Controllers.SchedulesController.GetAll (PelindoCarLoan.API)'
2026-01-07 17:38:16.973 +07:00 [INF] Request finished HTTP/1.1 GET http://localhost:5000/api/schedules/waiting-resources - 500 null application/json 22.4545ms
2026-01-07 17:38:16.973 +07:00 [ERR] An unhandled exception occurred
Oracle.ManagedDataAccess.Client.OracleException (0x80004005): ORA-00904: "LR"."ID": invalid identifier
https://docs.oracle.com/error-help/db/ora-00904/
   at Oracle.ManagedDataAccess.Client.OracleCommand.<>c.<ExecuteDbDataReaderAsync>b__213_0(Task`1 result)
   at System.Threading.Tasks.ContinuationResultTaskFromResultTask`2.InnerInvoke()
   at System.Threading.ExecutionContext.RunInternal(ExecutionContext executionContext, ContextCallback callback, Object state)
--- End of stack trace from previous location ---
   at System.Threading.ExecutionContext.RunInternal(ExecutionContext executionContext, ContextCallback callback, Object state)
   at System.Threading.Tasks.Task.ExecuteWithThreadLocal(Task& currentTaskSlot, Thread threadPoolThread)
--- End of stack trace from previous location ---
   at Dapper.SqlMapper.MultiMapAsync[TFirst,TSecond,TThird,TFourth,TFifth,TSixth,TSeventh,TReturn](IDbConnection cnn, CommandDefinition command, Delegate map, String splitOn) in /_/Dapper/SqlMapper.Async.cs:line 940
   at PelindoCarLoan.API.Repositories.ScheduleRepository.GetAllAsync(String status) in C:\Users\abima\Desktop\Project\Pelindo\pelindo-car-loan\backend\PelindoCarLoan.API\Repositories\ScheduleRepository.cs:line 89
   at PelindoCarLoan.API.Services.SchedulingService.GetAllAsync(String status) in C:\Users\abima\Desktop\Project\Pelindo\pelindo-car-loan\backend\PelindoCarLoan.API\Services\SchedulingService.cs:line 203
   at PelindoCarLoan.API.Controllers.SchedulesController.GetAll(String status) in C:\Users\abima\Desktop\Project\Pelindo\pelindo-car-loan\backend\PelindoCarLoan.API\Controllers\SchedulesController.cs:line 35
   at Microsoft.AspNetCore.Mvc.Infrastructure.ActionMethodExecutor.TaskOfIActionResultExecutor.Execute(ActionContext actionContext, IActionResultTypeMapper mapper, ObjectMethodExecutor executor, Object controller, Object[] arguments)
   at Microsoft.AspNetCore.Mvc.Infrastructure.ControllerActionInvoker.<InvokeActionMethodAsync>g__Awaited|12_0(ControllerActionInvoker invoker, ValueTask`1 actionResultValueTask)
   at Microsoft.AspNetCore.Mvc.Infrastructure.ControllerActionInvoker.<InvokeNextActionFilterAsync>g__Awaited|10_0(ControllerActionInvoker invoker, Task lastTask, State next, Scope scope, Object state, Boolean isCompleted)
   at Microsoft.AspNetCore.Mvc.Infrastructure.ControllerActionInvoker.Rethrow(ActionExecutedContextSealed context)
   at Microsoft.AspNetCore.Mvc.Infrastructure.ControllerActionInvoker.Next(State& next, Scope& scope, Object& state, Boolean& isCompleted)
   at Microsoft.AspNetCore.Mvc.Infrastructure.ControllerActionInvoker.<InvokeInnerFilterAsync>g__Awaited|13_0(ControllerActionInvoker invoker, Task lastTask, State next, Scope scope, Object state, Boolean isCompleted)
   at Microsoft.AspNetCore.Mvc.Infrastructure.ResourceInvoker.<InvokeFilterPipelineAsync>g__Awaited|20_0(ResourceInvoker invoker, Task lastTask, State next, Scope scope, Object state, Boolean isCompleted)
   at Microsoft.AspNetCore.Mvc.Infrastructure.ResourceInvoker.<InvokeAsync>g__Logged|17_1(ResourceInvoker invoker)
   at Microsoft.AspNetCore.Mvc.Infrastructure.ResourceInvoker.<InvokeAsync>g__Logged|17_1(ResourceInvoker invoker)
   at Microsoft.AspNetCore.Routing.EndpointMiddleware.<Invoke>g__AwaitRequestTask|7_0(Endpoint endpoint, Task requestTask, ILogger logger)
   at Microsoft.AspNetCore.Authorization.AuthorizationMiddleware.Invoke(HttpContext context)
   at Microsoft.AspNetCore.Authentication.AuthenticationMiddleware.Invoke(HttpContext context)
   at PelindoCarLoan.API.Middleware.ExceptionMiddleware.InvokeAsync(HttpContext context) in C:\Users\abima\Desktop\Project\Pelindo\pelindo-car-loan\backend\PelindoCarLoan.API\Middleware\ExceptionMiddleware.cs:line 22
2026-01-07 17:38:16.982 +07:00 [INF] Request finished HTTP/1.1 GET http://localhost:5000/api/schedules - 500 null application/json 28.1543ms
2026-01-07 17:38:17.980 +07:00 [INF] Request starting HTTP/1.1 GET http://localhost:5000/api/schedules/waiting-resources - null null
2026-01-07 17:38:17.983 +07:00 [INF] CORS policy execution successful.
2026-01-07 17:38:17.984 +07:00 [INF] Executing endpoint 'PelindoCarLoan.API.Controllers.SchedulesController.GetWaitingResources (PelindoCarLoan.API)'
2026-01-07 17:38:17.985 +07:00 [INF] Route matched with {action = "GetWaitingResources", controller = "Schedules"}. Executing controller action with signature System.Threading.Tasks.Task`1[Microsoft.AspNetCore.Mvc.IActionResult] GetWaitingResources() on controller PelindoCarLoan.API.Controllers.SchedulesController (PelindoCarLoan.API).
2026-01-07 17:38:17.989 +07:00 [INF] Executed action PelindoCarLoan.API.Controllers.SchedulesController.GetWaitingResources (PelindoCarLoan.API) in 1.6901ms
2026-01-07 17:38:17.990 +07:00 [INF] Request starting HTTP/1.1 GET http://localhost:5000/api/schedules - null null
2026-01-07 17:38:17.990 +07:00 [INF] Executed endpoint 'PelindoCarLoan.API.Controllers.SchedulesController.GetWaitingResources (PelindoCarLoan.API)'
2026-01-07 17:38:17.992 +07:00 [INF] CORS policy execution successful.
2026-01-07 17:38:17.993 +07:00 [ERR] An unhandled exception occurred
Oracle.ManagedDataAccess.Client.OracleException (0x80004005): ORA-00904: "U"."ID": invalid identifier
https://docs.oracle.com/error-help/db/ora-00904/
   at Oracle.ManagedDataAccess.Client.OracleCommand.<>c.<ExecuteDbDataReaderAsync>b__213_0(Task`1 result)
   at System.Threading.Tasks.ContinuationResultTaskFromResultTask`2.InnerInvoke()
   at System.Threading.ExecutionContext.RunInternal(ExecutionContext executionContext, ContextCallback callback, Object state)
--- End of stack trace from previous location ---
   at System.Threading.ExecutionContext.RunInternal(ExecutionContext executionContext, ContextCallback callback, Object state)
   at System.Threading.Tasks.Task.ExecuteWithThreadLocal(Task& currentTaskSlot, Thread threadPoolThread)
--- End of stack trace from previous location ---
   at Dapper.SqlMapper.MultiMapAsync[TFirst,TSecond,TThird,TFourth,TFifth,TSixth,TSeventh,TReturn](IDbConnection cnn, CommandDefinition command, Delegate map, String splitOn) in /_/Dapper/SqlMapper.Async.cs:line 940
   at PelindoCarLoan.API.Repositories.LoanRequestRepository.GetAllAsync(Nullable`1 userId, String status) in C:\Users\abima\Desktop\Project\Pelindo\pelindo-car-loan\backend\PelindoCarLoan.API\Repositories\LoanRequestRepository.cs:line 95
   at PelindoCarLoan.API.Repositories.LoanRequestRepository.GetByStatusAsync(String status) in C:\Users\abima\Desktop\Project\Pelindo\pelindo-car-loan\backend\PelindoCarLoan.API\Repositories\LoanRequestRepository.cs:line 141
   at PelindoCarLoan.API.Services.SchedulingService.GetWaitingResourceRequestsAsync() in C:\Users\abima\Desktop\Project\Pelindo\pelindo-car-loan\backend\PelindoCarLoan.API\Services\SchedulingService.cs:line 256
   at PelindoCarLoan.API.Controllers.SchedulesController.GetWaitingResources() in C:\Users\abima\Desktop\Project\Pelindo\pelindo-car-loan\backend\PelindoCarLoan.API\Controllers\SchedulesController.cs:line 152
   at Microsoft.AspNetCore.Mvc.Infrastructure.ActionMethodExecutor.TaskOfIActionResultExecutor.Execute(ActionContext actionContext, IActionResultTypeMapper mapper, ObjectMethodExecutor executor, Object controller, Object[] arguments)
   at Microsoft.AspNetCore.Mvc.Infrastructure.ControllerActionInvoker.<InvokeActionMethodAsync>g__Awaited|12_0(ControllerActionInvoker invoker, ValueTask`1 actionResultValueTask)
   at Microsoft.AspNetCore.Mvc.Infrastructure.ControllerActionInvoker.<InvokeNextActionFilterAsync>g__Awaited|10_0(ControllerActionInvoker invoker, Task lastTask, State next, Scope scope, Object state, Boolean isCompleted)
   at Microsoft.AspNetCore.Mvc.Infrastructure.ControllerActionInvoker.Rethrow(ActionExecutedContextSealed context)
   at Microsoft.AspNetCore.Mvc.Infrastructure.ControllerActionInvoker.Next(State& next, Scope& scope, Object& state, Boolean& isCompleted)
   at Microsoft.AspNetCore.Mvc.Infrastructure.ControllerActionInvoker.<InvokeInnerFilterAsync>g__Awaited|13_0(ControllerActionInvoker invoker, Task lastTask, State next, Scope scope, Object state, Boolean isCompleted)
   at Microsoft.AspNetCore.Mvc.Infrastructure.ResourceInvoker.<InvokeFilterPipelineAsync>g__Awaited|20_0(ResourceInvoker invoker, Task lastTask, State next, Scope scope, Object state, Boolean isCompleted)
   at Microsoft.AspNetCore.Mvc.Infrastructure.ResourceInvoker.<InvokeAsync>g__Logged|17_1(ResourceInvoker invoker)
   at Microsoft.AspNetCore.Mvc.Infrastructure.ResourceInvoker.<InvokeAsync>g__Logged|17_1(ResourceInvoker invoker)
   at Microsoft.AspNetCore.Routing.EndpointMiddleware.<Invoke>g__AwaitRequestTask|7_0(Endpoint endpoint, Task requestTask, ILogger logger)
   at Microsoft.AspNetCore.Authorization.AuthorizationMiddleware.Invoke(HttpContext context)
   at Microsoft.AspNetCore.Authentication.AuthenticationMiddleware.Invoke(HttpContext context)
   at PelindoCarLoan.API.Middleware.ExceptionMiddleware.InvokeAsync(HttpContext context) in C:\Users\abima\Desktop\Project\Pelindo\pelindo-car-loan\backend\PelindoCarLoan.API\Middleware\ExceptionMiddleware.cs:line 22
2026-01-07 17:38:17.993 +07:00 [INF] Executing endpoint 'PelindoCarLoan.API.Controllers.SchedulesController.GetAll (PelindoCarLoan.API)'
2026-01-07 17:38:17.999 +07:00 [INF] Route matched with {action = "GetAll", controller = "Schedules"}. Executing controller action with signature System.Threading.Tasks.Task`1[Microsoft.AspNetCore.Mvc.IActionResult] GetAll(System.String) on controller PelindoCarLoan.API.Controllers.SchedulesController (PelindoCarLoan.API).
2026-01-07 17:38:17.999 +07:00 [INF] Request finished HTTP/1.1 GET http://localhost:5000/api/schedules/waiting-resources - 500 null application/json 19.5845ms
2026-01-07 17:38:18.002 +07:00 [INF] Executed action PelindoCarLoan.API.Controllers.SchedulesController.GetAll (PelindoCarLoan.API) in 1.6776ms
2026-01-07 17:38:18.004 +07:00 [INF] Executed endpoint 'PelindoCarLoan.API.Controllers.SchedulesController.GetAll (PelindoCarLoan.API)'
2026-01-07 17:38:18.005 +07:00 [ERR] An unhandled exception occurred
Oracle.ManagedDataAccess.Client.OracleException (0x80004005): ORA-00904: "LR"."ID": invalid identifier
https://docs.oracle.com/error-help/db/ora-00904/
   at Oracle.ManagedDataAccess.Client.OracleCommand.<>c.<ExecuteDbDataReaderAsync>b__213_0(Task`1 result)
   at System.Threading.Tasks.ContinuationResultTaskFromResultTask`2.InnerInvoke()
   at System.Threading.ExecutionContext.RunInternal(ExecutionContext executionContext, ContextCallback callback, Object state)
--- End of stack trace from previous location ---
   at System.Threading.ExecutionContext.RunInternal(ExecutionContext executionContext, ContextCallback callback, Object state)
   at System.Threading.Tasks.Task.ExecuteWithThreadLocal(Task& currentTaskSlot, Thread threadPoolThread)
--- End of stack trace from previous location ---
   at Dapper.SqlMapper.MultiMapAsync[TFirst,TSecond,TThird,TFourth,TFifth,TSixth,TSeventh,TReturn](IDbConnection cnn, CommandDefinition command, Delegate map, String splitOn) in /_/Dapper/SqlMapper.Async.cs:line 940
   at PelindoCarLoan.API.Repositories.ScheduleRepository.GetAllAsync(String status) in C:\Users\abima\Desktop\Project\Pelindo\pelindo-car-loan\backend\PelindoCarLoan.API\Repositories\ScheduleRepository.cs:line 89
   at PelindoCarLoan.API.Services.SchedulingService.GetAllAsync(String status) in C:\Users\abima\Desktop\Project\Pelindo\pelindo-car-loan\backend\PelindoCarLoan.API\Services\SchedulingService.cs:line 203
   at PelindoCarLoan.API.Controllers.SchedulesController.GetAll(String status) in C:\Users\abima\Desktop\Project\Pelindo\pelindo-car-loan\backend\PelindoCarLoan.API\Controllers\SchedulesController.cs:line 35
   at Microsoft.AspNetCore.Mvc.Infrastructure.ActionMethodExecutor.TaskOfIActionResultExecutor.Execute(ActionContext actionContext, IActionResultTypeMapper mapper, ObjectMethodExecutor executor, Object controller, Object[] arguments)
   at Microsoft.AspNetCore.Mvc.Infrastructure.ControllerActionInvoker.<InvokeActionMethodAsync>g__Awaited|12_0(ControllerActionInvoker invoker, ValueTask`1 actionResultValueTask)
   at Microsoft.AspNetCore.Mvc.Infrastructure.ControllerActionInvoker.<InvokeNextActionFilterAsync>g__Awaited|10_0(ControllerActionInvoker invoker, Task lastTask, State next, Scope scope, Object state, Boolean isCompleted)
   at Microsoft.AspNetCore.Mvc.Infrastructure.ControllerActionInvoker.Rethrow(ActionExecutedContextSealed context)
   at Microsoft.AspNetCore.Mvc.Infrastructure.ControllerActionInvoker.Next(State& next, Scope& scope, Object& state, Boolean& isCompleted)
   at Microsoft.AspNetCore.Mvc.Infrastructure.ControllerActionInvoker.<InvokeInnerFilterAsync>g__Awaited|13_0(ControllerActionInvoker invoker, Task lastTask, State next, Scope scope, Object state, Boolean isCompleted)
   at Microsoft.AspNetCore.Mvc.Infrastructure.ResourceInvoker.<InvokeFilterPipelineAsync>g__Awaited|20_0(ResourceInvoker invoker, Task lastTask, State next, Scope scope, Object state, Boolean isCompleted)
   at Microsoft.AspNetCore.Mvc.Infrastructure.ResourceInvoker.<InvokeAsync>g__Logged|17_1(ResourceInvoker invoker)
   at Microsoft.AspNetCore.Mvc.Infrastructure.ResourceInvoker.<InvokeAsync>g__Logged|17_1(ResourceInvoker invoker)
   at Microsoft.AspNetCore.Routing.EndpointMiddleware.<Invoke>g__AwaitRequestTask|7_0(Endpoint endpoint, Task requestTask, ILogger logger)
   at Microsoft.AspNetCore.Authorization.AuthorizationMiddleware.Invoke(HttpContext context)
   at Microsoft.AspNetCore.Authentication.AuthenticationMiddleware.Invoke(HttpContext context)
   at PelindoCarLoan.API.Middleware.ExceptionMiddleware.InvokeAsync(HttpContext context) in C:\Users\abima\Desktop\Project\Pelindo\pelindo-car-loan\backend\PelindoCarLoan.API\Middleware\ExceptionMiddleware.cs:line 22
2026-01-07 17:38:18.010 +07:00 [INF] Request finished HTTP/1.1 GET http://localhost:5000/api/schedules - 500 null application/json 20.2936ms
2026-01-07 17:38:32.643 +07:00 [INF] Request starting HTTP/1.1 OPTIONS http://localhost:5000/api/schedules - null null
2026-01-07 17:38:32.644 +07:00 [INF] Request starting HTTP/1.1 OPTIONS http://localhost:5000/api/schedules/waiting-resources - null null
2026-01-07 17:38:32.647 +07:00 [INF] CORS policy execution successful.
2026-01-07 17:38:32.650 +07:00 [INF] CORS policy execution successful.
2026-01-07 17:38:32.651 +07:00 [INF] Request finished HTTP/1.1 OPTIONS http://localhost:5000/api/schedules - 204 null null 7.096ms
2026-01-07 17:38:32.651 +07:00 [INF] Request finished HTTP/1.1 OPTIONS http://localhost:5000/api/schedules/waiting-resources - 204 null null 7.4879ms
2026-01-07 17:38:32.654 +07:00 [INF] Request starting HTTP/1.1 GET http://localhost:5000/api/schedules - null null
2026-01-07 17:38:32.657 +07:00 [INF] Request starting HTTP/1.1 GET http://localhost:5000/api/schedules/waiting-resources - null null
2026-01-07 17:38:32.659 +07:00 [INF] CORS policy execution successful.
2026-01-07 17:38:32.661 +07:00 [INF] CORS policy execution successful.
2026-01-07 17:38:32.662 +07:00 [INF] Executing endpoint 'PelindoCarLoan.API.Controllers.SchedulesController.GetAll (PelindoCarLoan.API)'
2026-01-07 17:38:32.663 +07:00 [INF] Executing endpoint 'PelindoCarLoan.API.Controllers.SchedulesController.GetWaitingResources (PelindoCarLoan.API)'
2026-01-07 17:38:32.664 +07:00 [INF] Route matched with {action = "GetAll", controller = "Schedules"}. Executing controller action with signature System.Threading.Tasks.Task`1[Microsoft.AspNetCore.Mvc.IActionResult] GetAll(System.String) on controller PelindoCarLoan.API.Controllers.SchedulesController (PelindoCarLoan.API).
2026-01-07 17:38:32.664 +07:00 [INF] Route matched with {action = "GetWaitingResources", controller = "Schedules"}. Executing controller action with signature System.Threading.Tasks.Task`1[Microsoft.AspNetCore.Mvc.IActionResult] GetWaitingResources() on controller PelindoCarLoan.API.Controllers.SchedulesController (PelindoCarLoan.API).
2026-01-07 17:38:32.667 +07:00 [INF] Executed action PelindoCarLoan.API.Controllers.SchedulesController.GetAll (PelindoCarLoan.API) in 1.7072ms
2026-01-07 17:38:32.668 +07:00 [INF] Executed action PelindoCarLoan.API.Controllers.SchedulesController.GetWaitingResources (PelindoCarLoan.API) in 1.4209ms
2026-01-07 17:38:32.668 +07:00 [INF] Executed endpoint 'PelindoCarLoan.API.Controllers.SchedulesController.GetAll (PelindoCarLoan.API)'
2026-01-07 17:38:32.670 +07:00 [INF] Executed endpoint 'PelindoCarLoan.API.Controllers.SchedulesController.GetWaitingResources (PelindoCarLoan.API)'
2026-01-07 17:38:32.670 +07:00 [ERR] An unhandled exception occurred
Oracle.ManagedDataAccess.Client.OracleException (0x80004005): ORA-00904: "LR"."ID": invalid identifier
https://docs.oracle.com/error-help/db/ora-00904/
   at Oracle.ManagedDataAccess.Client.OracleCommand.<>c.<ExecuteDbDataReaderAsync>b__213_0(Task`1 result)
   at System.Threading.Tasks.ContinuationResultTaskFromResultTask`2.InnerInvoke()
   at System.Threading.ExecutionContext.RunInternal(ExecutionContext executionContext, ContextCallback callback, Object state)
--- End of stack trace from previous location ---
   at System.Threading.ExecutionContext.RunInternal(ExecutionContext executionContext, ContextCallback callback, Object state)
   at System.Threading.Tasks.Task.ExecuteWithThreadLocal(Task& currentTaskSlot, Thread threadPoolThread)
--- End of stack trace from previous location ---
   at Dapper.SqlMapper.MultiMapAsync[TFirst,TSecond,TThird,TFourth,TFifth,TSixth,TSeventh,TReturn](IDbConnection cnn, CommandDefinition command, Delegate map, String splitOn) in /_/Dapper/SqlMapper.Async.cs:line 940
   at PelindoCarLoan.API.Repositories.ScheduleRepository.GetAllAsync(String status) in C:\Users\abima\Desktop\Project\Pelindo\pelindo-car-loan\backend\PelindoCarLoan.API\Repositories\ScheduleRepository.cs:line 89
   at PelindoCarLoan.API.Services.SchedulingService.GetAllAsync(String status) in C:\Users\abima\Desktop\Project\Pelindo\pelindo-car-loan\backend\PelindoCarLoan.API\Services\SchedulingService.cs:line 203
   at PelindoCarLoan.API.Controllers.SchedulesController.GetAll(String status) in C:\Users\abima\Desktop\Project\Pelindo\pelindo-car-loan\backend\PelindoCarLoan.API\Controllers\SchedulesController.cs:line 35
   at Microsoft.AspNetCore.Mvc.Infrastructure.ActionMethodExecutor.TaskOfIActionResultExecutor.Execute(ActionContext actionContext, IActionResultTypeMapper mapper, ObjectMethodExecutor executor, Object controller, Object[] arguments)
   at Microsoft.AspNetCore.Mvc.Infrastructure.ControllerActionInvoker.<InvokeActionMethodAsync>g__Awaited|12_0(ControllerActionInvoker invoker, ValueTask`1 actionResultValueTask)
   at Microsoft.AspNetCore.Mvc.Infrastructure.ControllerActionInvoker.<InvokeNextActionFilterAsync>g__Awaited|10_0(ControllerActionInvoker invoker, Task lastTask, State next, Scope scope, Object state, Boolean isCompleted)
   at Microsoft.AspNetCore.Mvc.Infrastructure.ControllerActionInvoker.Rethrow(ActionExecutedContextSealed context)
   at Microsoft.AspNetCore.Mvc.Infrastructure.ControllerActionInvoker.Next(State& next, Scope& scope, Object& state, Boolean& isCompleted)
   at Microsoft.AspNetCore.Mvc.Infrastructure.ControllerActionInvoker.<InvokeInnerFilterAsync>g__Awaited|13_0(ControllerActionInvoker invoker, Task lastTask, State next, Scope scope, Object state, Boolean isCompleted)
   at Microsoft.AspNetCore.Mvc.Infrastructure.ResourceInvoker.<InvokeFilterPipelineAsync>g__Awaited|20_0(ResourceInvoker invoker, Task lastTask, State next, Scope scope, Object state, Boolean isCompleted)
   at Microsoft.AspNetCore.Mvc.Infrastructure.ResourceInvoker.<InvokeAsync>g__Logged|17_1(ResourceInvoker invoker)
   at Microsoft.AspNetCore.Mvc.Infrastructure.ResourceInvoker.<InvokeAsync>g__Logged|17_1(ResourceInvoker invoker)
   at Microsoft.AspNetCore.Routing.EndpointMiddleware.<Invoke>g__AwaitRequestTask|7_0(Endpoint endpoint, Task requestTask, ILogger logger)
   at Microsoft.AspNetCore.Authorization.AuthorizationMiddleware.Invoke(HttpContext context)
   at Microsoft.AspNetCore.Authentication.AuthenticationMiddleware.Invoke(HttpContext context)
   at PelindoCarLoan.API.Middleware.ExceptionMiddleware.InvokeAsync(HttpContext context) in C:\Users\abima\Desktop\Project\Pelindo\pelindo-car-loan\backend\PelindoCarLoan.API\Middleware\ExceptionMiddleware.cs:line 22
2026-01-07 17:38:32.671 +07:00 [ERR] An unhandled exception occurred
Oracle.ManagedDataAccess.Client.OracleException (0x80004005): ORA-00904: "U"."ID": invalid identifier
https://docs.oracle.com/error-help/db/ora-00904/
   at Oracle.ManagedDataAccess.Client.OracleCommand.<>c.<ExecuteDbDataReaderAsync>b__213_0(Task`1 result)
   at System.Threading.Tasks.ContinuationResultTaskFromResultTask`2.InnerInvoke()
   at System.Threading.ExecutionContext.RunInternal(ExecutionContext executionContext, ContextCallback callback, Object state)
--- End of stack trace from previous location ---
   at System.Threading.ExecutionContext.RunInternal(ExecutionContext executionContext, ContextCallback callback, Object state)
   at System.Threading.Tasks.Task.ExecuteWithThreadLocal(Task& currentTaskSlot, Thread threadPoolThread)
--- End of stack trace from previous location ---
   at Dapper.SqlMapper.MultiMapAsync[TFirst,TSecond,TThird,TFourth,TFifth,TSixth,TSeventh,TReturn](IDbConnection cnn, CommandDefinition command, Delegate map, String splitOn) in /_/Dapper/SqlMapper.Async.cs:line 940
   at PelindoCarLoan.API.Repositories.LoanRequestRepository.GetAllAsync(Nullable`1 userId, String status) in C:\Users\abima\Desktop\Project\Pelindo\pelindo-car-loan\backend\PelindoCarLoan.API\Repositories\LoanRequestRepository.cs:line 95
   at PelindoCarLoan.API.Repositories.LoanRequestRepository.GetByStatusAsync(String status) in C:\Users\abima\Desktop\Project\Pelindo\pelindo-car-loan\backend\PelindoCarLoan.API\Repositories\LoanRequestRepository.cs:line 141
   at PelindoCarLoan.API.Services.SchedulingService.GetWaitingResourceRequestsAsync() in C:\Users\abima\Desktop\Project\Pelindo\pelindo-car-loan\backend\PelindoCarLoan.API\Services\SchedulingService.cs:line 256
   at PelindoCarLoan.API.Controllers.SchedulesController.GetWaitingResources() in C:\Users\abima\Desktop\Project\Pelindo\pelindo-car-loan\backend\PelindoCarLoan.API\Controllers\SchedulesController.cs:line 152
   at Microsoft.AspNetCore.Mvc.Infrastructure.ActionMethodExecutor.TaskOfIActionResultExecutor.Execute(ActionContext actionContext, IActionResultTypeMapper mapper, ObjectMethodExecutor executor, Object controller, Object[] arguments)
   at Microsoft.AspNetCore.Mvc.Infrastructure.ControllerActionInvoker.<InvokeActionMethodAsync>g__Awaited|12_0(ControllerActionInvoker invoker, ValueTask`1 actionResultValueTask)
   at Microsoft.AspNetCore.Mvc.Infrastructure.ControllerActionInvoker.<InvokeNextActionFilterAsync>g__Awaited|10_0(ControllerActionInvoker invoker, Task lastTask, State next, Scope scope, Object state, Boolean isCompleted)
   at Microsoft.AspNetCore.Mvc.Infrastructure.ControllerActionInvoker.Rethrow(ActionExecutedContextSealed context)
   at Microsoft.AspNetCore.Mvc.Infrastructure.ControllerActionInvoker.Next(State& next, Scope& scope, Object& state, Boolean& isCompleted)
   at Microsoft.AspNetCore.Mvc.Infrastructure.ControllerActionInvoker.<InvokeInnerFilterAsync>g__Awaited|13_0(ControllerActionInvoker invoker, Task lastTask, State next, Scope scope, Object state, Boolean isCompleted)
   at Microsoft.AspNetCore.Mvc.Infrastructure.ResourceInvoker.<InvokeFilterPipelineAsync>g__Awaited|20_0(ResourceInvoker invoker, Task lastTask, State next, Scope scope, Object state, Boolean isCompleted)
   at Microsoft.AspNetCore.Mvc.Infrastructure.ResourceInvoker.<InvokeAsync>g__Logged|17_1(ResourceInvoker invoker)
   at Microsoft.AspNetCore.Mvc.Infrastructure.ResourceInvoker.<InvokeAsync>g__Logged|17_1(ResourceInvoker invoker)
   at Microsoft.AspNetCore.Routing.EndpointMiddleware.<Invoke>g__AwaitRequestTask|7_0(Endpoint endpoint, Task requestTask, ILogger logger)
   at Microsoft.AspNetCore.Authorization.AuthorizationMiddleware.Invoke(HttpContext context)
   at Microsoft.AspNetCore.Authentication.AuthenticationMiddleware.Invoke(HttpContext context)
   at PelindoCarLoan.API.Middleware.ExceptionMiddleware.InvokeAsync(HttpContext context) in C:\Users\abima\Desktop\Project\Pelindo\pelindo-car-loan\backend\PelindoCarLoan.API\Middleware\ExceptionMiddleware.cs:line 22
2026-01-07 17:38:32.676 +07:00 [INF] Request finished HTTP/1.1 GET http://localhost:5000/api/schedules - 500 null application/json 21.5288ms
2026-01-07 17:38:32.681 +07:00 [INF] Request finished HTTP/1.1 GET http://localhost:5000/api/schedules/waiting-resources - 500 null application/json 24.0544ms
2026-01-07 17:38:33.122 +07:00 [INF] Request starting HTTP/1.1 OPTIONS http://localhost:5000/api/dashboard - null null
2026-01-07 17:38:33.125 +07:00 [INF] CORS policy execution successful.
2026-01-07 17:38:33.125 +07:00 [INF] Request finished HTTP/1.1 OPTIONS http://localhost:5000/api/dashboard - 204 null null 3.5399ms
2026-01-07 17:38:33.129 +07:00 [INF] Request starting HTTP/1.1 GET http://localhost:5000/api/dashboard - null null
2026-01-07 17:38:33.131 +07:00 [INF] CORS policy execution successful.
2026-01-07 17:38:33.132 +07:00 [INF] Executing endpoint 'PelindoCarLoan.API.Controllers.DashboardController.GetDashboard (PelindoCarLoan.API)'
2026-01-07 17:38:33.133 +07:00 [INF] Route matched with {action = "GetDashboard", controller = "Dashboard"}. Executing controller action with signature System.Threading.Tasks.Task`1[Microsoft.AspNetCore.Mvc.IActionResult] GetDashboard() on controller PelindoCarLoan.API.Controllers.DashboardController (PelindoCarLoan.API).
2026-01-07 17:38:33.138 +07:00 [INF] Executed action PelindoCarLoan.API.Controllers.DashboardController.GetDashboard (PelindoCarLoan.API) in 4.075ms
2026-01-07 17:38:33.139 +07:00 [INF] Executed endpoint 'PelindoCarLoan.API.Controllers.DashboardController.GetDashboard (PelindoCarLoan.API)'
2026-01-07 17:38:33.141 +07:00 [ERR] An unhandled exception occurred
Oracle.ManagedDataAccess.Client.OracleException (0x80004005): ORA-00904: "U"."ID": invalid identifier
https://docs.oracle.com/error-help/db/ora-00904/
   at Oracle.ManagedDataAccess.Client.OracleCommand.<>c.<ExecuteDbDataReaderAsync>b__213_0(Task`1 result)
   at System.Threading.Tasks.ContinuationResultTaskFromResultTask`2.InnerInvoke()
   at System.Threading.ExecutionContext.RunInternal(ExecutionContext executionContext, ContextCallback callback, Object state)
--- End of stack trace from previous location ---
   at System.Threading.ExecutionContext.RunInternal(ExecutionContext executionContext, ContextCallback callback, Object state)
   at System.Threading.Tasks.Task.ExecuteWithThreadLocal(Task& currentTaskSlot, Thread threadPoolThread)
--- End of stack trace from previous location ---
   at Dapper.SqlMapper.MultiMapAsync[TFirst,TSecond,TThird,TFourth,TFifth,TSixth,TSeventh,TReturn](IDbConnection cnn, CommandDefinition command, Delegate map, String splitOn) in /_/Dapper/SqlMapper.Async.cs:line 940
   at PelindoCarLoan.API.Repositories.LoanRequestRepository.GetAllAsync(Nullable`1 userId, String status) in C:\Users\abima\Desktop\Project\Pelindo\pelindo-car-loan\backend\PelindoCarLoan.API\Repositories\LoanRequestRepository.cs:line 95
   at PelindoCarLoan.API.Services.DashboardService.GetDashboardAsync(Int32 userId, String role) in C:\Users\abima\Desktop\Project\Pelindo\pelindo-car-loan\backend\PelindoCarLoan.API\Services\DashboardService.cs:line 78
   at PelindoCarLoan.API.Controllers.DashboardController.GetDashboard() in C:\Users\abima\Desktop\Project\Pelindo\pelindo-car-loan\backend\PelindoCarLoan.API\Controllers\DashboardController.cs:line 33
   at Microsoft.AspNetCore.Mvc.Infrastructure.ActionMethodExecutor.TaskOfIActionResultExecutor.Execute(ActionContext actionContext, IActionResultTypeMapper mapper, ObjectMethodExecutor executor, Object controller, Object[] arguments)
   at Microsoft.AspNetCore.Mvc.Infrastructure.ControllerActionInvoker.<InvokeActionMethodAsync>g__Awaited|12_0(ControllerActionInvoker invoker, ValueTask`1 actionResultValueTask)
   at Microsoft.AspNetCore.Mvc.Infrastructure.ControllerActionInvoker.<InvokeNextActionFilterAsync>g__Awaited|10_0(ControllerActionInvoker invoker, Task lastTask, State next, Scope scope, Object state, Boolean isCompleted)
   at Microsoft.AspNetCore.Mvc.Infrastructure.ControllerActionInvoker.Rethrow(ActionExecutedContextSealed context)
   at Microsoft.AspNetCore.Mvc.Infrastructure.ControllerActionInvoker.Next(State& next, Scope& scope, Object& state, Boolean& isCompleted)
   at Microsoft.AspNetCore.Mvc.Infrastructure.ControllerActionInvoker.<InvokeInnerFilterAsync>g__Awaited|13_0(ControllerActionInvoker invoker, Task lastTask, State next, Scope scope, Object state, Boolean isCompleted)
   at Microsoft.AspNetCore.Mvc.Infrastructure.ResourceInvoker.<InvokeFilterPipelineAsync>g__Awaited|20_0(ResourceInvoker invoker, Task lastTask, State next, Scope scope, Object state, Boolean isCompleted)
   at Microsoft.AspNetCore.Mvc.Infrastructure.ResourceInvoker.<InvokeAsync>g__Logged|17_1(ResourceInvoker invoker)
   at Microsoft.AspNetCore.Mvc.Infrastructure.ResourceInvoker.<InvokeAsync>g__Logged|17_1(ResourceInvoker invoker)
   at Microsoft.AspNetCore.Routing.EndpointMiddleware.<Invoke>g__AwaitRequestTask|7_0(Endpoint endpoint, Task requestTask, ILogger logger)
   at Microsoft.AspNetCore.Authorization.AuthorizationMiddleware.Invoke(HttpContext context)
   at Microsoft.AspNetCore.Authentication.AuthenticationMiddleware.Invoke(HttpContext context)
   at PelindoCarLoan.API.Middleware.ExceptionMiddleware.InvokeAsync(HttpContext context) in C:\Users\abima\Desktop\Project\Pelindo\pelindo-car-loan\backend\PelindoCarLoan.API\Middleware\ExceptionMiddleware.cs:line 22
2026-01-07 17:38:33.146 +07:00 [INF] Request finished HTTP/1.1 GET http://localhost:5000/api/dashboard - 500 null application/json 17.638ms
2026-01-07 17:38:34.150 +07:00 [INF] Request starting HTTP/1.1 GET http://localhost:5000/api/dashboard - null null
2026-01-07 17:38:34.152 +07:00 [INF] CORS policy execution successful.
2026-01-07 17:38:34.153 +07:00 [INF] Executing endpoint 'PelindoCarLoan.API.Controllers.DashboardController.GetDashboard (PelindoCarLoan.API)'
2026-01-07 17:38:34.154 +07:00 [INF] Route matched with {action = "GetDashboard", controller = "Dashboard"}. Executing controller action with signature System.Threading.Tasks.Task`1[Microsoft.AspNetCore.Mvc.IActionResult] GetDashboard() on controller PelindoCarLoan.API.Controllers.DashboardController (PelindoCarLoan.API).
2026-01-07 17:38:34.159 +07:00 [INF] Executed action PelindoCarLoan.API.Controllers.DashboardController.GetDashboard (PelindoCarLoan.API) in 4.2018ms
2026-01-07 17:38:34.160 +07:00 [INF] Executed endpoint 'PelindoCarLoan.API.Controllers.DashboardController.GetDashboard (PelindoCarLoan.API)'
2026-01-07 17:38:34.161 +07:00 [ERR] An unhandled exception occurred
Oracle.ManagedDataAccess.Client.OracleException (0x80004005): ORA-00904: "U"."ID": invalid identifier
https://docs.oracle.com/error-help/db/ora-00904/
   at Oracle.ManagedDataAccess.Client.OracleCommand.<>c.<ExecuteDbDataReaderAsync>b__213_0(Task`1 result)
   at System.Threading.Tasks.ContinuationResultTaskFromResultTask`2.InnerInvoke()
   at System.Threading.ExecutionContext.RunInternal(ExecutionContext executionContext, ContextCallback callback, Object state)
--- End of stack trace from previous location ---
   at System.Threading.ExecutionContext.RunInternal(ExecutionContext executionContext, ContextCallback callback, Object state)
   at System.Threading.Tasks.Task.ExecuteWithThreadLocal(Task& currentTaskSlot, Thread threadPoolThread)
--- End of stack trace from previous location ---
   at Dapper.SqlMapper.MultiMapAsync[TFirst,TSecond,TThird,TFourth,TFifth,TSixth,TSeventh,TReturn](IDbConnection cnn, CommandDefinition command, Delegate map, String splitOn) in /_/Dapper/SqlMapper.Async.cs:line 940
   at PelindoCarLoan.API.Repositories.LoanRequestRepository.GetAllAsync(Nullable`1 userId, String status) in C:\Users\abima\Desktop\Project\Pelindo\pelindo-car-loan\backend\PelindoCarLoan.API\Repositories\LoanRequestRepository.cs:line 95
   at PelindoCarLoan.API.Services.DashboardService.GetDashboardAsync(Int32 userId, String role) in C:\Users\abima\Desktop\Project\Pelindo\pelindo-car-loan\backend\PelindoCarLoan.API\Services\DashboardService.cs:line 78
   at PelindoCarLoan.API.Controllers.DashboardController.GetDashboard() in C:\Users\abima\Desktop\Project\Pelindo\pelindo-car-loan\backend\PelindoCarLoan.API\Controllers\DashboardController.cs:line 33
   at Microsoft.AspNetCore.Mvc.Infrastructure.ActionMethodExecutor.TaskOfIActionResultExecutor.Execute(ActionContext actionContext, IActionResultTypeMapper mapper, ObjectMethodExecutor executor, Object controller, Object[] arguments)
   at Microsoft.AspNetCore.Mvc.Infrastructure.ControllerActionInvoker.<InvokeActionMethodAsync>g__Awaited|12_0(ControllerActionInvoker invoker, ValueTask`1 actionResultValueTask)
   at Microsoft.AspNetCore.Mvc.Infrastructure.ControllerActionInvoker.<InvokeNextActionFilterAsync>g__Awaited|10_0(ControllerActionInvoker invoker, Task lastTask, State next, Scope scope, Object state, Boolean isCompleted)
   at Microsoft.AspNetCore.Mvc.Infrastructure.ControllerActionInvoker.Rethrow(ActionExecutedContextSealed context)
   at Microsoft.AspNetCore.Mvc.Infrastructure.ControllerActionInvoker.Next(State& next, Scope& scope, Object& state, Boolean& isCompleted)
   at Microsoft.AspNetCore.Mvc.Infrastructure.ControllerActionInvoker.<InvokeInnerFilterAsync>g__Awaited|13_0(ControllerActionInvoker invoker, Task lastTask, State next, Scope scope, Object state, Boolean isCompleted)
   at Microsoft.AspNetCore.Mvc.Infrastructure.ResourceInvoker.<InvokeFilterPipelineAsync>g__Awaited|20_0(ResourceInvoker invoker, Task lastTask, State next, Scope scope, Object state, Boolean isCompleted)
   at Microsoft.AspNetCore.Mvc.Infrastructure.ResourceInvoker.<InvokeAsync>g__Logged|17_1(ResourceInvoker invoker)
   at Microsoft.AspNetCore.Mvc.Infrastructure.ResourceInvoker.<InvokeAsync>g__Logged|17_1(ResourceInvoker invoker)
   at Microsoft.AspNetCore.Routing.EndpointMiddleware.<Invoke>g__AwaitRequestTask|7_0(Endpoint endpoint, Task requestTask, ILogger logger)
   at Microsoft.AspNetCore.Authorization.AuthorizationMiddleware.Invoke(HttpContext context)
   at Microsoft.AspNetCore.Authentication.AuthenticationMiddleware.Invoke(HttpContext context)
   at PelindoCarLoan.API.Middleware.ExceptionMiddleware.InvokeAsync(HttpContext context) in C:\Users\abima\Desktop\Project\Pelindo\pelindo-car-loan\backend\PelindoCarLoan.API\Middleware\ExceptionMiddleware.cs:line 22
2026-01-07 17:38:34.167 +07:00 [INF] Request finished HTTP/1.1 GET http://localhost:5000/api/dashboard - 500 null application/json 17.821ms
2026-01-07 17:38:35.892 +07:00 [INF] Request starting HTTP/1.1 GET http://localhost:5000/api/schedules - null null
2026-01-07 17:38:35.892 +07:00 [INF] Request starting HTTP/1.1 GET http://localhost:5000/api/schedules/waiting-resources - null null
2026-01-07 17:38:35.896 +07:00 [INF] CORS policy execution successful.
2026-01-07 17:38:35.898 +07:00 [INF] CORS policy execution successful.
2026-01-07 17:38:35.899 +07:00 [INF] Executing endpoint 'PelindoCarLoan.API.Controllers.SchedulesController.GetAll (PelindoCarLoan.API)'
2026-01-07 17:38:35.900 +07:00 [INF] Executing endpoint 'PelindoCarLoan.API.Controllers.SchedulesController.GetWaitingResources (PelindoCarLoan.API)'
2026-01-07 17:38:35.901 +07:00 [INF] Route matched with {action = "GetAll", controller = "Schedules"}. Executing controller action with signature System.Threading.Tasks.Task`1[Microsoft.AspNetCore.Mvc.IActionResult] GetAll(System.String) on controller PelindoCarLoan.API.Controllers.SchedulesController (PelindoCarLoan.API).
2026-01-07 17:38:35.902 +07:00 [INF] Route matched with {action = "GetWaitingResources", controller = "Schedules"}. Executing controller action with signature System.Threading.Tasks.Task`1[Microsoft.AspNetCore.Mvc.IActionResult] GetWaitingResources() on controller PelindoCarLoan.API.Controllers.SchedulesController (PelindoCarLoan.API).
2026-01-07 17:38:35.906 +07:00 [INF] Executed action PelindoCarLoan.API.Controllers.SchedulesController.GetAll (PelindoCarLoan.API) in 2.3395ms
2026-01-07 17:38:35.907 +07:00 [INF] Executed endpoint 'PelindoCarLoan.API.Controllers.SchedulesController.GetAll (PelindoCarLoan.API)'
2026-01-07 17:38:35.907 +07:00 [INF] Executed action PelindoCarLoan.API.Controllers.SchedulesController.GetWaitingResources (PelindoCarLoan.API) in 2.21ms
2026-01-07 17:38:35.908 +07:00 [ERR] An unhandled exception occurred
Oracle.ManagedDataAccess.Client.OracleException (0x80004005): ORA-00904: "LR"."ID": invalid identifier
https://docs.oracle.com/error-help/db/ora-00904/
   at Oracle.ManagedDataAccess.Client.OracleCommand.<>c.<ExecuteDbDataReaderAsync>b__213_0(Task`1 result)
   at System.Threading.Tasks.ContinuationResultTaskFromResultTask`2.InnerInvoke()
   at System.Threading.ExecutionContext.RunInternal(ExecutionContext executionContext, ContextCallback callback, Object state)
--- End of stack trace from previous location ---
   at System.Threading.ExecutionContext.RunInternal(ExecutionContext executionContext, ContextCallback callback, Object state)
   at System.Threading.Tasks.Task.ExecuteWithThreadLocal(Task& currentTaskSlot, Thread threadPoolThread)
--- End of stack trace from previous location ---
   at Dapper.SqlMapper.MultiMapAsync[TFirst,TSecond,TThird,TFourth,TFifth,TSixth,TSeventh,TReturn](IDbConnection cnn, CommandDefinition command, Delegate map, String splitOn) in /_/Dapper/SqlMapper.Async.cs:line 940
   at PelindoCarLoan.API.Repositories.ScheduleRepository.GetAllAsync(String status) in C:\Users\abima\Desktop\Project\Pelindo\pelindo-car-loan\backend\PelindoCarLoan.API\Repositories\ScheduleRepository.cs:line 89
   at PelindoCarLoan.API.Services.SchedulingService.GetAllAsync(String status) in C:\Users\abima\Desktop\Project\Pelindo\pelindo-car-loan\backend\PelindoCarLoan.API\Services\SchedulingService.cs:line 203
   at PelindoCarLoan.API.Controllers.SchedulesController.GetAll(String status) in C:\Users\abima\Desktop\Project\Pelindo\pelindo-car-loan\backend\PelindoCarLoan.API\Controllers\SchedulesController.cs:line 35
   at Microsoft.AspNetCore.Mvc.Infrastructure.ActionMethodExecutor.TaskOfIActionResultExecutor.Execute(ActionContext actionContext, IActionResultTypeMapper mapper, ObjectMethodExecutor executor, Object controller, Object[] arguments)
   at Microsoft.AspNetCore.Mvc.Infrastructure.ControllerActionInvoker.<InvokeActionMethodAsync>g__Awaited|12_0(ControllerActionInvoker invoker, ValueTask`1 actionResultValueTask)
   at Microsoft.AspNetCore.Mvc.Infrastructure.ControllerActionInvoker.<InvokeNextActionFilterAsync>g__Awaited|10_0(ControllerActionInvoker invoker, Task lastTask, State next, Scope scope, Object state, Boolean isCompleted)
   at Microsoft.AspNetCore.Mvc.Infrastructure.ControllerActionInvoker.Rethrow(ActionExecutedContextSealed context)
   at Microsoft.AspNetCore.Mvc.Infrastructure.ControllerActionInvoker.Next(State& next, Scope& scope, Object& state, Boolean& isCompleted)
   at Microsoft.AspNetCore.Mvc.Infrastructure.ControllerActionInvoker.<InvokeInnerFilterAsync>g__Awaited|13_0(ControllerActionInvoker invoker, Task lastTask, State next, Scope scope, Object state, Boolean isCompleted)
   at Microsoft.AspNetCore.Mvc.Infrastructure.ResourceInvoker.<InvokeFilterPipelineAsync>g__Awaited|20_0(ResourceInvoker invoker, Task lastTask, State next, Scope scope, Object state, Boolean isCompleted)
   at Microsoft.AspNetCore.Mvc.Infrastructure.ResourceInvoker.<InvokeAsync>g__Logged|17_1(ResourceInvoker invoker)
   at Microsoft.AspNetCore.Mvc.Infrastructure.ResourceInvoker.<InvokeAsync>g__Logged|17_1(ResourceInvoker invoker)
   at Microsoft.AspNetCore.Routing.EndpointMiddleware.<Invoke>g__AwaitRequestTask|7_0(Endpoint endpoint, Task requestTask, ILogger logger)
   at Microsoft.AspNetCore.Authorization.AuthorizationMiddleware.Invoke(HttpContext context)
   at Microsoft.AspNetCore.Authentication.AuthenticationMiddleware.Invoke(HttpContext context)
   at PelindoCarLoan.API.Middleware.ExceptionMiddleware.InvokeAsync(HttpContext context) in C:\Users\abima\Desktop\Project\Pelindo\pelindo-car-loan\backend\PelindoCarLoan.API\Middleware\ExceptionMiddleware.cs:line 22
2026-01-07 17:38:35.909 +07:00 [INF] Executed endpoint 'PelindoCarLoan.API.Controllers.SchedulesController.GetWaitingResources (PelindoCarLoan.API)'
2026-01-07 17:38:35.915 +07:00 [INF] Request finished HTTP/1.1 GET http://localhost:5000/api/schedules - 500 null application/json 22.6939ms
2026-01-07 17:38:35.915 +07:00 [ERR] An unhandled exception occurred
Oracle.ManagedDataAccess.Client.OracleException (0x80004005): ORA-00904: "U"."ID": invalid identifier
https://docs.oracle.com/error-help/db/ora-00904/
   at Oracle.ManagedDataAccess.Client.OracleCommand.<>c.<ExecuteDbDataReaderAsync>b__213_0(Task`1 result)
   at System.Threading.Tasks.ContinuationResultTaskFromResultTask`2.InnerInvoke()
   at System.Threading.ExecutionContext.RunInternal(ExecutionContext executionContext, ContextCallback callback, Object state)
--- End of stack trace from previous location ---
   at System.Threading.ExecutionContext.RunInternal(ExecutionContext executionContext, ContextCallback callback, Object state)
   at System.Threading.Tasks.Task.ExecuteWithThreadLocal(Task& currentTaskSlot, Thread threadPoolThread)
--- End of stack trace from previous location ---
   at Dapper.SqlMapper.MultiMapAsync[TFirst,TSecond,TThird,TFourth,TFifth,TSixth,TSeventh,TReturn](IDbConnection cnn, CommandDefinition command, Delegate map, String splitOn) in /_/Dapper/SqlMapper.Async.cs:line 940
   at PelindoCarLoan.API.Repositories.LoanRequestRepository.GetAllAsync(Nullable`1 userId, String status) in C:\Users\abima\Desktop\Project\Pelindo\pelindo-car-loan\backend\PelindoCarLoan.API\Repositories\LoanRequestRepository.cs:line 95
   at PelindoCarLoan.API.Repositories.LoanRequestRepository.GetByStatusAsync(String status) in C:\Users\abima\Desktop\Project\Pelindo\pelindo-car-loan\backend\PelindoCarLoan.API\Repositories\LoanRequestRepository.cs:line 141
   at PelindoCarLoan.API.Services.SchedulingService.GetWaitingResourceRequestsAsync() in C:\Users\abima\Desktop\Project\Pelindo\pelindo-car-loan\backend\PelindoCarLoan.API\Services\SchedulingService.cs:line 256
   at PelindoCarLoan.API.Controllers.SchedulesController.GetWaitingResources() in C:\Users\abima\Desktop\Project\Pelindo\pelindo-car-loan\backend\PelindoCarLoan.API\Controllers\SchedulesController.cs:line 152
   at Microsoft.AspNetCore.Mvc.Infrastructure.ActionMethodExecutor.TaskOfIActionResultExecutor.Execute(ActionContext actionContext, IActionResultTypeMapper mapper, ObjectMethodExecutor executor, Object controller, Object[] arguments)
   at Microsoft.AspNetCore.Mvc.Infrastructure.ControllerActionInvoker.<InvokeActionMethodAsync>g__Awaited|12_0(ControllerActionInvoker invoker, ValueTask`1 actionResultValueTask)
   at Microsoft.AspNetCore.Mvc.Infrastructure.ControllerActionInvoker.<InvokeNextActionFilterAsync>g__Awaited|10_0(ControllerActionInvoker invoker, Task lastTask, State next, Scope scope, Object state, Boolean isCompleted)
   at Microsoft.AspNetCore.Mvc.Infrastructure.ControllerActionInvoker.Rethrow(ActionExecutedContextSealed context)
   at Microsoft.AspNetCore.Mvc.Infrastructure.ControllerActionInvoker.Next(State& next, Scope& scope, Object& state, Boolean& isCompleted)
   at Microsoft.AspNetCore.Mvc.Infrastructure.ControllerActionInvoker.<InvokeInnerFilterAsync>g__Awaited|13_0(ControllerActionInvoker invoker, Task lastTask, State next, Scope scope, Object state, Boolean isCompleted)
   at Microsoft.AspNetCore.Mvc.Infrastructure.ResourceInvoker.<InvokeFilterPipelineAsync>g__Awaited|20_0(ResourceInvoker invoker, Task lastTask, State next, Scope scope, Object state, Boolean isCompleted)
   at Microsoft.AspNetCore.Mvc.Infrastructure.ResourceInvoker.<InvokeAsync>g__Logged|17_1(ResourceInvoker invoker)
   at Microsoft.AspNetCore.Mvc.Infrastructure.ResourceInvoker.<InvokeAsync>g__Logged|17_1(ResourceInvoker invoker)
   at Microsoft.AspNetCore.Routing.EndpointMiddleware.<Invoke>g__AwaitRequestTask|7_0(Endpoint endpoint, Task requestTask, ILogger logger)
   at Microsoft.AspNetCore.Authorization.AuthorizationMiddleware.Invoke(HttpContext context)
   at Microsoft.AspNetCore.Authentication.AuthenticationMiddleware.Invoke(HttpContext context)
   at PelindoCarLoan.API.Middleware.ExceptionMiddleware.InvokeAsync(HttpContext context) in C:\Users\abima\Desktop\Project\Pelindo\pelindo-car-loan\backend\PelindoCarLoan.API\Middleware\ExceptionMiddleware.cs:line 22
2026-01-07 17:38:35.924 +07:00 [INF] Request finished HTTP/1.1 GET http://localhost:5000/api/schedules/waiting-resources - 500 null application/json 31.1438ms
2026-01-07 17:38:44.930 +07:00 [INF] Request starting HTTP/1.1 OPTIONS http://localhost:5000/api/dashboard - null null
2026-01-07 17:38:44.932 +07:00 [INF] CORS policy execution successful.
2026-01-07 17:38:44.934 +07:00 [INF] Request finished HTTP/1.1 OPTIONS http://localhost:5000/api/dashboard - 204 null null 3.8904ms
2026-01-07 17:38:44.936 +07:00 [INF] Request starting HTTP/1.1 GET http://localhost:5000/api/dashboard - null null
2026-01-07 17:38:44.938 +07:00 [INF] CORS policy execution successful.
2026-01-07 17:38:44.939 +07:00 [INF] Executing endpoint 'PelindoCarLoan.API.Controllers.DashboardController.GetDashboard (PelindoCarLoan.API)'
2026-01-07 17:38:44.941 +07:00 [INF] Route matched with {action = "GetDashboard", controller = "Dashboard"}. Executing controller action with signature System.Threading.Tasks.Task`1[Microsoft.AspNetCore.Mvc.IActionResult] GetDashboard() on controller PelindoCarLoan.API.Controllers.DashboardController (PelindoCarLoan.API).
2026-01-07 17:38:44.946 +07:00 [INF] Executed action PelindoCarLoan.API.Controllers.DashboardController.GetDashboard (PelindoCarLoan.API) in 3.7104ms
2026-01-07 17:38:44.947 +07:00 [INF] Executed endpoint 'PelindoCarLoan.API.Controllers.DashboardController.GetDashboard (PelindoCarLoan.API)'
2026-01-07 17:38:44.948 +07:00 [ERR] An unhandled exception occurred
Oracle.ManagedDataAccess.Client.OracleException (0x80004005): ORA-00904: "U"."ID": invalid identifier
https://docs.oracle.com/error-help/db/ora-00904/
   at Oracle.ManagedDataAccess.Client.OracleCommand.<>c.<ExecuteDbDataReaderAsync>b__213_0(Task`1 result)
   at System.Threading.Tasks.ContinuationResultTaskFromResultTask`2.InnerInvoke()
   at System.Threading.ExecutionContext.RunInternal(ExecutionContext executionContext, ContextCallback callback, Object state)
--- End of stack trace from previous location ---
   at System.Threading.ExecutionContext.RunInternal(ExecutionContext executionContext, ContextCallback callback, Object state)
   at System.Threading.Tasks.Task.ExecuteWithThreadLocal(Task& currentTaskSlot, Thread threadPoolThread)
--- End of stack trace from previous location ---
   at Dapper.SqlMapper.MultiMapAsync[TFirst,TSecond,TThird,TFourth,TFifth,TSixth,TSeventh,TReturn](IDbConnection cnn, CommandDefinition command, Delegate map, String splitOn) in /_/Dapper/SqlMapper.Async.cs:line 940
   at PelindoCarLoan.API.Repositories.LoanRequestRepository.GetAllAsync(Nullable`1 userId, String status) in C:\Users\abima\Desktop\Project\Pelindo\pelindo-car-loan\backend\PelindoCarLoan.API\Repositories\LoanRequestRepository.cs:line 95
   at PelindoCarLoan.API.Services.DashboardService.GetDashboardAsync(Int32 userId, String role) in C:\Users\abima\Desktop\Project\Pelindo\pelindo-car-loan\backend\PelindoCarLoan.API\Services\DashboardService.cs:line 78
   at PelindoCarLoan.API.Controllers.DashboardController.GetDashboard() in C:\Users\abima\Desktop\Project\Pelindo\pelindo-car-loan\backend\PelindoCarLoan.API\Controllers\DashboardController.cs:line 33
   at Microsoft.AspNetCore.Mvc.Infrastructure.ActionMethodExecutor.TaskOfIActionResultExecutor.Execute(ActionContext actionContext, IActionResultTypeMapper mapper, ObjectMethodExecutor executor, Object controller, Object[] arguments)
   at Microsoft.AspNetCore.Mvc.Infrastructure.ControllerActionInvoker.<InvokeActionMethodAsync>g__Awaited|12_0(ControllerActionInvoker invoker, ValueTask`1 actionResultValueTask)
   at Microsoft.AspNetCore.Mvc.Infrastructure.ControllerActionInvoker.<InvokeNextActionFilterAsync>g__Awaited|10_0(ControllerActionInvoker invoker, Task lastTask, State next, Scope scope, Object state, Boolean isCompleted)
   at Microsoft.AspNetCore.Mvc.Infrastructure.ControllerActionInvoker.Rethrow(ActionExecutedContextSealed context)
   at Microsoft.AspNetCore.Mvc.Infrastructure.ControllerActionInvoker.Next(State& next, Scope& scope, Object& state, Boolean& isCompleted)
   at Microsoft.AspNetCore.Mvc.Infrastructure.ControllerActionInvoker.<InvokeInnerFilterAsync>g__Awaited|13_0(ControllerActionInvoker invoker, Task lastTask, State next, Scope scope, Object state, Boolean isCompleted)
   at Microsoft.AspNetCore.Mvc.Infrastructure.ResourceInvoker.<InvokeFilterPipelineAsync>g__Awaited|20_0(ResourceInvoker invoker, Task lastTask, State next, Scope scope, Object state, Boolean isCompleted)
   at Microsoft.AspNetCore.Mvc.Infrastructure.ResourceInvoker.<InvokeAsync>g__Logged|17_1(ResourceInvoker invoker)
   at Microsoft.AspNetCore.Mvc.Infrastructure.ResourceInvoker.<InvokeAsync>g__Logged|17_1(ResourceInvoker invoker)
   at Microsoft.AspNetCore.Routing.EndpointMiddleware.<Invoke>g__AwaitRequestTask|7_0(Endpoint endpoint, Task requestTask, ILogger logger)
   at Microsoft.AspNetCore.Authorization.AuthorizationMiddleware.Invoke(HttpContext context)
   at Microsoft.AspNetCore.Authentication.AuthenticationMiddleware.Invoke(HttpContext context)
   at PelindoCarLoan.API.Middleware.ExceptionMiddleware.InvokeAsync(HttpContext context) in C:\Users\abima\Desktop\Project\Pelindo\pelindo-car-loan\backend\PelindoCarLoan.API\Middleware\ExceptionMiddleware.cs:line 22
2026-01-07 17:38:44.954 +07:00 [INF] Request finished HTTP/1.1 GET http://localhost:5000/api/dashboard - 500 null application/json 17.5317ms
2026-01-07 17:38:58.466 +07:00 [INF] Request starting HTTP/1.1 OPTIONS http://localhost:5000/api/auth/login - null null
2026-01-07 17:38:58.469 +07:00 [INF] CORS policy execution successful.
2026-01-07 17:38:58.471 +07:00 [INF] Request finished HTTP/1.1 OPTIONS http://localhost:5000/api/auth/login - 204 null null 4.4895ms
2026-01-07 17:38:58.473 +07:00 [INF] Request starting HTTP/1.1 POST http://localhost:5000/api/auth/login - application/json 65
2026-01-07 17:38:58.475 +07:00 [INF] CORS policy execution successful.
2026-01-07 17:38:58.476 +07:00 [INF] Executing endpoint 'PelindoCarLoan.API.Controllers.AuthController.Login (PelindoCarLoan.API)'
2026-01-07 17:38:58.477 +07:00 [INF] Route matched with {action = "Login", controller = "Auth"}. Executing controller action with signature System.Threading.Tasks.Task`1[Microsoft.AspNetCore.Mvc.IActionResult] Login(PelindoCarLoan.API.DTOs.LoginRequestDto) on controller PelindoCarLoan.API.Controllers.AuthController (PelindoCarLoan.API).
2026-01-07 17:38:58.481 +07:00 [INF] Login attempt for email: approver.l1.1@pelindo.co.id
2026-01-07 17:38:58.484 +07:00 [INF] User found: Agus Wijaya, PasswordHash length: 60
2026-01-07 17:38:58.612 +07:00 [INF] User logged in successfully: approver.l1.1@pelindo.co.id
2026-01-07 17:38:58.614 +07:00 [INF] Executing OkObjectResult, writing value of type 'PelindoCarLoan.API.DTOs.ApiResponse`1[[PelindoCarLoan.API.DTOs.LoginResponseDto, PelindoCarLoan.API, Version=1.0.0.0, Culture=neutral, PublicKeyToken=null]]'.
2026-01-07 17:38:58.616 +07:00 [INF] Executed action PelindoCarLoan.API.Controllers.AuthController.Login (PelindoCarLoan.API) in 136.8751ms
2026-01-07 17:38:58.617 +07:00 [INF] Executed endpoint 'PelindoCarLoan.API.Controllers.AuthController.Login (PelindoCarLoan.API)'
2026-01-07 17:38:58.618 +07:00 [INF] Request finished HTTP/1.1 POST http://localhost:5000/api/auth/login - 200 null application/json; charset=utf-8 144.9707ms
2026-01-07 17:38:58.624 +07:00 [INF] Request starting HTTP/1.1 OPTIONS http://localhost:5000/api/approvals/pending/l1 - null null
2026-01-07 17:38:58.624 +07:00 [INF] Request starting HTTP/1.1 OPTIONS http://localhost:5000/api/approvals/pending/count - null null
2026-01-07 17:38:58.626 +07:00 [INF] CORS policy execution successful.
2026-01-07 17:38:58.628 +07:00 [INF] Request finished HTTP/1.1 OPTIONS http://localhost:5000/api/approvals/pending/l1 - 204 null null 4.458ms
2026-01-07 17:38:58.629 +07:00 [INF] CORS policy execution successful.
2026-01-07 17:38:58.631 +07:00 [INF] Request starting HTTP/1.1 GET http://localhost:5000/api/approvals/pending/l1 - null null
2026-01-07 17:38:58.632 +07:00 [INF] Request finished HTTP/1.1 OPTIONS http://localhost:5000/api/approvals/pending/count - 204 null null 7.3055ms
2026-01-07 17:38:58.634 +07:00 [INF] CORS policy execution successful.
2026-01-07 17:38:58.636 +07:00 [INF] Request starting HTTP/1.1 GET http://localhost:5000/api/approvals/pending/count - null null
2026-01-07 17:38:58.637 +07:00 [INF] Executing endpoint 'PelindoCarLoan.API.Controllers.ApprovalsController.GetPendingL1 (PelindoCarLoan.API)'
2026-01-07 17:38:58.639 +07:00 [INF] CORS policy execution successful.
2026-01-07 17:38:58.640 +07:00 [INF] Executing endpoint 'PelindoCarLoan.API.Controllers.ApprovalsController.GetPendingCount (PelindoCarLoan.API)'
2026-01-07 17:38:58.642 +07:00 [INF] Route matched with {action = "GetPendingL1", controller = "Approvals"}. Executing controller action with signature System.Threading.Tasks.Task`1[Microsoft.AspNetCore.Mvc.IActionResult] GetPendingL1() on controller PelindoCarLoan.API.Controllers.ApprovalsController (PelindoCarLoan.API).
2026-01-07 17:38:58.643 +07:00 [INF] Route matched with {action = "GetPendingCount", controller = "Approvals"}. Executing controller action with signature System.Threading.Tasks.Task`1[Microsoft.AspNetCore.Mvc.IActionResult] GetPendingCount() on controller PelindoCarLoan.API.Controllers.ApprovalsController (PelindoCarLoan.API).
2026-01-07 17:38:58.647 +07:00 [INF] Executed action PelindoCarLoan.API.Controllers.ApprovalsController.GetPendingL1 (PelindoCarLoan.API) in 3.7104ms
2026-01-07 17:38:58.647 +07:00 [INF] Executing OkObjectResult, writing value of type 'PelindoCarLoan.API.DTOs.ApiResponse`1[[System.Object, System.Private.CoreLib, Version=8.0.0.0, Culture=neutral, PublicKeyToken=7cec85d7bea7798e]]'.
2026-01-07 17:38:58.648 +07:00 [INF] Executed endpoint 'PelindoCarLoan.API.Controllers.ApprovalsController.GetPendingL1 (PelindoCarLoan.API)'
2026-01-07 17:38:58.651 +07:00 [ERR] An unhandled exception occurred
Oracle.ManagedDataAccess.Client.OracleException (0x80004005): ORA-00904: "U"."ID": invalid identifier
https://docs.oracle.com/error-help/db/ora-00904/
   at Oracle.ManagedDataAccess.Client.OracleCommand.<>c.<ExecuteDbDataReaderAsync>b__213_0(Task`1 result)
   at System.Threading.Tasks.ContinuationResultTaskFromResultTask`2.InnerInvoke()
   at System.Threading.ExecutionContext.RunInternal(ExecutionContext executionContext, ContextCallback callback, Object state)
--- End of stack trace from previous location ---
   at System.Threading.ExecutionContext.RunInternal(ExecutionContext executionContext, ContextCallback callback, Object state)
   at System.Threading.Tasks.Task.ExecuteWithThreadLocal(Task& currentTaskSlot, Thread threadPoolThread)
--- End of stack trace from previous location ---
   at Dapper.SqlMapper.MultiMapAsync[TFirst,TSecond,TThird,TFourth,TFifth,TSixth,TSeventh,TReturn](IDbConnection cnn, CommandDefinition command, Delegate map, String splitOn) in /_/Dapper/SqlMapper.Async.cs:line 940
   at PelindoCarLoan.API.Repositories.LoanRequestRepository.GetPendingForApprovalAsync(Int32 approvalLevel) in C:\Users\abima\Desktop\Project\Pelindo\pelindo-car-loan\backend\PelindoCarLoan.API\Repositories\LoanRequestRepository.cs:line 125
   at PelindoCarLoan.API.Services.ApprovalService.GetPendingApprovalsAsync(Int32 level) in C:\Users\abima\Desktop\Project\Pelindo\pelindo-car-loan\backend\PelindoCarLoan.API\Services\ApprovalService.cs:line 40
   at PelindoCarLoan.API.Controllers.ApprovalsController.GetPendingL1() in C:\Users\abima\Desktop\Project\Pelindo\pelindo-car-loan\backend\PelindoCarLoan.API\Controllers\ApprovalsController.cs:line 34
   at Microsoft.AspNetCore.Mvc.Infrastructure.ActionMethodExecutor.TaskOfIActionResultExecutor.Execute(ActionContext actionContext, IActionResultTypeMapper mapper, ObjectMethodExecutor executor, Object controller, Object[] arguments)
   at Microsoft.AspNetCore.Mvc.Infrastructure.ControllerActionInvoker.<InvokeActionMethodAsync>g__Awaited|12_0(ControllerActionInvoker invoker, ValueTask`1 actionResultValueTask)
   at Microsoft.AspNetCore.Mvc.Infrastructure.ControllerActionInvoker.<InvokeNextActionFilterAsync>g__Awaited|10_0(ControllerActionInvoker invoker, Task lastTask, State next, Scope scope, Object state, Boolean isCompleted)
   at Microsoft.AspNetCore.Mvc.Infrastructure.ControllerActionInvoker.Rethrow(ActionExecutedContextSealed context)
   at Microsoft.AspNetCore.Mvc.Infrastructure.ControllerActionInvoker.Next(State& next, Scope& scope, Object& state, Boolean& isCompleted)
   at Microsoft.AspNetCore.Mvc.Infrastructure.ControllerActionInvoker.<InvokeInnerFilterAsync>g__Awaited|13_0(ControllerActionInvoker invoker, Task lastTask, State next, Scope scope, Object state, Boolean isCompleted)
   at Microsoft.AspNetCore.Mvc.Infrastructure.ResourceInvoker.<InvokeFilterPipelineAsync>g__Awaited|20_0(ResourceInvoker invoker, Task lastTask, State next, Scope scope, Object state, Boolean isCompleted)
   at Microsoft.AspNetCore.Mvc.Infrastructure.ResourceInvoker.<InvokeAsync>g__Logged|17_1(ResourceInvoker invoker)
   at Microsoft.AspNetCore.Mvc.Infrastructure.ResourceInvoker.<InvokeAsync>g__Logged|17_1(ResourceInvoker invoker)
   at Microsoft.AspNetCore.Routing.EndpointMiddleware.<Invoke>g__AwaitRequestTask|7_0(Endpoint endpoint, Task requestTask, ILogger logger)
   at Microsoft.AspNetCore.Authorization.AuthorizationMiddleware.Invoke(HttpContext context)
   at Microsoft.AspNetCore.Authentication.AuthenticationMiddleware.Invoke(HttpContext context)
   at PelindoCarLoan.API.Middleware.ExceptionMiddleware.InvokeAsync(HttpContext context) in C:\Users\abima\Desktop\Project\Pelindo\pelindo-car-loan\backend\PelindoCarLoan.API\Middleware\ExceptionMiddleware.cs:line 22
2026-01-07 17:38:58.654 +07:00 [INF] Executed action PelindoCarLoan.API.Controllers.ApprovalsController.GetPendingCount (PelindoCarLoan.API) in 9.333ms
2026-01-07 17:38:58.658 +07:00 [INF] Request finished HTTP/1.1 GET http://localhost:5000/api/approvals/pending/l1 - 500 null application/json 26.3212ms
2026-01-07 17:38:58.658 +07:00 [INF] Executed endpoint 'PelindoCarLoan.API.Controllers.ApprovalsController.GetPendingCount (PelindoCarLoan.API)'
2026-01-07 17:38:58.661 +07:00 [INF] Request finished HTTP/1.1 GET http://localhost:5000/api/approvals/pending/count - 200 null application/json; charset=utf-8 24.9507ms
2026-01-07 17:38:59.664 +07:00 [INF] Request starting HTTP/1.1 GET http://localhost:5000/api/approvals/pending/l1 - null null
2026-01-07 17:38:59.666 +07:00 [INF] CORS policy execution successful.
2026-01-07 17:38:59.667 +07:00 [INF] Executing endpoint 'PelindoCarLoan.API.Controllers.ApprovalsController.GetPendingL1 (PelindoCarLoan.API)'
2026-01-07 17:38:59.668 +07:00 [INF] Route matched with {action = "GetPendingL1", controller = "Approvals"}. Executing controller action with signature System.Threading.Tasks.Task`1[Microsoft.AspNetCore.Mvc.IActionResult] GetPendingL1() on controller PelindoCarLoan.API.Controllers.ApprovalsController (PelindoCarLoan.API).
2026-01-07 17:38:59.672 +07:00 [INF] Executed action PelindoCarLoan.API.Controllers.ApprovalsController.GetPendingL1 (PelindoCarLoan.API) in 2.2011ms
2026-01-07 17:38:59.673 +07:00 [INF] Executed endpoint 'PelindoCarLoan.API.Controllers.ApprovalsController.GetPendingL1 (PelindoCarLoan.API)'
2026-01-07 17:38:59.674 +07:00 [ERR] An unhandled exception occurred
Oracle.ManagedDataAccess.Client.OracleException (0x80004005): ORA-00904: "U"."ID": invalid identifier
https://docs.oracle.com/error-help/db/ora-00904/
   at Oracle.ManagedDataAccess.Client.OracleCommand.<>c.<ExecuteDbDataReaderAsync>b__213_0(Task`1 result)
   at System.Threading.Tasks.ContinuationResultTaskFromResultTask`2.InnerInvoke()
   at System.Threading.ExecutionContext.RunInternal(ExecutionContext executionContext, ContextCallback callback, Object state)
--- End of stack trace from previous location ---
   at System.Threading.ExecutionContext.RunInternal(ExecutionContext executionContext, ContextCallback callback, Object state)
   at System.Threading.Tasks.Task.ExecuteWithThreadLocal(Task& currentTaskSlot, Thread threadPoolThread)
--- End of stack trace from previous location ---
   at Dapper.SqlMapper.MultiMapAsync[TFirst,TSecond,TThird,TFourth,TFifth,TSixth,TSeventh,TReturn](IDbConnection cnn, CommandDefinition command, Delegate map, String splitOn) in /_/Dapper/SqlMapper.Async.cs:line 940
   at PelindoCarLoan.API.Repositories.LoanRequestRepository.GetPendingForApprovalAsync(Int32 approvalLevel) in C:\Users\abima\Desktop\Project\Pelindo\pelindo-car-loan\backend\PelindoCarLoan.API\Repositories\LoanRequestRepository.cs:line 125
   at PelindoCarLoan.API.Services.ApprovalService.GetPendingApprovalsAsync(Int32 level) in C:\Users\abima\Desktop\Project\Pelindo\pelindo-car-loan\backend\PelindoCarLoan.API\Services\ApprovalService.cs:line 40
   at PelindoCarLoan.API.Controllers.ApprovalsController.GetPendingL1() in C:\Users\abima\Desktop\Project\Pelindo\pelindo-car-loan\backend\PelindoCarLoan.API\Controllers\ApprovalsController.cs:line 34
   at Microsoft.AspNetCore.Mvc.Infrastructure.ActionMethodExecutor.TaskOfIActionResultExecutor.Execute(ActionContext actionContext, IActionResultTypeMapper mapper, ObjectMethodExecutor executor, Object controller, Object[] arguments)
   at Microsoft.AspNetCore.Mvc.Infrastructure.ControllerActionInvoker.<InvokeActionMethodAsync>g__Awaited|12_0(ControllerActionInvoker invoker, ValueTask`1 actionResultValueTask)
   at Microsoft.AspNetCore.Mvc.Infrastructure.ControllerActionInvoker.<InvokeNextActionFilterAsync>g__Awaited|10_0(ControllerActionInvoker invoker, Task lastTask, State next, Scope scope, Object state, Boolean isCompleted)
   at Microsoft.AspNetCore.Mvc.Infrastructure.ControllerActionInvoker.Rethrow(ActionExecutedContextSealed context)
   at Microsoft.AspNetCore.Mvc.Infrastructure.ControllerActionInvoker.Next(State& next, Scope& scope, Object& state, Boolean& isCompleted)
   at Microsoft.AspNetCore.Mvc.Infrastructure.ControllerActionInvoker.<InvokeInnerFilterAsync>g__Awaited|13_0(ControllerActionInvoker invoker, Task lastTask, State next, Scope scope, Object state, Boolean isCompleted)
   at Microsoft.AspNetCore.Mvc.Infrastructure.ResourceInvoker.<InvokeFilterPipelineAsync>g__Awaited|20_0(ResourceInvoker invoker, Task lastTask, State next, Scope scope, Object state, Boolean isCompleted)
   at Microsoft.AspNetCore.Mvc.Infrastructure.ResourceInvoker.<InvokeAsync>g__Logged|17_1(ResourceInvoker invoker)
   at Microsoft.AspNetCore.Mvc.Infrastructure.ResourceInvoker.<InvokeAsync>g__Logged|17_1(ResourceInvoker invoker)
   at Microsoft.AspNetCore.Routing.EndpointMiddleware.<Invoke>g__AwaitRequestTask|7_0(Endpoint endpoint, Task requestTask, ILogger logger)
   at Microsoft.AspNetCore.Authorization.AuthorizationMiddleware.Invoke(HttpContext context)
   at Microsoft.AspNetCore.Authentication.AuthenticationMiddleware.Invoke(HttpContext context)
   at PelindoCarLoan.API.Middleware.ExceptionMiddleware.InvokeAsync(HttpContext context) in C:\Users\abima\Desktop\Project\Pelindo\pelindo-car-loan\backend\PelindoCarLoan.API\Middleware\ExceptionMiddleware.cs:line 22
2026-01-07 17:38:59.680 +07:00 [INF] Request finished HTTP/1.1 GET http://localhost:5000/api/approvals/pending/l1 - 500 null application/json 15.6143ms
2026-01-07 17:39:01.001 +07:00 [INF] Request starting HTTP/1.1 GET http://localhost:5000/api/approvals/pending/l1 - null null
2026-01-07 17:39:01.003 +07:00 [INF] CORS policy execution successful.
2026-01-07 17:39:01.005 +07:00 [INF] Executing endpoint 'PelindoCarLoan.API.Controllers.ApprovalsController.GetPendingL1 (PelindoCarLoan.API)'
2026-01-07 17:39:01.007 +07:00 [INF] Route matched with {action = "GetPendingL1", controller = "Approvals"}. Executing controller action with signature System.Threading.Tasks.Task`1[Microsoft.AspNetCore.Mvc.IActionResult] GetPendingL1() on controller PelindoCarLoan.API.Controllers.ApprovalsController (PelindoCarLoan.API).
2026-01-07 17:39:01.010 +07:00 [INF] Executed action PelindoCarLoan.API.Controllers.ApprovalsController.GetPendingL1 (PelindoCarLoan.API) in 2.3305ms
2026-01-07 17:39:01.012 +07:00 [INF] Executed endpoint 'PelindoCarLoan.API.Controllers.ApprovalsController.GetPendingL1 (PelindoCarLoan.API)'
2026-01-07 17:39:01.013 +07:00 [ERR] An unhandled exception occurred
Oracle.ManagedDataAccess.Client.OracleException (0x80004005): ORA-00904: "U"."ID": invalid identifier
https://docs.oracle.com/error-help/db/ora-00904/
   at Oracle.ManagedDataAccess.Client.OracleCommand.<>c.<ExecuteDbDataReaderAsync>b__213_0(Task`1 result)
   at System.Threading.Tasks.ContinuationResultTaskFromResultTask`2.InnerInvoke()
   at System.Threading.ExecutionContext.RunInternal(ExecutionContext executionContext, ContextCallback callback, Object state)
--- End of stack trace from previous location ---
   at System.Threading.ExecutionContext.RunInternal(ExecutionContext executionContext, ContextCallback callback, Object state)
   at System.Threading.Tasks.Task.ExecuteWithThreadLocal(Task& currentTaskSlot, Thread threadPoolThread)
--- End of stack trace from previous location ---
   at Dapper.SqlMapper.MultiMapAsync[TFirst,TSecond,TThird,TFourth,TFifth,TSixth,TSeventh,TReturn](IDbConnection cnn, CommandDefinition command, Delegate map, String splitOn) in /_/Dapper/SqlMapper.Async.cs:line 940
   at PelindoCarLoan.API.Repositories.LoanRequestRepository.GetPendingForApprovalAsync(Int32 approvalLevel) in C:\Users\abima\Desktop\Project\Pelindo\pelindo-car-loan\backend\PelindoCarLoan.API\Repositories\LoanRequestRepository.cs:line 125
   at PelindoCarLoan.API.Services.ApprovalService.GetPendingApprovalsAsync(Int32 level) in C:\Users\abima\Desktop\Project\Pelindo\pelindo-car-loan\backend\PelindoCarLoan.API\Services\ApprovalService.cs:line 40
   at PelindoCarLoan.API.Controllers.ApprovalsController.GetPendingL1() in C:\Users\abima\Desktop\Project\Pelindo\pelindo-car-loan\backend\PelindoCarLoan.API\Controllers\ApprovalsController.cs:line 34
   at Microsoft.AspNetCore.Mvc.Infrastructure.ActionMethodExecutor.TaskOfIActionResultExecutor.Execute(ActionContext actionContext, IActionResultTypeMapper mapper, ObjectMethodExecutor executor, Object controller, Object[] arguments)
   at Microsoft.AspNetCore.Mvc.Infrastructure.ControllerActionInvoker.<InvokeActionMethodAsync>g__Awaited|12_0(ControllerActionInvoker invoker, ValueTask`1 actionResultValueTask)
   at Microsoft.AspNetCore.Mvc.Infrastructure.ControllerActionInvoker.<InvokeNextActionFilterAsync>g__Awaited|10_0(ControllerActionInvoker invoker, Task lastTask, State next, Scope scope, Object state, Boolean isCompleted)
   at Microsoft.AspNetCore.Mvc.Infrastructure.ControllerActionInvoker.Rethrow(ActionExecutedContextSealed context)
   at Microsoft.AspNetCore.Mvc.Infrastructure.ControllerActionInvoker.Next(State& next, Scope& scope, Object& state, Boolean& isCompleted)
   at Microsoft.AspNetCore.Mvc.Infrastructure.ControllerActionInvoker.<InvokeInnerFilterAsync>g__Awaited|13_0(ControllerActionInvoker invoker, Task lastTask, State next, Scope scope, Object state, Boolean isCompleted)
   at Microsoft.AspNetCore.Mvc.Infrastructure.ResourceInvoker.<InvokeFilterPipelineAsync>g__Awaited|20_0(ResourceInvoker invoker, Task lastTask, State next, Scope scope, Object state, Boolean isCompleted)
   at Microsoft.AspNetCore.Mvc.Infrastructure.ResourceInvoker.<InvokeAsync>g__Logged|17_1(ResourceInvoker invoker)
   at Microsoft.AspNetCore.Mvc.Infrastructure.ResourceInvoker.<InvokeAsync>g__Logged|17_1(ResourceInvoker invoker)
   at Microsoft.AspNetCore.Routing.EndpointMiddleware.<Invoke>g__AwaitRequestTask|7_0(Endpoint endpoint, Task requestTask, ILogger logger)
   at Microsoft.AspNetCore.Authorization.AuthorizationMiddleware.Invoke(HttpContext context)
   at Microsoft.AspNetCore.Authentication.AuthenticationMiddleware.Invoke(HttpContext context)
   at PelindoCarLoan.API.Middleware.ExceptionMiddleware.InvokeAsync(HttpContext context) in C:\Users\abima\Desktop\Project\Pelindo\pelindo-car-loan\backend\PelindoCarLoan.API\Middleware\ExceptionMiddleware.cs:line 22
2026-01-07 17:39:01.019 +07:00 [INF] Request finished HTTP/1.1 GET http://localhost:5000/api/approvals/pending/l1 - 500 null application/json 18.8759ms
2026-01-07 17:39:02.026 +07:00 [INF] Request starting HTTP/1.1 GET http://localhost:5000/api/approvals/pending/l1 - null null
2026-01-07 17:39:02.029 +07:00 [INF] CORS policy execution successful.
2026-01-07 17:39:02.030 +07:00 [INF] Executing endpoint 'PelindoCarLoan.API.Controllers.ApprovalsController.GetPendingL1 (PelindoCarLoan.API)'
2026-01-07 17:39:02.032 +07:00 [INF] Route matched with {action = "GetPendingL1", controller = "Approvals"}. Executing controller action with signature System.Threading.Tasks.Task`1[Microsoft.AspNetCore.Mvc.IActionResult] GetPendingL1() on controller PelindoCarLoan.API.Controllers.ApprovalsController (PelindoCarLoan.API).
2026-01-07 17:39:02.035 +07:00 [INF] Executed action PelindoCarLoan.API.Controllers.ApprovalsController.GetPendingL1 (PelindoCarLoan.API) in 1.6036ms
2026-01-07 17:39:02.036 +07:00 [INF] Executed endpoint 'PelindoCarLoan.API.Controllers.ApprovalsController.GetPendingL1 (PelindoCarLoan.API)'
2026-01-07 17:39:02.038 +07:00 [ERR] An unhandled exception occurred
Oracle.ManagedDataAccess.Client.OracleException (0x80004005): ORA-00904: "U"."ID": invalid identifier
https://docs.oracle.com/error-help/db/ora-00904/
   at Oracle.ManagedDataAccess.Client.OracleCommand.<>c.<ExecuteDbDataReaderAsync>b__213_0(Task`1 result)
   at System.Threading.Tasks.ContinuationResultTaskFromResultTask`2.InnerInvoke()
   at System.Threading.ExecutionContext.RunInternal(ExecutionContext executionContext, ContextCallback callback, Object state)
--- End of stack trace from previous location ---
   at System.Threading.ExecutionContext.RunInternal(ExecutionContext executionContext, ContextCallback callback, Object state)
   at System.Threading.Tasks.Task.ExecuteWithThreadLocal(Task& currentTaskSlot, Thread threadPoolThread)
--- End of stack trace from previous location ---
   at Dapper.SqlMapper.MultiMapAsync[TFirst,TSecond,TThird,TFourth,TFifth,TSixth,TSeventh,TReturn](IDbConnection cnn, CommandDefinition command, Delegate map, String splitOn) in /_/Dapper/SqlMapper.Async.cs:line 940
   at PelindoCarLoan.API.Repositories.LoanRequestRepository.GetPendingForApprovalAsync(Int32 approvalLevel) in C:\Users\abima\Desktop\Project\Pelindo\pelindo-car-loan\backend\PelindoCarLoan.API\Repositories\LoanRequestRepository.cs:line 125
   at PelindoCarLoan.API.Services.ApprovalService.GetPendingApprovalsAsync(Int32 level) in C:\Users\abima\Desktop\Project\Pelindo\pelindo-car-loan\backend\PelindoCarLoan.API\Services\ApprovalService.cs:line 40
   at PelindoCarLoan.API.Controllers.ApprovalsController.GetPendingL1() in C:\Users\abima\Desktop\Project\Pelindo\pelindo-car-loan\backend\PelindoCarLoan.API\Controllers\ApprovalsController.cs:line 34
   at Microsoft.AspNetCore.Mvc.Infrastructure.ActionMethodExecutor.TaskOfIActionResultExecutor.Execute(ActionContext actionContext, IActionResultTypeMapper mapper, ObjectMethodExecutor executor, Object controller, Object[] arguments)
   at Microsoft.AspNetCore.Mvc.Infrastructure.ControllerActionInvoker.<InvokeActionMethodAsync>g__Awaited|12_0(ControllerActionInvoker invoker, ValueTask`1 actionResultValueTask)
   at Microsoft.AspNetCore.Mvc.Infrastructure.ControllerActionInvoker.<InvokeNextActionFilterAsync>g__Awaited|10_0(ControllerActionInvoker invoker, Task lastTask, State next, Scope scope, Object state, Boolean isCompleted)
   at Microsoft.AspNetCore.Mvc.Infrastructure.ControllerActionInvoker.Rethrow(ActionExecutedContextSealed context)
   at Microsoft.AspNetCore.Mvc.Infrastructure.ControllerActionInvoker.Next(State& next, Scope& scope, Object& state, Boolean& isCompleted)
   at Microsoft.AspNetCore.Mvc.Infrastructure.ControllerActionInvoker.<InvokeInnerFilterAsync>g__Awaited|13_0(ControllerActionInvoker invoker, Task lastTask, State next, Scope scope, Object state, Boolean isCompleted)
   at Microsoft.AspNetCore.Mvc.Infrastructure.ResourceInvoker.<InvokeFilterPipelineAsync>g__Awaited|20_0(ResourceInvoker invoker, Task lastTask, State next, Scope scope, Object state, Boolean isCompleted)
   at Microsoft.AspNetCore.Mvc.Infrastructure.ResourceInvoker.<InvokeAsync>g__Logged|17_1(ResourceInvoker invoker)
   at Microsoft.AspNetCore.Mvc.Infrastructure.ResourceInvoker.<InvokeAsync>g__Logged|17_1(ResourceInvoker invoker)
   at Microsoft.AspNetCore.Routing.EndpointMiddleware.<Invoke>g__AwaitRequestTask|7_0(Endpoint endpoint, Task requestTask, ILogger logger)
   at Microsoft.AspNetCore.Authorization.AuthorizationMiddleware.Invoke(HttpContext context)
   at Microsoft.AspNetCore.Authentication.AuthenticationMiddleware.Invoke(HttpContext context)
   at PelindoCarLoan.API.Middleware.ExceptionMiddleware.InvokeAsync(HttpContext context) in C:\Users\abima\Desktop\Project\Pelindo\pelindo-car-loan\backend\PelindoCarLoan.API\Middleware\ExceptionMiddleware.cs:line 22
2026-01-07 17:39:02.044 +07:00 [INF] Request finished HTTP/1.1 GET http://localhost:5000/api/approvals/pending/l1 - 500 null application/json 17.629ms
2026-01-07 17:39:02.201 +07:00 [INF] Request starting HTTP/1.1 GET http://localhost:5000/api/approvals/pending/l1 - null null
2026-01-07 17:39:02.204 +07:00 [INF] CORS policy execution successful.
2026-01-07 17:39:02.205 +07:00 [INF] Executing endpoint 'PelindoCarLoan.API.Controllers.ApprovalsController.GetPendingL1 (PelindoCarLoan.API)'
2026-01-07 17:39:02.207 +07:00 [INF] Route matched with {action = "GetPendingL1", controller = "Approvals"}. Executing controller action with signature System.Threading.Tasks.Task`1[Microsoft.AspNetCore.Mvc.IActionResult] GetPendingL1() on controller PelindoCarLoan.API.Controllers.ApprovalsController (PelindoCarLoan.API).
2026-01-07 17:39:02.210 +07:00 [INF] Executed action PelindoCarLoan.API.Controllers.ApprovalsController.GetPendingL1 (PelindoCarLoan.API) in 1.7469ms
2026-01-07 17:39:02.211 +07:00 [INF] Executed endpoint 'PelindoCarLoan.API.Controllers.ApprovalsController.GetPendingL1 (PelindoCarLoan.API)'
2026-01-07 17:39:02.212 +07:00 [ERR] An unhandled exception occurred
Oracle.ManagedDataAccess.Client.OracleException (0x80004005): ORA-00904: "U"."ID": invalid identifier
https://docs.oracle.com/error-help/db/ora-00904/
   at Oracle.ManagedDataAccess.Client.OracleCommand.<>c.<ExecuteDbDataReaderAsync>b__213_0(Task`1 result)
   at System.Threading.Tasks.ContinuationResultTaskFromResultTask`2.InnerInvoke()
   at System.Threading.ExecutionContext.RunInternal(ExecutionContext executionContext, ContextCallback callback, Object state)
--- End of stack trace from previous location ---
   at System.Threading.ExecutionContext.RunInternal(ExecutionContext executionContext, ContextCallback callback, Object state)
   at System.Threading.Tasks.Task.ExecuteWithThreadLocal(Task& currentTaskSlot, Thread threadPoolThread)
--- End of stack trace from previous location ---
   at Dapper.SqlMapper.MultiMapAsync[TFirst,TSecond,TThird,TFourth,TFifth,TSixth,TSeventh,TReturn](IDbConnection cnn, CommandDefinition command, Delegate map, String splitOn) in /_/Dapper/SqlMapper.Async.cs:line 940
   at PelindoCarLoan.API.Repositories.LoanRequestRepository.GetPendingForApprovalAsync(Int32 approvalLevel) in C:\Users\abima\Desktop\Project\Pelindo\pelindo-car-loan\backend\PelindoCarLoan.API\Repositories\LoanRequestRepository.cs:line 125
   at PelindoCarLoan.API.Services.ApprovalService.GetPendingApprovalsAsync(Int32 level) in C:\Users\abima\Desktop\Project\Pelindo\pelindo-car-loan\backend\PelindoCarLoan.API\Services\ApprovalService.cs:line 40
   at PelindoCarLoan.API.Controllers.ApprovalsController.GetPendingL1() in C:\Users\abima\Desktop\Project\Pelindo\pelindo-car-loan\backend\PelindoCarLoan.API\Controllers\ApprovalsController.cs:line 34
   at Microsoft.AspNetCore.Mvc.Infrastructure.ActionMethodExecutor.TaskOfIActionResultExecutor.Execute(ActionContext actionContext, IActionResultTypeMapper mapper, ObjectMethodExecutor executor, Object controller, Object[] arguments)
   at Microsoft.AspNetCore.Mvc.Infrastructure.ControllerActionInvoker.<InvokeActionMethodAsync>g__Awaited|12_0(ControllerActionInvoker invoker, ValueTask`1 actionResultValueTask)
   at Microsoft.AspNetCore.Mvc.Infrastructure.ControllerActionInvoker.<InvokeNextActionFilterAsync>g__Awaited|10_0(ControllerActionInvoker invoker, Task lastTask, State next, Scope scope, Object state, Boolean isCompleted)
   at Microsoft.AspNetCore.Mvc.Infrastructure.ControllerActionInvoker.Rethrow(ActionExecutedContextSealed context)
   at Microsoft.AspNetCore.Mvc.Infrastructure.ControllerActionInvoker.Next(State& next, Scope& scope, Object& state, Boolean& isCompleted)
   at Microsoft.AspNetCore.Mvc.Infrastructure.ControllerActionInvoker.<InvokeInnerFilterAsync>g__Awaited|13_0(ControllerActionInvoker invoker, Task lastTask, State next, Scope scope, Object state, Boolean isCompleted)
   at Microsoft.AspNetCore.Mvc.Infrastructure.ResourceInvoker.<InvokeFilterPipelineAsync>g__Awaited|20_0(ResourceInvoker invoker, Task lastTask, State next, Scope scope, Object state, Boolean isCompleted)
   at Microsoft.AspNetCore.Mvc.Infrastructure.ResourceInvoker.<InvokeAsync>g__Logged|17_1(ResourceInvoker invoker)
   at Microsoft.AspNetCore.Mvc.Infrastructure.ResourceInvoker.<InvokeAsync>g__Logged|17_1(ResourceInvoker invoker)
   at Microsoft.AspNetCore.Routing.EndpointMiddleware.<Invoke>g__AwaitRequestTask|7_0(Endpoint endpoint, Task requestTask, ILogger logger)
   at Microsoft.AspNetCore.Authorization.AuthorizationMiddleware.Invoke(HttpContext context)
   at Microsoft.AspNetCore.Authentication.AuthenticationMiddleware.Invoke(HttpContext context)
   at PelindoCarLoan.API.Middleware.ExceptionMiddleware.InvokeAsync(HttpContext context) in C:\Users\abima\Desktop\Project\Pelindo\pelindo-car-loan\backend\PelindoCarLoan.API\Middleware\ExceptionMiddleware.cs:line 22
2026-01-07 17:39:02.219 +07:00 [INF] Request finished HTTP/1.1 GET http://localhost:5000/api/approvals/pending/l1 - 500 null application/json 17.8666ms
2026-01-07 17:39:03.227 +07:00 [INF] Request starting HTTP/1.1 GET http://localhost:5000/api/approvals/pending/l1 - null null
2026-01-07 17:39:03.229 +07:00 [INF] CORS policy execution successful.
2026-01-07 17:39:03.230 +07:00 [INF] Executing endpoint 'PelindoCarLoan.API.Controllers.ApprovalsController.GetPendingL1 (PelindoCarLoan.API)'
2026-01-07 17:39:03.231 +07:00 [INF] Route matched with {action = "GetPendingL1", controller = "Approvals"}. Executing controller action with signature System.Threading.Tasks.Task`1[Microsoft.AspNetCore.Mvc.IActionResult] GetPendingL1() on controller PelindoCarLoan.API.Controllers.ApprovalsController (PelindoCarLoan.API).
2026-01-07 17:39:03.234 +07:00 [INF] Executed action PelindoCarLoan.API.Controllers.ApprovalsController.GetPendingL1 (PelindoCarLoan.API) in 1.5981ms
2026-01-07 17:39:03.235 +07:00 [INF] Executed endpoint 'PelindoCarLoan.API.Controllers.ApprovalsController.GetPendingL1 (PelindoCarLoan.API)'
2026-01-07 17:39:03.236 +07:00 [ERR] An unhandled exception occurred
Oracle.ManagedDataAccess.Client.OracleException (0x80004005): ORA-00904: "U"."ID": invalid identifier
https://docs.oracle.com/error-help/db/ora-00904/
   at Oracle.ManagedDataAccess.Client.OracleCommand.<>c.<ExecuteDbDataReaderAsync>b__213_0(Task`1 result)
   at System.Threading.Tasks.ContinuationResultTaskFromResultTask`2.InnerInvoke()
   at System.Threading.ExecutionContext.RunInternal(ExecutionContext executionContext, ContextCallback callback, Object state)
--- End of stack trace from previous location ---
   at System.Threading.ExecutionContext.RunInternal(ExecutionContext executionContext, ContextCallback callback, Object state)
   at System.Threading.Tasks.Task.ExecuteWithThreadLocal(Task& currentTaskSlot, Thread threadPoolThread)
--- End of stack trace from previous location ---
   at Dapper.SqlMapper.MultiMapAsync[TFirst,TSecond,TThird,TFourth,TFifth,TSixth,TSeventh,TReturn](IDbConnection cnn, CommandDefinition command, Delegate map, String splitOn) in /_/Dapper/SqlMapper.Async.cs:line 940
   at PelindoCarLoan.API.Repositories.LoanRequestRepository.GetPendingForApprovalAsync(Int32 approvalLevel) in C:\Users\abima\Desktop\Project\Pelindo\pelindo-car-loan\backend\PelindoCarLoan.API\Repositories\LoanRequestRepository.cs:line 125
   at PelindoCarLoan.API.Services.ApprovalService.GetPendingApprovalsAsync(Int32 level) in C:\Users\abima\Desktop\Project\Pelindo\pelindo-car-loan\backend\PelindoCarLoan.API\Services\ApprovalService.cs:line 40
   at PelindoCarLoan.API.Controllers.ApprovalsController.GetPendingL1() in C:\Users\abima\Desktop\Project\Pelindo\pelindo-car-loan\backend\PelindoCarLoan.API\Controllers\ApprovalsController.cs:line 34
   at Microsoft.AspNetCore.Mvc.Infrastructure.ActionMethodExecutor.TaskOfIActionResultExecutor.Execute(ActionContext actionContext, IActionResultTypeMapper mapper, ObjectMethodExecutor executor, Object controller, Object[] arguments)
   at Microsoft.AspNetCore.Mvc.Infrastructure.ControllerActionInvoker.<InvokeActionMethodAsync>g__Awaited|12_0(ControllerActionInvoker invoker, ValueTask`1 actionResultValueTask)
   at Microsoft.AspNetCore.Mvc.Infrastructure.ControllerActionInvoker.<InvokeNextActionFilterAsync>g__Awaited|10_0(ControllerActionInvoker invoker, Task lastTask, State next, Scope scope, Object state, Boolean isCompleted)
   at Microsoft.AspNetCore.Mvc.Infrastructure.ControllerActionInvoker.Rethrow(ActionExecutedContextSealed context)
   at Microsoft.AspNetCore.Mvc.Infrastructure.ControllerActionInvoker.Next(State& next, Scope& scope, Object& state, Boolean& isCompleted)
   at Microsoft.AspNetCore.Mvc.Infrastructure.ControllerActionInvoker.<InvokeInnerFilterAsync>g__Awaited|13_0(ControllerActionInvoker invoker, Task lastTask, State next, Scope scope, Object state, Boolean isCompleted)
   at Microsoft.AspNetCore.Mvc.Infrastructure.ResourceInvoker.<InvokeFilterPipelineAsync>g__Awaited|20_0(ResourceInvoker invoker, Task lastTask, State next, Scope scope, Object state, Boolean isCompleted)
   at Microsoft.AspNetCore.Mvc.Infrastructure.ResourceInvoker.<InvokeAsync>g__Logged|17_1(ResourceInvoker invoker)
   at Microsoft.AspNetCore.Mvc.Infrastructure.ResourceInvoker.<InvokeAsync>g__Logged|17_1(ResourceInvoker invoker)
   at Microsoft.AspNetCore.Routing.EndpointMiddleware.<Invoke>g__AwaitRequestTask|7_0(Endpoint endpoint, Task requestTask, ILogger logger)
   at Microsoft.AspNetCore.Authorization.AuthorizationMiddleware.Invoke(HttpContext context)
   at Microsoft.AspNetCore.Authentication.AuthenticationMiddleware.Invoke(HttpContext context)
   at PelindoCarLoan.API.Middleware.ExceptionMiddleware.InvokeAsync(HttpContext context) in C:\Users\abima\Desktop\Project\Pelindo\pelindo-car-loan\backend\PelindoCarLoan.API\Middleware\ExceptionMiddleware.cs:line 22
2026-01-07 17:39:03.241 +07:00 [INF] Request finished HTTP/1.1 GET http://localhost:5000/api/approvals/pending/l1 - 500 null application/json 14.5149ms
2026-01-07 17:39:05.736 +07:00 [INF] Request starting HTTP/1.1 OPTIONS http://localhost:5000/api/approvals/pending/l1 - null null
2026-01-07 17:39:05.739 +07:00 [INF] CORS policy execution successful.
2026-01-07 17:39:05.740 +07:00 [INF] Request finished HTTP/1.1 OPTIONS http://localhost:5000/api/approvals/pending/l1 - 204 null null 3.5243ms
2026-01-07 17:39:05.742 +07:00 [INF] Request starting HTTP/1.1 GET http://localhost:5000/api/approvals/pending/l1 - null null
2026-01-07 17:39:05.744 +07:00 [INF] CORS policy execution successful.
2026-01-07 17:39:05.745 +07:00 [INF] Executing endpoint 'PelindoCarLoan.API.Controllers.ApprovalsController.GetPendingL1 (PelindoCarLoan.API)'
2026-01-07 17:39:05.746 +07:00 [INF] Route matched with {action = "GetPendingL1", controller = "Approvals"}. Executing controller action with signature System.Threading.Tasks.Task`1[Microsoft.AspNetCore.Mvc.IActionResult] GetPendingL1() on controller PelindoCarLoan.API.Controllers.ApprovalsController (PelindoCarLoan.API).
2026-01-07 17:39:05.750 +07:00 [INF] Executed action PelindoCarLoan.API.Controllers.ApprovalsController.GetPendingL1 (PelindoCarLoan.API) in 1.6942ms
2026-01-07 17:39:05.751 +07:00 [INF] Executed endpoint 'PelindoCarLoan.API.Controllers.ApprovalsController.GetPendingL1 (PelindoCarLoan.API)'
2026-01-07 17:39:05.752 +07:00 [ERR] An unhandled exception occurred
Oracle.ManagedDataAccess.Client.OracleException (0x80004005): ORA-00904: "U"."ID": invalid identifier
https://docs.oracle.com/error-help/db/ora-00904/
   at Oracle.ManagedDataAccess.Client.OracleCommand.<>c.<ExecuteDbDataReaderAsync>b__213_0(Task`1 result)
   at System.Threading.Tasks.ContinuationResultTaskFromResultTask`2.InnerInvoke()
   at System.Threading.ExecutionContext.RunInternal(ExecutionContext executionContext, ContextCallback callback, Object state)
--- End of stack trace from previous location ---
   at System.Threading.ExecutionContext.RunInternal(ExecutionContext executionContext, ContextCallback callback, Object state)
   at System.Threading.Tasks.Task.ExecuteWithThreadLocal(Task& currentTaskSlot, Thread threadPoolThread)
--- End of stack trace from previous location ---
   at Dapper.SqlMapper.MultiMapAsync[TFirst,TSecond,TThird,TFourth,TFifth,TSixth,TSeventh,TReturn](IDbConnection cnn, CommandDefinition command, Delegate map, String splitOn) in /_/Dapper/SqlMapper.Async.cs:line 940
   at PelindoCarLoan.API.Repositories.LoanRequestRepository.GetPendingForApprovalAsync(Int32 approvalLevel) in C:\Users\abima\Desktop\Project\Pelindo\pelindo-car-loan\backend\PelindoCarLoan.API\Repositories\LoanRequestRepository.cs:line 125
   at PelindoCarLoan.API.Services.ApprovalService.GetPendingApprovalsAsync(Int32 level) in C:\Users\abima\Desktop\Project\Pelindo\pelindo-car-loan\backend\PelindoCarLoan.API\Services\ApprovalService.cs:line 40
   at PelindoCarLoan.API.Controllers.ApprovalsController.GetPendingL1() in C:\Users\abima\Desktop\Project\Pelindo\pelindo-car-loan\backend\PelindoCarLoan.API\Controllers\ApprovalsController.cs:line 34
   at Microsoft.AspNetCore.Mvc.Infrastructure.ActionMethodExecutor.TaskOfIActionResultExecutor.Execute(ActionContext actionContext, IActionResultTypeMapper mapper, ObjectMethodExecutor executor, Object controller, Object[] arguments)
   at Microsoft.AspNetCore.Mvc.Infrastructure.ControllerActionInvoker.<InvokeActionMethodAsync>g__Awaited|12_0(ControllerActionInvoker invoker, ValueTask`1 actionResultValueTask)
   at Microsoft.AspNetCore.Mvc.Infrastructure.ControllerActionInvoker.<InvokeNextActionFilterAsync>g__Awaited|10_0(ControllerActionInvoker invoker, Task lastTask, State next, Scope scope, Object state, Boolean isCompleted)
   at Microsoft.AspNetCore.Mvc.Infrastructure.ControllerActionInvoker.Rethrow(ActionExecutedContextSealed context)
   at Microsoft.AspNetCore.Mvc.Infrastructure.ControllerActionInvoker.Next(State& next, Scope& scope, Object& state, Boolean& isCompleted)
   at Microsoft.AspNetCore.Mvc.Infrastructure.ControllerActionInvoker.<InvokeInnerFilterAsync>g__Awaited|13_0(ControllerActionInvoker invoker, Task lastTask, State next, Scope scope, Object state, Boolean isCompleted)
   at Microsoft.AspNetCore.Mvc.Infrastructure.ResourceInvoker.<InvokeFilterPipelineAsync>g__Awaited|20_0(ResourceInvoker invoker, Task lastTask, State next, Scope scope, Object state, Boolean isCompleted)
   at Microsoft.AspNetCore.Mvc.Infrastructure.ResourceInvoker.<InvokeAsync>g__Logged|17_1(ResourceInvoker invoker)
   at Microsoft.AspNetCore.Mvc.Infrastructure.ResourceInvoker.<InvokeAsync>g__Logged|17_1(ResourceInvoker invoker)
   at Microsoft.AspNetCore.Routing.EndpointMiddleware.<Invoke>g__AwaitRequestTask|7_0(Endpoint endpoint, Task requestTask, ILogger logger)
   at Microsoft.AspNetCore.Authorization.AuthorizationMiddleware.Invoke(HttpContext context)
   at Microsoft.AspNetCore.Authentication.AuthenticationMiddleware.Invoke(HttpContext context)
   at PelindoCarLoan.API.Middleware.ExceptionMiddleware.InvokeAsync(HttpContext context) in C:\Users\abima\Desktop\Project\Pelindo\pelindo-car-loan\backend\PelindoCarLoan.API\Middleware\ExceptionMiddleware.cs:line 22
2026-01-07 17:39:05.758 +07:00 [INF] Request finished HTTP/1.1 GET http://localhost:5000/api/approvals/pending/l1 - 500 null application/json 15.1864ms
2026-01-07 17:39:06.763 +07:00 [INF] Request starting HTTP/1.1 GET http://localhost:5000/api/approvals/pending/l1 - null null
2026-01-07 17:39:06.772 +07:00 [INF] CORS policy execution successful.
2026-01-07 17:39:06.773 +07:00 [INF] Executing endpoint 'PelindoCarLoan.API.Controllers.ApprovalsController.GetPendingL1 (PelindoCarLoan.API)'
2026-01-07 17:39:06.774 +07:00 [INF] Route matched with {action = "GetPendingL1", controller = "Approvals"}. Executing controller action with signature System.Threading.Tasks.Task`1[Microsoft.AspNetCore.Mvc.IActionResult] GetPendingL1() on controller PelindoCarLoan.API.Controllers.ApprovalsController (PelindoCarLoan.API).
2026-01-07 17:39:06.777 +07:00 [INF] Executed action PelindoCarLoan.API.Controllers.ApprovalsController.GetPendingL1 (PelindoCarLoan.API) in 1.4015ms
2026-01-07 17:39:06.778 +07:00 [INF] Executed endpoint 'PelindoCarLoan.API.Controllers.ApprovalsController.GetPendingL1 (PelindoCarLoan.API)'
2026-01-07 17:39:06.779 +07:00 [ERR] An unhandled exception occurred
Oracle.ManagedDataAccess.Client.OracleException (0x80004005): ORA-00904: "U"."ID": invalid identifier
https://docs.oracle.com/error-help/db/ora-00904/
   at Oracle.ManagedDataAccess.Client.OracleCommand.<>c.<ExecuteDbDataReaderAsync>b__213_0(Task`1 result)
   at System.Threading.Tasks.ContinuationResultTaskFromResultTask`2.InnerInvoke()
   at System.Threading.ExecutionContext.RunInternal(ExecutionContext executionContext, ContextCallback callback, Object state)
--- End of stack trace from previous location ---
   at System.Threading.ExecutionContext.RunInternal(ExecutionContext executionContext, ContextCallback callback, Object state)
   at System.Threading.Tasks.Task.ExecuteWithThreadLocal(Task& currentTaskSlot, Thread threadPoolThread)
--- End of stack trace from previous location ---
   at Dapper.SqlMapper.MultiMapAsync[TFirst,TSecond,TThird,TFourth,TFifth,TSixth,TSeventh,TReturn](IDbConnection cnn, CommandDefinition command, Delegate map, String splitOn) in /_/Dapper/SqlMapper.Async.cs:line 940
   at PelindoCarLoan.API.Repositories.LoanRequestRepository.GetPendingForApprovalAsync(Int32 approvalLevel) in C:\Users\abima\Desktop\Project\Pelindo\pelindo-car-loan\backend\PelindoCarLoan.API\Repositories\LoanRequestRepository.cs:line 125
   at PelindoCarLoan.API.Services.ApprovalService.GetPendingApprovalsAsync(Int32 level) in C:\Users\abima\Desktop\Project\Pelindo\pelindo-car-loan\backend\PelindoCarLoan.API\Services\ApprovalService.cs:line 40
   at PelindoCarLoan.API.Controllers.ApprovalsController.GetPendingL1() in C:\Users\abima\Desktop\Project\Pelindo\pelindo-car-loan\backend\PelindoCarLoan.API\Controllers\ApprovalsController.cs:line 34
   at Microsoft.AspNetCore.Mvc.Infrastructure.ActionMethodExecutor.TaskOfIActionResultExecutor.Execute(ActionContext actionContext, IActionResultTypeMapper mapper, ObjectMethodExecutor executor, Object controller, Object[] arguments)
   at Microsoft.AspNetCore.Mvc.Infrastructure.ControllerActionInvoker.<InvokeActionMethodAsync>g__Awaited|12_0(ControllerActionInvoker invoker, ValueTask`1 actionResultValueTask)
   at Microsoft.AspNetCore.Mvc.Infrastructure.ControllerActionInvoker.<InvokeNextActionFilterAsync>g__Awaited|10_0(ControllerActionInvoker invoker, Task lastTask, State next, Scope scope, Object state, Boolean isCompleted)
   at Microsoft.AspNetCore.Mvc.Infrastructure.ControllerActionInvoker.Rethrow(ActionExecutedContextSealed context)
   at Microsoft.AspNetCore.Mvc.Infrastructure.ControllerActionInvoker.Next(State& next, Scope& scope, Object& state, Boolean& isCompleted)
   at Microsoft.AspNetCore.Mvc.Infrastructure.ControllerActionInvoker.<InvokeInnerFilterAsync>g__Awaited|13_0(ControllerActionInvoker invoker, Task lastTask, State next, Scope scope, Object state, Boolean isCompleted)
   at Microsoft.AspNetCore.Mvc.Infrastructure.ResourceInvoker.<InvokeFilterPipelineAsync>g__Awaited|20_0(ResourceInvoker invoker, Task lastTask, State next, Scope scope, Object state, Boolean isCompleted)
   at Microsoft.AspNetCore.Mvc.Infrastructure.ResourceInvoker.<InvokeAsync>g__Logged|17_1(ResourceInvoker invoker)
   at Microsoft.AspNetCore.Mvc.Infrastructure.ResourceInvoker.<InvokeAsync>g__Logged|17_1(ResourceInvoker invoker)
   at Microsoft.AspNetCore.Routing.EndpointMiddleware.<Invoke>g__AwaitRequestTask|7_0(Endpoint endpoint, Task requestTask, ILogger logger)
   at Microsoft.AspNetCore.Authorization.AuthorizationMiddleware.Invoke(HttpContext context)
   at Microsoft.AspNetCore.Authentication.AuthenticationMiddleware.Invoke(HttpContext context)
   at PelindoCarLoan.API.Middleware.ExceptionMiddleware.InvokeAsync(HttpContext context) in C:\Users\abima\Desktop\Project\Pelindo\pelindo-car-loan\backend\PelindoCarLoan.API\Middleware\ExceptionMiddleware.cs:line 22
2026-01-07 17:39:06.785 +07:00 [INF] Request finished HTTP/1.1 GET http://localhost:5000/api/approvals/pending/l1 - 500 null application/json 21.6185ms
2026-01-07 17:39:11.026 +07:00 [INF] Request starting HTTP/1.1 OPTIONS http://localhost:5000/api/approvals/pending/l1 - null null
2026-01-07 17:39:11.029 +07:00 [INF] CORS policy execution successful.
2026-01-07 17:39:11.031 +07:00 [INF] Request finished HTTP/1.1 OPTIONS http://localhost:5000/api/approvals/pending/l1 - 204 null null 4.487ms
2026-01-07 17:39:11.035 +07:00 [INF] Request starting HTTP/1.1 GET http://localhost:5000/api/approvals/pending/l1 - null null
2026-01-07 17:39:11.038 +07:00 [INF] CORS policy execution successful.
2026-01-07 17:39:11.039 +07:00 [INF] Executing endpoint 'PelindoCarLoan.API.Controllers.ApprovalsController.GetPendingL1 (PelindoCarLoan.API)'
2026-01-07 17:39:11.041 +07:00 [INF] Route matched with {action = "GetPendingL1", controller = "Approvals"}. Executing controller action with signature System.Threading.Tasks.Task`1[Microsoft.AspNetCore.Mvc.IActionResult] GetPendingL1() on controller PelindoCarLoan.API.Controllers.ApprovalsController (PelindoCarLoan.API).
2026-01-07 17:39:11.045 +07:00 [INF] Executed action PelindoCarLoan.API.Controllers.ApprovalsController.GetPendingL1 (PelindoCarLoan.API) in 2.3852ms
2026-01-07 17:39:11.046 +07:00 [INF] Executed endpoint 'PelindoCarLoan.API.Controllers.ApprovalsController.GetPendingL1 (PelindoCarLoan.API)'
2026-01-07 17:39:11.048 +07:00 [ERR] An unhandled exception occurred
Oracle.ManagedDataAccess.Client.OracleException (0x80004005): ORA-00904: "U"."ID": invalid identifier
https://docs.oracle.com/error-help/db/ora-00904/
   at Oracle.ManagedDataAccess.Client.OracleCommand.<>c.<ExecuteDbDataReaderAsync>b__213_0(Task`1 result)
   at System.Threading.Tasks.ContinuationResultTaskFromResultTask`2.InnerInvoke()
   at System.Threading.ExecutionContext.RunInternal(ExecutionContext executionContext, ContextCallback callback, Object state)
--- End of stack trace from previous location ---
   at System.Threading.ExecutionContext.RunInternal(ExecutionContext executionContext, ContextCallback callback, Object state)
   at System.Threading.Tasks.Task.ExecuteWithThreadLocal(Task& currentTaskSlot, Thread threadPoolThread)
--- End of stack trace from previous location ---
   at Dapper.SqlMapper.MultiMapAsync[TFirst,TSecond,TThird,TFourth,TFifth,TSixth,TSeventh,TReturn](IDbConnection cnn, CommandDefinition command, Delegate map, String splitOn) in /_/Dapper/SqlMapper.Async.cs:line 940
   at PelindoCarLoan.API.Repositories.LoanRequestRepository.GetPendingForApprovalAsync(Int32 approvalLevel) in C:\Users\abima\Desktop\Project\Pelindo\pelindo-car-loan\backend\PelindoCarLoan.API\Repositories\LoanRequestRepository.cs:line 125
   at PelindoCarLoan.API.Services.ApprovalService.GetPendingApprovalsAsync(Int32 level) in C:\Users\abima\Desktop\Project\Pelindo\pelindo-car-loan\backend\PelindoCarLoan.API\Services\ApprovalService.cs:line 40
   at PelindoCarLoan.API.Controllers.ApprovalsController.GetPendingL1() in C:\Users\abima\Desktop\Project\Pelindo\pelindo-car-loan\backend\PelindoCarLoan.API\Controllers\ApprovalsController.cs:line 34
   at Microsoft.AspNetCore.Mvc.Infrastructure.ActionMethodExecutor.TaskOfIActionResultExecutor.Execute(ActionContext actionContext, IActionResultTypeMapper mapper, ObjectMethodExecutor executor, Object controller, Object[] arguments)
   at Microsoft.AspNetCore.Mvc.Infrastructure.ControllerActionInvoker.<InvokeActionMethodAsync>g__Awaited|12_0(ControllerActionInvoker invoker, ValueTask`1 actionResultValueTask)
   at Microsoft.AspNetCore.Mvc.Infrastructure.ControllerActionInvoker.<InvokeNextActionFilterAsync>g__Awaited|10_0(ControllerActionInvoker invoker, Task lastTask, State next, Scope scope, Object state, Boolean isCompleted)
   at Microsoft.AspNetCore.Mvc.Infrastructure.ControllerActionInvoker.Rethrow(ActionExecutedContextSealed context)
   at Microsoft.AspNetCore.Mvc.Infrastructure.ControllerActionInvoker.Next(State& next, Scope& scope, Object& state, Boolean& isCompleted)
   at Microsoft.AspNetCore.Mvc.Infrastructure.ControllerActionInvoker.<InvokeInnerFilterAsync>g__Awaited|13_0(ControllerActionInvoker invoker, Task lastTask, State next, Scope scope, Object state, Boolean isCompleted)
   at Microsoft.AspNetCore.Mvc.Infrastructure.ResourceInvoker.<InvokeFilterPipelineAsync>g__Awaited|20_0(ResourceInvoker invoker, Task lastTask, State next, Scope scope, Object state, Boolean isCompleted)
   at Microsoft.AspNetCore.Mvc.Infrastructure.ResourceInvoker.<InvokeAsync>g__Logged|17_1(ResourceInvoker invoker)
   at Microsoft.AspNetCore.Mvc.Infrastructure.ResourceInvoker.<InvokeAsync>g__Logged|17_1(ResourceInvoker invoker)
   at Microsoft.AspNetCore.Routing.EndpointMiddleware.<Invoke>g__AwaitRequestTask|7_0(Endpoint endpoint, Task requestTask, ILogger logger)
   at Microsoft.AspNetCore.Authorization.AuthorizationMiddleware.Invoke(HttpContext context)
   at Microsoft.AspNetCore.Authentication.AuthenticationMiddleware.Invoke(HttpContext context)
   at PelindoCarLoan.API.Middleware.ExceptionMiddleware.InvokeAsync(HttpContext context) in C:\Users\abima\Desktop\Project\Pelindo\pelindo-car-loan\backend\PelindoCarLoan.API\Middleware\ExceptionMiddleware.cs:line 22
2026-01-07 17:39:11.056 +07:00 [INF] Request finished HTTP/1.1 GET http://localhost:5000/api/approvals/pending/l1 - 500 null application/json 20.9578ms
2026-01-07 17:39:12.060 +07:00 [INF] Request starting HTTP/1.1 GET http://localhost:5000/api/approvals/pending/l1 - null null
2026-01-07 17:39:12.062 +07:00 [INF] CORS policy execution successful.
2026-01-07 17:39:12.063 +07:00 [INF] Executing endpoint 'PelindoCarLoan.API.Controllers.ApprovalsController.GetPendingL1 (PelindoCarLoan.API)'
2026-01-07 17:39:12.064 +07:00 [INF] Route matched with {action = "GetPendingL1", controller = "Approvals"}. Executing controller action with signature System.Threading.Tasks.Task`1[Microsoft.AspNetCore.Mvc.IActionResult] GetPendingL1() on controller PelindoCarLoan.API.Controllers.ApprovalsController (PelindoCarLoan.API).
2026-01-07 17:39:12.067 +07:00 [INF] Executed action PelindoCarLoan.API.Controllers.ApprovalsController.GetPendingL1 (PelindoCarLoan.API) in 1.5682ms
2026-01-07 17:39:12.068 +07:00 [INF] Executed endpoint 'PelindoCarLoan.API.Controllers.ApprovalsController.GetPendingL1 (PelindoCarLoan.API)'
2026-01-07 17:39:12.069 +07:00 [ERR] An unhandled exception occurred
Oracle.ManagedDataAccess.Client.OracleException (0x80004005): ORA-00904: "U"."ID": invalid identifier
https://docs.oracle.com/error-help/db/ora-00904/
   at Oracle.ManagedDataAccess.Client.OracleCommand.<>c.<ExecuteDbDataReaderAsync>b__213_0(Task`1 result)
   at System.Threading.Tasks.ContinuationResultTaskFromResultTask`2.InnerInvoke()
   at System.Threading.ExecutionContext.RunInternal(ExecutionContext executionContext, ContextCallback callback, Object state)
--- End of stack trace from previous location ---
   at System.Threading.ExecutionContext.RunInternal(ExecutionContext executionContext, ContextCallback callback, Object state)
   at System.Threading.Tasks.Task.ExecuteWithThreadLocal(Task& currentTaskSlot, Thread threadPoolThread)
--- End of stack trace from previous location ---
   at Dapper.SqlMapper.MultiMapAsync[TFirst,TSecond,TThird,TFourth,TFifth,TSixth,TSeventh,TReturn](IDbConnection cnn, CommandDefinition command, Delegate map, String splitOn) in /_/Dapper/SqlMapper.Async.cs:line 940
   at PelindoCarLoan.API.Repositories.LoanRequestRepository.GetPendingForApprovalAsync(Int32 approvalLevel) in C:\Users\abima\Desktop\Project\Pelindo\pelindo-car-loan\backend\PelindoCarLoan.API\Repositories\LoanRequestRepository.cs:line 125
   at PelindoCarLoan.API.Services.ApprovalService.GetPendingApprovalsAsync(Int32 level) in C:\Users\abima\Desktop\Project\Pelindo\pelindo-car-loan\backend\PelindoCarLoan.API\Services\ApprovalService.cs:line 40
   at PelindoCarLoan.API.Controllers.ApprovalsController.GetPendingL1() in C:\Users\abima\Desktop\Project\Pelindo\pelindo-car-loan\backend\PelindoCarLoan.API\Controllers\ApprovalsController.cs:line 34
   at Microsoft.AspNetCore.Mvc.Infrastructure.ActionMethodExecutor.TaskOfIActionResultExecutor.Execute(ActionContext actionContext, IActionResultTypeMapper mapper, ObjectMethodExecutor executor, Object controller, Object[] arguments)
   at Microsoft.AspNetCore.Mvc.Infrastructure.ControllerActionInvoker.<InvokeActionMethodAsync>g__Awaited|12_0(ControllerActionInvoker invoker, ValueTask`1 actionResultValueTask)
   at Microsoft.AspNetCore.Mvc.Infrastructure.ControllerActionInvoker.<InvokeNextActionFilterAsync>g__Awaited|10_0(ControllerActionInvoker invoker, Task lastTask, State next, Scope scope, Object state, Boolean isCompleted)
   at Microsoft.AspNetCore.Mvc.Infrastructure.ControllerActionInvoker.Rethrow(ActionExecutedContextSealed context)
   at Microsoft.AspNetCore.Mvc.Infrastructure.ControllerActionInvoker.Next(State& next, Scope& scope, Object& state, Boolean& isCompleted)
   at Microsoft.AspNetCore.Mvc.Infrastructure.ControllerActionInvoker.<InvokeInnerFilterAsync>g__Awaited|13_0(ControllerActionInvoker invoker, Task lastTask, State next, Scope scope, Object state, Boolean isCompleted)
   at Microsoft.AspNetCore.Mvc.Infrastructure.ResourceInvoker.<InvokeFilterPipelineAsync>g__Awaited|20_0(ResourceInvoker invoker, Task lastTask, State next, Scope scope, Object state, Boolean isCompleted)
   at Microsoft.AspNetCore.Mvc.Infrastructure.ResourceInvoker.<InvokeAsync>g__Logged|17_1(ResourceInvoker invoker)
   at Microsoft.AspNetCore.Mvc.Infrastructure.ResourceInvoker.<InvokeAsync>g__Logged|17_1(ResourceInvoker invoker)
   at Microsoft.AspNetCore.Routing.EndpointMiddleware.<Invoke>g__AwaitRequestTask|7_0(Endpoint endpoint, Task requestTask, ILogger logger)
   at Microsoft.AspNetCore.Authorization.AuthorizationMiddleware.Invoke(HttpContext context)
   at Microsoft.AspNetCore.Authentication.AuthenticationMiddleware.Invoke(HttpContext context)
   at PelindoCarLoan.API.Middleware.ExceptionMiddleware.InvokeAsync(HttpContext context) in C:\Users\abima\Desktop\Project\Pelindo\pelindo-car-loan\backend\PelindoCarLoan.API\Middleware\ExceptionMiddleware.cs:line 22
2026-01-07 17:39:12.076 +07:00 [INF] Request finished HTTP/1.1 GET http://localhost:5000/api/approvals/pending/l1 - 500 null application/json 15.6782ms
2026-01-07 17:39:13.417 +07:00 [INF] Request starting HTTP/1.1 GET http://localhost:5000/api/approvals/pending/l1 - null null
2026-01-07 17:39:13.421 +07:00 [INF] CORS policy execution successful.
2026-01-07 17:39:13.422 +07:00 [INF] Executing endpoint 'PelindoCarLoan.API.Controllers.ApprovalsController.GetPendingL1 (PelindoCarLoan.API)'
2026-01-07 17:39:13.423 +07:00 [INF] Route matched with {action = "GetPendingL1", controller = "Approvals"}. Executing controller action with signature System.Threading.Tasks.Task`1[Microsoft.AspNetCore.Mvc.IActionResult] GetPendingL1() on controller PelindoCarLoan.API.Controllers.ApprovalsController (PelindoCarLoan.API).
2026-01-07 17:39:13.429 +07:00 [INF] Executed action PelindoCarLoan.API.Controllers.ApprovalsController.GetPendingL1 (PelindoCarLoan.API) in 4.2385ms
2026-01-07 17:39:13.430 +07:00 [INF] Executed endpoint 'PelindoCarLoan.API.Controllers.ApprovalsController.GetPendingL1 (PelindoCarLoan.API)'
2026-01-07 17:39:13.432 +07:00 [ERR] An unhandled exception occurred
Oracle.ManagedDataAccess.Client.OracleException (0x80004005): ORA-00904: "U"."ID": invalid identifier
https://docs.oracle.com/error-help/db/ora-00904/
   at Oracle.ManagedDataAccess.Client.OracleCommand.<>c.<ExecuteDbDataReaderAsync>b__213_0(Task`1 result)
   at System.Threading.Tasks.ContinuationResultTaskFromResultTask`2.InnerInvoke()
   at System.Threading.ExecutionContext.RunInternal(ExecutionContext executionContext, ContextCallback callback, Object state)
--- End of stack trace from previous location ---
   at System.Threading.ExecutionContext.RunInternal(ExecutionContext executionContext, ContextCallback callback, Object state)
   at System.Threading.Tasks.Task.ExecuteWithThreadLocal(Task& currentTaskSlot, Thread threadPoolThread)
--- End of stack trace from previous location ---
   at Dapper.SqlMapper.MultiMapAsync[TFirst,TSecond,TThird,TFourth,TFifth,TSixth,TSeventh,TReturn](IDbConnection cnn, CommandDefinition command, Delegate map, String splitOn) in /_/Dapper/SqlMapper.Async.cs:line 940
   at PelindoCarLoan.API.Repositories.LoanRequestRepository.GetPendingForApprovalAsync(Int32 approvalLevel) in C:\Users\abima\Desktop\Project\Pelindo\pelindo-car-loan\backend\PelindoCarLoan.API\Repositories\LoanRequestRepository.cs:line 125
   at PelindoCarLoan.API.Services.ApprovalService.GetPendingApprovalsAsync(Int32 level) in C:\Users\abima\Desktop\Project\Pelindo\pelindo-car-loan\backend\PelindoCarLoan.API\Services\ApprovalService.cs:line 40
   at PelindoCarLoan.API.Controllers.ApprovalsController.GetPendingL1() in C:\Users\abima\Desktop\Project\Pelindo\pelindo-car-loan\backend\PelindoCarLoan.API\Controllers\ApprovalsController.cs:line 34
   at Microsoft.AspNetCore.Mvc.Infrastructure.ActionMethodExecutor.TaskOfIActionResultExecutor.Execute(ActionContext actionContext, IActionResultTypeMapper mapper, ObjectMethodExecutor executor, Object controller, Object[] arguments)
   at Microsoft.AspNetCore.Mvc.Infrastructure.ControllerActionInvoker.<InvokeActionMethodAsync>g__Awaited|12_0(ControllerActionInvoker invoker, ValueTask`1 actionResultValueTask)
   at Microsoft.AspNetCore.Mvc.Infrastructure.ControllerActionInvoker.<InvokeNextActionFilterAsync>g__Awaited|10_0(ControllerActionInvoker invoker, Task lastTask, State next, Scope scope, Object state, Boolean isCompleted)
   at Microsoft.AspNetCore.Mvc.Infrastructure.ControllerActionInvoker.Rethrow(ActionExecutedContextSealed context)
   at Microsoft.AspNetCore.Mvc.Infrastructure.ControllerActionInvoker.Next(State& next, Scope& scope, Object& state, Boolean& isCompleted)
   at Microsoft.AspNetCore.Mvc.Infrastructure.ControllerActionInvoker.<InvokeInnerFilterAsync>g__Awaited|13_0(ControllerActionInvoker invoker, Task lastTask, State next, Scope scope, Object state, Boolean isCompleted)
   at Microsoft.AspNetCore.Mvc.Infrastructure.ResourceInvoker.<InvokeFilterPipelineAsync>g__Awaited|20_0(ResourceInvoker invoker, Task lastTask, State next, Scope scope, Object state, Boolean isCompleted)
   at Microsoft.AspNetCore.Mvc.Infrastructure.ResourceInvoker.<InvokeAsync>g__Logged|17_1(ResourceInvoker invoker)
   at Microsoft.AspNetCore.Mvc.Infrastructure.ResourceInvoker.<InvokeAsync>g__Logged|17_1(ResourceInvoker invoker)
   at Microsoft.AspNetCore.Routing.EndpointMiddleware.<Invoke>g__AwaitRequestTask|7_0(Endpoint endpoint, Task requestTask, ILogger logger)
   at Microsoft.AspNetCore.Authorization.AuthorizationMiddleware.Invoke(HttpContext context)
   at Microsoft.AspNetCore.Authentication.AuthenticationMiddleware.Invoke(HttpContext context)
   at PelindoCarLoan.API.Middleware.ExceptionMiddleware.InvokeAsync(HttpContext context) in C:\Users\abima\Desktop\Project\Pelindo\pelindo-car-loan\backend\PelindoCarLoan.API\Middleware\ExceptionMiddleware.cs:line 22
2026-01-07 17:39:13.439 +07:00 [INF] Request finished HTTP/1.1 GET http://localhost:5000/api/approvals/pending/l1 - 500 null application/json 21.217ms
2026-01-07 17:39:14.442 +07:00 [INF] Request starting HTTP/1.1 GET http://localhost:5000/api/approvals/pending/l1 - null null
2026-01-07 17:39:14.445 +07:00 [INF] CORS policy execution successful.
2026-01-07 17:39:14.446 +07:00 [INF] Executing endpoint 'PelindoCarLoan.API.Controllers.ApprovalsController.GetPendingL1 (PelindoCarLoan.API)'
2026-01-07 17:39:14.447 +07:00 [INF] Route matched with {action = "GetPendingL1", controller = "Approvals"}. Executing controller action with signature System.Threading.Tasks.Task`1[Microsoft.AspNetCore.Mvc.IActionResult] GetPendingL1() on controller PelindoCarLoan.API.Controllers.ApprovalsController (PelindoCarLoan.API).
2026-01-07 17:39:14.450 +07:00 [INF] Executed action PelindoCarLoan.API.Controllers.ApprovalsController.GetPendingL1 (PelindoCarLoan.API) in 1.483ms
2026-01-07 17:39:14.451 +07:00 [INF] Executed endpoint 'PelindoCarLoan.API.Controllers.ApprovalsController.GetPendingL1 (PelindoCarLoan.API)'
2026-01-07 17:39:14.452 +07:00 [ERR] An unhandled exception occurred
Oracle.ManagedDataAccess.Client.OracleException (0x80004005): ORA-00904: "U"."ID": invalid identifier
https://docs.oracle.com/error-help/db/ora-00904/
   at Oracle.ManagedDataAccess.Client.OracleCommand.<>c.<ExecuteDbDataReaderAsync>b__213_0(Task`1 result)
   at System.Threading.Tasks.ContinuationResultTaskFromResultTask`2.InnerInvoke()
   at System.Threading.ExecutionContext.RunInternal(ExecutionContext executionContext, ContextCallback callback, Object state)
--- End of stack trace from previous location ---
   at System.Threading.ExecutionContext.RunInternal(ExecutionContext executionContext, ContextCallback callback, Object state)
   at System.Threading.Tasks.Task.ExecuteWithThreadLocal(Task& currentTaskSlot, Thread threadPoolThread)
--- End of stack trace from previous location ---
   at Dapper.SqlMapper.MultiMapAsync[TFirst,TSecond,TThird,TFourth,TFifth,TSixth,TSeventh,TReturn](IDbConnection cnn, CommandDefinition command, Delegate map, String splitOn) in /_/Dapper/SqlMapper.Async.cs:line 940
   at PelindoCarLoan.API.Repositories.LoanRequestRepository.GetPendingForApprovalAsync(Int32 approvalLevel) in C:\Users\abima\Desktop\Project\Pelindo\pelindo-car-loan\backend\PelindoCarLoan.API\Repositories\LoanRequestRepository.cs:line 125
   at PelindoCarLoan.API.Services.ApprovalService.GetPendingApprovalsAsync(Int32 level) in C:\Users\abima\Desktop\Project\Pelindo\pelindo-car-loan\backend\PelindoCarLoan.API\Services\ApprovalService.cs:line 40
   at PelindoCarLoan.API.Controllers.ApprovalsController.GetPendingL1() in C:\Users\abima\Desktop\Project\Pelindo\pelindo-car-loan\backend\PelindoCarLoan.API\Controllers\ApprovalsController.cs:line 34
   at Microsoft.AspNetCore.Mvc.Infrastructure.ActionMethodExecutor.TaskOfIActionResultExecutor.Execute(ActionContext actionContext, IActionResultTypeMapper mapper, ObjectMethodExecutor executor, Object controller, Object[] arguments)
   at Microsoft.AspNetCore.Mvc.Infrastructure.ControllerActionInvoker.<InvokeActionMethodAsync>g__Awaited|12_0(ControllerActionInvoker invoker, ValueTask`1 actionResultValueTask)
   at Microsoft.AspNetCore.Mvc.Infrastructure.ControllerActionInvoker.<InvokeNextActionFilterAsync>g__Awaited|10_0(ControllerActionInvoker invoker, Task lastTask, State next, Scope scope, Object state, Boolean isCompleted)
   at Microsoft.AspNetCore.Mvc.Infrastructure.ControllerActionInvoker.Rethrow(ActionExecutedContextSealed context)
   at Microsoft.AspNetCore.Mvc.Infrastructure.ControllerActionInvoker.Next(State& next, Scope& scope, Object& state, Boolean& isCompleted)
   at Microsoft.AspNetCore.Mvc.Infrastructure.ControllerActionInvoker.<InvokeInnerFilterAsync>g__Awaited|13_0(ControllerActionInvoker invoker, Task lastTask, State next, Scope scope, Object state, Boolean isCompleted)
   at Microsoft.AspNetCore.Mvc.Infrastructure.ResourceInvoker.<InvokeFilterPipelineAsync>g__Awaited|20_0(ResourceInvoker invoker, Task lastTask, State next, Scope scope, Object state, Boolean isCompleted)
   at Microsoft.AspNetCore.Mvc.Infrastructure.ResourceInvoker.<InvokeAsync>g__Logged|17_1(ResourceInvoker invoker)
   at Microsoft.AspNetCore.Mvc.Infrastructure.ResourceInvoker.<InvokeAsync>g__Logged|17_1(ResourceInvoker invoker)
   at Microsoft.AspNetCore.Routing.EndpointMiddleware.<Invoke>g__AwaitRequestTask|7_0(Endpoint endpoint, Task requestTask, ILogger logger)
   at Microsoft.AspNetCore.Authorization.AuthorizationMiddleware.Invoke(HttpContext context)
   at Microsoft.AspNetCore.Authentication.AuthenticationMiddleware.Invoke(HttpContext context)
   at PelindoCarLoan.API.Middleware.ExceptionMiddleware.InvokeAsync(HttpContext context) in C:\Users\abima\Desktop\Project\Pelindo\pelindo-car-loan\backend\PelindoCarLoan.API\Middleware\ExceptionMiddleware.cs:line 22
2026-01-07 17:39:14.458 +07:00 [INF] Request finished HTTP/1.1 GET http://localhost:5000/api/approvals/pending/l1 - 500 null application/json 15.7591ms
2026-01-07 17:39:23.153 +07:00 [INF] Request starting HTTP/1.1 OPTIONS http://localhost:5000/api/auth/login - null null
2026-01-07 17:39:23.156 +07:00 [INF] CORS policy execution successful.
2026-01-07 17:39:23.157 +07:00 [INF] Request finished HTTP/1.1 OPTIONS http://localhost:5000/api/auth/login - 204 null null 3.8736ms
2026-01-07 17:39:23.159 +07:00 [INF] Request starting HTTP/1.1 POST http://localhost:5000/api/auth/login - application/json 57
2026-01-07 17:39:23.161 +07:00 [INF] CORS policy execution successful.
2026-01-07 17:39:23.162 +07:00 [INF] Executing endpoint 'PelindoCarLoan.API.Controllers.AuthController.Login (PelindoCarLoan.API)'
2026-01-07 17:39:23.163 +07:00 [INF] Route matched with {action = "Login", controller = "Auth"}. Executing controller action with signature System.Threading.Tasks.Task`1[Microsoft.AspNetCore.Mvc.IActionResult] Login(PelindoCarLoan.API.DTOs.LoginRequestDto) on controller PelindoCarLoan.API.Controllers.AuthController (PelindoCarLoan.API).
2026-01-07 17:39:23.165 +07:00 [INF] Login attempt for email: admin@pelindo.co.id
2026-01-07 17:39:23.166 +07:00 [INF] User found: Administrator, PasswordHash length: 60
2026-01-07 17:39:23.312 +07:00 [INF] User logged in successfully: admin@pelindo.co.id
2026-01-07 17:39:23.313 +07:00 [INF] Executing OkObjectResult, writing value of type 'PelindoCarLoan.API.DTOs.ApiResponse`1[[PelindoCarLoan.API.DTOs.LoginResponseDto, PelindoCarLoan.API, Version=1.0.0.0, Culture=neutral, PublicKeyToken=null]]'.
2026-01-07 17:39:23.314 +07:00 [INF] Executed action PelindoCarLoan.API.Controllers.AuthController.Login (PelindoCarLoan.API) in 150.1201ms
2026-01-07 17:39:23.316 +07:00 [INF] Executed endpoint 'PelindoCarLoan.API.Controllers.AuthController.Login (PelindoCarLoan.API)'
2026-01-07 17:39:23.317 +07:00 [INF] Request finished HTTP/1.1 POST http://localhost:5000/api/auth/login - 200 null application/json; charset=utf-8 157.2833ms
2026-01-07 17:39:23.322 +07:00 [INF] Request starting HTTP/1.1 OPTIONS http://localhost:5000/api/dashboard - null null
2026-01-07 17:39:23.324 +07:00 [INF] CORS policy execution successful.
2026-01-07 17:39:23.325 +07:00 [INF] Request finished HTTP/1.1 OPTIONS http://localhost:5000/api/dashboard - 204 null null 3.2635ms
2026-01-07 17:39:23.328 +07:00 [INF] Request starting HTTP/1.1 GET http://localhost:5000/api/dashboard - null null
2026-01-07 17:39:23.331 +07:00 [INF] CORS policy execution successful.
2026-01-07 17:39:23.332 +07:00 [INF] Executing endpoint 'PelindoCarLoan.API.Controllers.DashboardController.GetDashboard (PelindoCarLoan.API)'
2026-01-07 17:39:23.333 +07:00 [INF] Route matched with {action = "GetDashboard", controller = "Dashboard"}. Executing controller action with signature System.Threading.Tasks.Task`1[Microsoft.AspNetCore.Mvc.IActionResult] GetDashboard() on controller PelindoCarLoan.API.Controllers.DashboardController (PelindoCarLoan.API).
2026-01-07 17:39:23.340 +07:00 [INF] Executed action PelindoCarLoan.API.Controllers.DashboardController.GetDashboard (PelindoCarLoan.API) in 5.0994ms
2026-01-07 17:39:23.341 +07:00 [INF] Executed endpoint 'PelindoCarLoan.API.Controllers.DashboardController.GetDashboard (PelindoCarLoan.API)'
2026-01-07 17:39:23.342 +07:00 [ERR] An unhandled exception occurred
Oracle.ManagedDataAccess.Client.OracleException (0x80004005): ORA-00904: "U"."ID": invalid identifier
https://docs.oracle.com/error-help/db/ora-00904/
   at System.Threading.Tasks.ContinuationResultTaskFromResultTask`2.InnerInvoke()
   at System.Threading.ExecutionContext.RunInternal(ExecutionContext executionContext, ContextCallback callback, Object state)
--- End of stack trace from previous location ---
   at System.Threading.ExecutionContext.RunInternal(ExecutionContext executionContext, ContextCallback callback, Object state)
   at System.Threading.Tasks.Task.ExecuteWithThreadLocal(Task& currentTaskSlot, Thread threadPoolThread)
--- End of stack trace from previous location ---
   at Dapper.SqlMapper.MultiMapAsync[TFirst,TSecond,TThird,TFourth,TFifth,TSixth,TSeventh,TReturn](IDbConnection cnn, CommandDefinition command, Delegate map, String splitOn) in /_/Dapper/SqlMapper.Async.cs:line 940
   at PelindoCarLoan.API.Repositories.LoanRequestRepository.GetAllAsync(Nullable`1 userId, String status) in C:\Users\abima\Desktop\Project\Pelindo\pelindo-car-loan\backend\PelindoCarLoan.API\Repositories\LoanRequestRepository.cs:line 95
   at PelindoCarLoan.API.Services.DashboardService.GetDashboardAsync(Int32 userId, String role) in C:\Users\abima\Desktop\Project\Pelindo\pelindo-car-loan\backend\PelindoCarLoan.API\Services\DashboardService.cs:line 78
   at PelindoCarLoan.API.Controllers.DashboardController.GetDashboard() in C:\Users\abima\Desktop\Project\Pelindo\pelindo-car-loan\backend\PelindoCarLoan.API\Controllers\DashboardController.cs:line 33
   at Microsoft.AspNetCore.Mvc.Infrastructure.ActionMethodExecutor.TaskOfIActionResultExecutor.Execute(ActionContext actionContext, IActionResultTypeMapper mapper, ObjectMethodExecutor executor, Object controller, Object[] arguments)
   at Microsoft.AspNetCore.Mvc.Infrastructure.ControllerActionInvoker.<InvokeActionMethodAsync>g__Awaited|12_0(ControllerActionInvoker invoker, ValueTask`1 actionResultValueTask)
   at Microsoft.AspNetCore.Mvc.Infrastructure.ControllerActionInvoker.<InvokeNextActionFilterAsync>g__Awaited|10_0(ControllerActionInvoker invoker, Task lastTask, State next, Scope scope, Object state, Boolean isCompleted)
   at Microsoft.AspNetCore.Mvc.Infrastructure.ControllerActionInvoker.Rethrow(ActionExecutedContextSealed context)
   at Microsoft.AspNetCore.Mvc.Infrastructure.ControllerActionInvoker.Next(State& next, Scope& scope, Object& state, Boolean& isCompleted)
   at Microsoft.AspNetCore.Mvc.Infrastructure.ControllerActionInvoker.<InvokeInnerFilterAsync>g__Awaited|13_0(ControllerActionInvoker invoker, Task lastTask, State next, Scope scope, Object state, Boolean isCompleted)
   at Microsoft.AspNetCore.Mvc.Infrastructure.ResourceInvoker.<InvokeFilterPipelineAsync>g__Awaited|20_0(ResourceInvoker invoker, Task lastTask, State next, Scope scope, Object state, Boolean isCompleted)
   at Microsoft.AspNetCore.Mvc.Infrastructure.ResourceInvoker.<InvokeAsync>g__Logged|17_1(ResourceInvoker invoker)
   at Microsoft.AspNetCore.Mvc.Infrastructure.ResourceInvoker.<InvokeAsync>g__Logged|17_1(ResourceInvoker invoker)
   at Microsoft.AspNetCore.Routing.EndpointMiddleware.<Invoke>g__AwaitRequestTask|7_0(Endpoint endpoint, Task requestTask, ILogger logger)
   at Microsoft.AspNetCore.Authorization.AuthorizationMiddleware.Invoke(HttpContext context)
   at Microsoft.AspNetCore.Authentication.AuthenticationMiddleware.Invoke(HttpContext context)
   at PelindoCarLoan.API.Middleware.ExceptionMiddleware.InvokeAsync(HttpContext context) in C:\Users\abima\Desktop\Project\Pelindo\pelindo-car-loan\backend\PelindoCarLoan.API\Middleware\ExceptionMiddleware.cs:line 22
2026-01-07 17:39:23.350 +07:00 [INF] Request finished HTTP/1.1 GET http://localhost:5000/api/dashboard - 500 null application/json 22.0051ms
2026-01-07 17:39:24.356 +07:00 [INF] Request starting HTTP/1.1 GET http://localhost:5000/api/dashboard - null null
2026-01-07 17:39:24.360 +07:00 [INF] CORS policy execution successful.
2026-01-07 17:39:24.361 +07:00 [INF] Executing endpoint 'PelindoCarLoan.API.Controllers.DashboardController.GetDashboard (PelindoCarLoan.API)'
2026-01-07 17:39:24.362 +07:00 [INF] Route matched with {action = "GetDashboard", controller = "Dashboard"}. Executing controller action with signature System.Threading.Tasks.Task`1[Microsoft.AspNetCore.Mvc.IActionResult] GetDashboard() on controller PelindoCarLoan.API.Controllers.DashboardController (PelindoCarLoan.API).
2026-01-07 17:39:24.367 +07:00 [INF] Executed action PelindoCarLoan.API.Controllers.DashboardController.GetDashboard (PelindoCarLoan.API) in 3.1968ms
2026-01-07 17:39:24.369 +07:00 [INF] Executed endpoint 'PelindoCarLoan.API.Controllers.DashboardController.GetDashboard (PelindoCarLoan.API)'
2026-01-07 17:39:24.369 +07:00 [ERR] An unhandled exception occurred
Oracle.ManagedDataAccess.Client.OracleException (0x80004005): ORA-00904: "U"."ID": invalid identifier
https://docs.oracle.com/error-help/db/ora-00904/
   at System.Threading.Tasks.ContinuationResultTaskFromResultTask`2.InnerInvoke()
   at System.Threading.ExecutionContext.RunInternal(ExecutionContext executionContext, ContextCallback callback, Object state)
--- End of stack trace from previous location ---
   at System.Threading.ExecutionContext.RunInternal(ExecutionContext executionContext, ContextCallback callback, Object state)
   at System.Threading.Tasks.Task.ExecuteWithThreadLocal(Task& currentTaskSlot, Thread threadPoolThread)
--- End of stack trace from previous location ---
   at Dapper.SqlMapper.MultiMapAsync[TFirst,TSecond,TThird,TFourth,TFifth,TSixth,TSeventh,TReturn](IDbConnection cnn, CommandDefinition command, Delegate map, String splitOn) in /_/Dapper/SqlMapper.Async.cs:line 940
   at PelindoCarLoan.API.Repositories.LoanRequestRepository.GetAllAsync(Nullable`1 userId, String status) in C:\Users\abima\Desktop\Project\Pelindo\pelindo-car-loan\backend\PelindoCarLoan.API\Repositories\LoanRequestRepository.cs:line 95
   at PelindoCarLoan.API.Services.DashboardService.GetDashboardAsync(Int32 userId, String role) in C:\Users\abima\Desktop\Project\Pelindo\pelindo-car-loan\backend\PelindoCarLoan.API\Services\DashboardService.cs:line 78
   at PelindoCarLoan.API.Controllers.DashboardController.GetDashboard() in C:\Users\abima\Desktop\Project\Pelindo\pelindo-car-loan\backend\PelindoCarLoan.API\Controllers\DashboardController.cs:line 33
   at Microsoft.AspNetCore.Mvc.Infrastructure.ActionMethodExecutor.TaskOfIActionResultExecutor.Execute(ActionContext actionContext, IActionResultTypeMapper mapper, ObjectMethodExecutor executor, Object controller, Object[] arguments)
   at Microsoft.AspNetCore.Mvc.Infrastructure.ControllerActionInvoker.<InvokeActionMethodAsync>g__Awaited|12_0(ControllerActionInvoker invoker, ValueTask`1 actionResultValueTask)
   at Microsoft.AspNetCore.Mvc.Infrastructure.ControllerActionInvoker.<InvokeNextActionFilterAsync>g__Awaited|10_0(ControllerActionInvoker invoker, Task lastTask, State next, Scope scope, Object state, Boolean isCompleted)
   at Microsoft.AspNetCore.Mvc.Infrastructure.ControllerActionInvoker.Rethrow(ActionExecutedContextSealed context)
   at Microsoft.AspNetCore.Mvc.Infrastructure.ControllerActionInvoker.Next(State& next, Scope& scope, Object& state, Boolean& isCompleted)
   at Microsoft.AspNetCore.Mvc.Infrastructure.ControllerActionInvoker.<InvokeInnerFilterAsync>g__Awaited|13_0(ControllerActionInvoker invoker, Task lastTask, State next, Scope scope, Object state, Boolean isCompleted)
   at Microsoft.AspNetCore.Mvc.Infrastructure.ResourceInvoker.<InvokeFilterPipelineAsync>g__Awaited|20_0(ResourceInvoker invoker, Task lastTask, State next, Scope scope, Object state, Boolean isCompleted)
   at Microsoft.AspNetCore.Mvc.Infrastructure.ResourceInvoker.<InvokeAsync>g__Logged|17_1(ResourceInvoker invoker)
   at Microsoft.AspNetCore.Mvc.Infrastructure.ResourceInvoker.<InvokeAsync>g__Logged|17_1(ResourceInvoker invoker)
   at Microsoft.AspNetCore.Routing.EndpointMiddleware.<Invoke>g__AwaitRequestTask|7_0(Endpoint endpoint, Task requestTask, ILogger logger)
   at Microsoft.AspNetCore.Authorization.AuthorizationMiddleware.Invoke(HttpContext context)
   at Microsoft.AspNetCore.Authentication.AuthenticationMiddleware.Invoke(HttpContext context)
   at PelindoCarLoan.API.Middleware.ExceptionMiddleware.InvokeAsync(HttpContext context) in C:\Users\abima\Desktop\Project\Pelindo\pelindo-car-loan\backend\PelindoCarLoan.API\Middleware\ExceptionMiddleware.cs:line 22
2026-01-07 17:39:24.375 +07:00 [INF] Request finished HTTP/1.1 GET http://localhost:5000/api/dashboard - 500 null application/json 19.3206ms
2026-01-07 17:41:22.172 +07:00 [INF] Request starting HTTP/1.1 OPTIONS http://localhost:5000/api/schedules - null null
2026-01-07 17:41:22.173 +07:00 [INF] Request starting HTTP/1.1 OPTIONS http://localhost:5000/api/schedules/waiting-resources - null null
2026-01-07 17:41:22.176 +07:00 [INF] CORS policy execution successful.
2026-01-07 17:41:22.179 +07:00 [INF] CORS policy execution successful.
2026-01-07 17:41:22.180 +07:00 [INF] Request finished HTTP/1.1 OPTIONS http://localhost:5000/api/schedules - 204 null null 7.3564ms
2026-01-07 17:41:22.180 +07:00 [INF] Request finished HTTP/1.1 OPTIONS http://localhost:5000/api/schedules/waiting-resources - 204 null null 7.066ms
2026-01-07 17:41:22.184 +07:00 [INF] Request starting HTTP/1.1 GET http://localhost:5000/api/schedules/waiting-resources - null null
2026-01-07 17:41:22.186 +07:00 [INF] Request starting HTTP/1.1 GET http://localhost:5000/api/schedules - null null
2026-01-07 17:41:22.188 +07:00 [INF] CORS policy execution successful.
2026-01-07 17:41:22.191 +07:00 [INF] CORS policy execution successful.
2026-01-07 17:41:22.191 +07:00 [INF] Executing endpoint 'PelindoCarLoan.API.Controllers.SchedulesController.GetWaitingResources (PelindoCarLoan.API)'
2026-01-07 17:41:22.192 +07:00 [INF] Executing endpoint 'PelindoCarLoan.API.Controllers.SchedulesController.GetAll (PelindoCarLoan.API)'
2026-01-07 17:41:22.193 +07:00 [INF] Route matched with {action = "GetWaitingResources", controller = "Schedules"}. Executing controller action with signature System.Threading.Tasks.Task`1[Microsoft.AspNetCore.Mvc.IActionResult] GetWaitingResources() on controller PelindoCarLoan.API.Controllers.SchedulesController (PelindoCarLoan.API).
2026-01-07 17:41:22.193 +07:00 [INF] Route matched with {action = "GetAll", controller = "Schedules"}. Executing controller action with signature System.Threading.Tasks.Task`1[Microsoft.AspNetCore.Mvc.IActionResult] GetAll(System.String) on controller PelindoCarLoan.API.Controllers.SchedulesController (PelindoCarLoan.API).
2026-01-07 17:41:22.197 +07:00 [INF] Executed action PelindoCarLoan.API.Controllers.SchedulesController.GetWaitingResources (PelindoCarLoan.API) in 2.4475ms
2026-01-07 17:41:22.198 +07:00 [INF] Executed endpoint 'PelindoCarLoan.API.Controllers.SchedulesController.GetWaitingResources (PelindoCarLoan.API)'
2026-01-07 17:41:22.199 +07:00 [INF] Executed action PelindoCarLoan.API.Controllers.SchedulesController.GetAll (PelindoCarLoan.API) in 2.4268ms
2026-01-07 17:41:22.199 +07:00 [ERR] An unhandled exception occurred
Oracle.ManagedDataAccess.Client.OracleException (0x80004005): ORA-00904: "U"."ID": invalid identifier
https://docs.oracle.com/error-help/db/ora-00904/
   at System.Threading.Tasks.ContinuationResultTaskFromResultTask`2.InnerInvoke()
   at System.Threading.ExecutionContext.RunInternal(ExecutionContext executionContext, ContextCallback callback, Object state)
--- End of stack trace from previous location ---
   at System.Threading.ExecutionContext.RunInternal(ExecutionContext executionContext, ContextCallback callback, Object state)
   at System.Threading.Tasks.Task.ExecuteWithThreadLocal(Task& currentTaskSlot, Thread threadPoolThread)
--- End of stack trace from previous location ---
   at Dapper.SqlMapper.MultiMapAsync[TFirst,TSecond,TThird,TFourth,TFifth,TSixth,TSeventh,TReturn](IDbConnection cnn, CommandDefinition command, Delegate map, String splitOn) in /_/Dapper/SqlMapper.Async.cs:line 940
   at PelindoCarLoan.API.Repositories.LoanRequestRepository.GetAllAsync(Nullable`1 userId, String status) in C:\Users\abima\Desktop\Project\Pelindo\pelindo-car-loan\backend\PelindoCarLoan.API\Repositories\LoanRequestRepository.cs:line 95
   at PelindoCarLoan.API.Repositories.LoanRequestRepository.GetByStatusAsync(String status) in C:\Users\abima\Desktop\Project\Pelindo\pelindo-car-loan\backend\PelindoCarLoan.API\Repositories\LoanRequestRepository.cs:line 141
   at PelindoCarLoan.API.Services.SchedulingService.GetWaitingResourceRequestsAsync() in C:\Users\abima\Desktop\Project\Pelindo\pelindo-car-loan\backend\PelindoCarLoan.API\Services\SchedulingService.cs:line 256
   at PelindoCarLoan.API.Controllers.SchedulesController.GetWaitingResources() in C:\Users\abima\Desktop\Project\Pelindo\pelindo-car-loan\backend\PelindoCarLoan.API\Controllers\SchedulesController.cs:line 152
   at Microsoft.AspNetCore.Mvc.Infrastructure.ActionMethodExecutor.TaskOfIActionResultExecutor.Execute(ActionContext actionContext, IActionResultTypeMapper mapper, ObjectMethodExecutor executor, Object controller, Object[] arguments)
   at Microsoft.AspNetCore.Mvc.Infrastructure.ControllerActionInvoker.<InvokeActionMethodAsync>g__Awaited|12_0(ControllerActionInvoker invoker, ValueTask`1 actionResultValueTask)
   at Microsoft.AspNetCore.Mvc.Infrastructure.ControllerActionInvoker.<InvokeNextActionFilterAsync>g__Awaited|10_0(ControllerActionInvoker invoker, Task lastTask, State next, Scope scope, Object state, Boolean isCompleted)
   at Microsoft.AspNetCore.Mvc.Infrastructure.ControllerActionInvoker.Rethrow(ActionExecutedContextSealed context)
   at Microsoft.AspNetCore.Mvc.Infrastructure.ControllerActionInvoker.Next(State& next, Scope& scope, Object& state, Boolean& isCompleted)
   at Microsoft.AspNetCore.Mvc.Infrastructure.ControllerActionInvoker.<InvokeInnerFilterAsync>g__Awaited|13_0(ControllerActionInvoker invoker, Task lastTask, State next, Scope scope, Object state, Boolean isCompleted)
   at Microsoft.AspNetCore.Mvc.Infrastructure.ResourceInvoker.<InvokeFilterPipelineAsync>g__Awaited|20_0(ResourceInvoker invoker, Task lastTask, State next, Scope scope, Object state, Boolean isCompleted)
   at Microsoft.AspNetCore.Mvc.Infrastructure.ResourceInvoker.<InvokeAsync>g__Logged|17_1(ResourceInvoker invoker)
   at Microsoft.AspNetCore.Mvc.Infrastructure.ResourceInvoker.<InvokeAsync>g__Logged|17_1(ResourceInvoker invoker)
   at Microsoft.AspNetCore.Routing.EndpointMiddleware.<Invoke>g__AwaitRequestTask|7_0(Endpoint endpoint, Task requestTask, ILogger logger)
   at Microsoft.AspNetCore.Authorization.AuthorizationMiddleware.Invoke(HttpContext context)
   at Microsoft.AspNetCore.Authentication.AuthenticationMiddleware.Invoke(HttpContext context)
   at PelindoCarLoan.API.Middleware.ExceptionMiddleware.InvokeAsync(HttpContext context) in C:\Users\abima\Desktop\Project\Pelindo\pelindo-car-loan\backend\PelindoCarLoan.API\Middleware\ExceptionMiddleware.cs:line 22
2026-01-07 17:41:22.200 +07:00 [INF] Executed endpoint 'PelindoCarLoan.API.Controllers.SchedulesController.GetAll (PelindoCarLoan.API)'
2026-01-07 17:41:22.206 +07:00 [INF] Request finished HTTP/1.1 GET http://localhost:5000/api/schedules/waiting-resources - 500 null application/json 22.1548ms
2026-01-07 17:41:22.206 +07:00 [ERR] An unhandled exception occurred
Oracle.ManagedDataAccess.Client.OracleException (0x80004005): ORA-00904: "LR"."ID": invalid identifier
https://docs.oracle.com/error-help/db/ora-00904/
   at System.Threading.Tasks.ContinuationResultTaskFromResultTask`2.InnerInvoke()
   at System.Threading.ExecutionContext.RunInternal(ExecutionContext executionContext, ContextCallback callback, Object state)
--- End of stack trace from previous location ---
   at System.Threading.ExecutionContext.RunInternal(ExecutionContext executionContext, ContextCallback callback, Object state)
   at System.Threading.Tasks.Task.ExecuteWithThreadLocal(Task& currentTaskSlot, Thread threadPoolThread)
--- End of stack trace from previous location ---
   at Dapper.SqlMapper.MultiMapAsync[TFirst,TSecond,TThird,TFourth,TFifth,TSixth,TSeventh,TReturn](IDbConnection cnn, CommandDefinition command, Delegate map, String splitOn) in /_/Dapper/SqlMapper.Async.cs:line 940
   at PelindoCarLoan.API.Repositories.ScheduleRepository.GetAllAsync(String status) in C:\Users\abima\Desktop\Project\Pelindo\pelindo-car-loan\backend\PelindoCarLoan.API\Repositories\ScheduleRepository.cs:line 89
   at PelindoCarLoan.API.Services.SchedulingService.GetAllAsync(String status) in C:\Users\abima\Desktop\Project\Pelindo\pelindo-car-loan\backend\PelindoCarLoan.API\Services\SchedulingService.cs:line 203
   at PelindoCarLoan.API.Controllers.SchedulesController.GetAll(String status) in C:\Users\abima\Desktop\Project\Pelindo\pelindo-car-loan\backend\PelindoCarLoan.API\Controllers\SchedulesController.cs:line 35
   at Microsoft.AspNetCore.Mvc.Infrastructure.ActionMethodExecutor.TaskOfIActionResultExecutor.Execute(ActionContext actionContext, IActionResultTypeMapper mapper, ObjectMethodExecutor executor, Object controller, Object[] arguments)
   at Microsoft.AspNetCore.Mvc.Infrastructure.ControllerActionInvoker.<InvokeActionMethodAsync>g__Awaited|12_0(ControllerActionInvoker invoker, ValueTask`1 actionResultValueTask)
   at Microsoft.AspNetCore.Mvc.Infrastructure.ControllerActionInvoker.<InvokeNextActionFilterAsync>g__Awaited|10_0(ControllerActionInvoker invoker, Task lastTask, State next, Scope scope, Object state, Boolean isCompleted)
   at Microsoft.AspNetCore.Mvc.Infrastructure.ControllerActionInvoker.Rethrow(ActionExecutedContextSealed context)
   at Microsoft.AspNetCore.Mvc.Infrastructure.ControllerActionInvoker.Next(State& next, Scope& scope, Object& state, Boolean& isCompleted)
   at Microsoft.AspNetCore.Mvc.Infrastructure.ControllerActionInvoker.<InvokeInnerFilterAsync>g__Awaited|13_0(ControllerActionInvoker invoker, Task lastTask, State next, Scope scope, Object state, Boolean isCompleted)
   at Microsoft.AspNetCore.Mvc.Infrastructure.ResourceInvoker.<InvokeFilterPipelineAsync>g__Awaited|20_0(ResourceInvoker invoker, Task lastTask, State next, Scope scope, Object state, Boolean isCompleted)
   at Microsoft.AspNetCore.Mvc.Infrastructure.ResourceInvoker.<InvokeAsync>g__Logged|17_1(ResourceInvoker invoker)
   at Microsoft.AspNetCore.Mvc.Infrastructure.ResourceInvoker.<InvokeAsync>g__Logged|17_1(ResourceInvoker invoker)
   at Microsoft.AspNetCore.Routing.EndpointMiddleware.<Invoke>g__AwaitRequestTask|7_0(Endpoint endpoint, Task requestTask, ILogger logger)
   at Microsoft.AspNetCore.Authorization.AuthorizationMiddleware.Invoke(HttpContext context)
   at Microsoft.AspNetCore.Authentication.AuthenticationMiddleware.Invoke(HttpContext context)
   at PelindoCarLoan.API.Middleware.ExceptionMiddleware.InvokeAsync(HttpContext context) in C:\Users\abima\Desktop\Project\Pelindo\pelindo-car-loan\backend\PelindoCarLoan.API\Middleware\ExceptionMiddleware.cs:line 22
2026-01-07 17:41:22.214 +07:00 [INF] Request finished HTTP/1.1 GET http://localhost:5000/api/schedules - 500 null application/json 28.0006ms
2026-01-07 17:41:23.212 +07:00 [INF] Request starting HTTP/1.1 GET http://localhost:5000/api/schedules/waiting-resources - null null
2026-01-07 17:41:23.214 +07:00 [INF] CORS policy execution successful.
2026-01-07 17:41:23.215 +07:00 [INF] Executing endpoint 'PelindoCarLoan.API.Controllers.SchedulesController.GetWaitingResources (PelindoCarLoan.API)'
2026-01-07 17:41:23.216 +07:00 [INF] Route matched with {action = "GetWaitingResources", controller = "Schedules"}. Executing controller action with signature System.Threading.Tasks.Task`1[Microsoft.AspNetCore.Mvc.IActionResult] GetWaitingResources() on controller PelindoCarLoan.API.Controllers.SchedulesController (PelindoCarLoan.API).
2026-01-07 17:41:23.219 +07:00 [INF] Request starting HTTP/1.1 GET http://localhost:5000/api/schedules - null null
2026-01-07 17:41:23.220 +07:00 [INF] Executed action PelindoCarLoan.API.Controllers.SchedulesController.GetWaitingResources (PelindoCarLoan.API) in 1.8452ms
2026-01-07 17:41:23.220 +07:00 [INF] CORS policy execution successful.
2026-01-07 17:41:23.221 +07:00 [INF] Executed endpoint 'PelindoCarLoan.API.Controllers.SchedulesController.GetWaitingResources (PelindoCarLoan.API)'
2026-01-07 17:41:23.222 +07:00 [INF] Executing endpoint 'PelindoCarLoan.API.Controllers.SchedulesController.GetAll (PelindoCarLoan.API)'
2026-01-07 17:41:23.223 +07:00 [ERR] An unhandled exception occurred
Oracle.ManagedDataAccess.Client.OracleException (0x80004005): ORA-00904: "U"."ID": invalid identifier
https://docs.oracle.com/error-help/db/ora-00904/
   at System.Threading.Tasks.ContinuationResultTaskFromResultTask`2.InnerInvoke()
   at System.Threading.ExecutionContext.RunInternal(ExecutionContext executionContext, ContextCallback callback, Object state)
--- End of stack trace from previous location ---
   at System.Threading.ExecutionContext.RunInternal(ExecutionContext executionContext, ContextCallback callback, Object state)
   at System.Threading.Tasks.Task.ExecuteWithThreadLocal(Task& currentTaskSlot, Thread threadPoolThread)
--- End of stack trace from previous location ---
   at Dapper.SqlMapper.MultiMapAsync[TFirst,TSecond,TThird,TFourth,TFifth,TSixth,TSeventh,TReturn](IDbConnection cnn, CommandDefinition command, Delegate map, String splitOn) in /_/Dapper/SqlMapper.Async.cs:line 940
   at PelindoCarLoan.API.Repositories.LoanRequestRepository.GetAllAsync(Nullable`1 userId, String status) in C:\Users\abima\Desktop\Project\Pelindo\pelindo-car-loan\backend\PelindoCarLoan.API\Repositories\LoanRequestRepository.cs:line 95
   at PelindoCarLoan.API.Repositories.LoanRequestRepository.GetByStatusAsync(String status) in C:\Users\abima\Desktop\Project\Pelindo\pelindo-car-loan\backend\PelindoCarLoan.API\Repositories\LoanRequestRepository.cs:line 141
   at PelindoCarLoan.API.Services.SchedulingService.GetWaitingResourceRequestsAsync() in C:\Users\abima\Desktop\Project\Pelindo\pelindo-car-loan\backend\PelindoCarLoan.API\Services\SchedulingService.cs:line 256
   at PelindoCarLoan.API.Controllers.SchedulesController.GetWaitingResources() in C:\Users\abima\Desktop\Project\Pelindo\pelindo-car-loan\backend\PelindoCarLoan.API\Controllers\SchedulesController.cs:line 152
   at Microsoft.AspNetCore.Mvc.Infrastructure.ActionMethodExecutor.TaskOfIActionResultExecutor.Execute(ActionContext actionContext, IActionResultTypeMapper mapper, ObjectMethodExecutor executor, Object controller, Object[] arguments)
   at Microsoft.AspNetCore.Mvc.Infrastructure.ControllerActionInvoker.<InvokeActionMethodAsync>g__Awaited|12_0(ControllerActionInvoker invoker, ValueTask`1 actionResultValueTask)
   at Microsoft.AspNetCore.Mvc.Infrastructure.ControllerActionInvoker.<InvokeNextActionFilterAsync>g__Awaited|10_0(ControllerActionInvoker invoker, Task lastTask, State next, Scope scope, Object state, Boolean isCompleted)
   at Microsoft.AspNetCore.Mvc.Infrastructure.ControllerActionInvoker.Rethrow(ActionExecutedContextSealed context)
   at Microsoft.AspNetCore.Mvc.Infrastructure.ControllerActionInvoker.Next(State& next, Scope& scope, Object& state, Boolean& isCompleted)
   at Microsoft.AspNetCore.Mvc.Infrastructure.ControllerActionInvoker.<InvokeInnerFilterAsync>g__Awaited|13_0(ControllerActionInvoker invoker, Task lastTask, State next, Scope scope, Object state, Boolean isCompleted)
   at Microsoft.AspNetCore.Mvc.Infrastructure.ResourceInvoker.<InvokeFilterPipelineAsync>g__Awaited|20_0(ResourceInvoker invoker, Task lastTask, State next, Scope scope, Object state, Boolean isCompleted)
   at Microsoft.AspNetCore.Mvc.Infrastructure.ResourceInvoker.<InvokeAsync>g__Logged|17_1(ResourceInvoker invoker)
   at Microsoft.AspNetCore.Mvc.Infrastructure.ResourceInvoker.<InvokeAsync>g__Logged|17_1(ResourceInvoker invoker)
   at Microsoft.AspNetCore.Routing.EndpointMiddleware.<Invoke>g__AwaitRequestTask|7_0(Endpoint endpoint, Task requestTask, ILogger logger)
   at Microsoft.AspNetCore.Authorization.AuthorizationMiddleware.Invoke(HttpContext context)
   at Microsoft.AspNetCore.Authentication.AuthenticationMiddleware.Invoke(HttpContext context)
   at PelindoCarLoan.API.Middleware.ExceptionMiddleware.InvokeAsync(HttpContext context) in C:\Users\abima\Desktop\Project\Pelindo\pelindo-car-loan\backend\PelindoCarLoan.API\Middleware\ExceptionMiddleware.cs:line 22
2026-01-07 17:41:23.223 +07:00 [INF] Route matched with {action = "GetAll", controller = "Schedules"}. Executing controller action with signature System.Threading.Tasks.Task`1[Microsoft.AspNetCore.Mvc.IActionResult] GetAll(System.String) on controller PelindoCarLoan.API.Controllers.SchedulesController (PelindoCarLoan.API).
2026-01-07 17:41:23.230 +07:00 [INF] Request finished HTTP/1.1 GET http://localhost:5000/api/schedules/waiting-resources - 500 null application/json 17.6726ms
2026-01-07 17:41:23.233 +07:00 [INF] Executed action PelindoCarLoan.API.Controllers.SchedulesController.GetAll (PelindoCarLoan.API) in 2.8252ms
2026-01-07 17:41:23.234 +07:00 [INF] Executed endpoint 'PelindoCarLoan.API.Controllers.SchedulesController.GetAll (PelindoCarLoan.API)'
2026-01-07 17:41:23.235 +07:00 [ERR] An unhandled exception occurred
Oracle.ManagedDataAccess.Client.OracleException (0x80004005): ORA-00904: "LR"."ID": invalid identifier
https://docs.oracle.com/error-help/db/ora-00904/
   at System.Threading.Tasks.ContinuationResultTaskFromResultTask`2.InnerInvoke()
   at System.Threading.ExecutionContext.RunInternal(ExecutionContext executionContext, ContextCallback callback, Object state)
--- End of stack trace from previous location ---
   at System.Threading.ExecutionContext.RunInternal(ExecutionContext executionContext, ContextCallback callback, Object state)
   at System.Threading.Tasks.Task.ExecuteWithThreadLocal(Task& currentTaskSlot, Thread threadPoolThread)
--- End of stack trace from previous location ---
   at Dapper.SqlMapper.MultiMapAsync[TFirst,TSecond,TThird,TFourth,TFifth,TSixth,TSeventh,TReturn](IDbConnection cnn, CommandDefinition command, Delegate map, String splitOn) in /_/Dapper/SqlMapper.Async.cs:line 940
   at PelindoCarLoan.API.Repositories.ScheduleRepository.GetAllAsync(String status) in C:\Users\abima\Desktop\Project\Pelindo\pelindo-car-loan\backend\PelindoCarLoan.API\Repositories\ScheduleRepository.cs:line 89
   at PelindoCarLoan.API.Services.SchedulingService.GetAllAsync(String status) in C:\Users\abima\Desktop\Project\Pelindo\pelindo-car-loan\backend\PelindoCarLoan.API\Services\SchedulingService.cs:line 203
   at PelindoCarLoan.API.Controllers.SchedulesController.GetAll(String status) in C:\Users\abima\Desktop\Project\Pelindo\pelindo-car-loan\backend\PelindoCarLoan.API\Controllers\SchedulesController.cs:line 35
   at Microsoft.AspNetCore.Mvc.Infrastructure.ActionMethodExecutor.TaskOfIActionResultExecutor.Execute(ActionContext actionContext, IActionResultTypeMapper mapper, ObjectMethodExecutor executor, Object controller, Object[] arguments)
   at Microsoft.AspNetCore.Mvc.Infrastructure.ControllerActionInvoker.<InvokeActionMethodAsync>g__Awaited|12_0(ControllerActionInvoker invoker, ValueTask`1 actionResultValueTask)
   at Microsoft.AspNetCore.Mvc.Infrastructure.ControllerActionInvoker.<InvokeNextActionFilterAsync>g__Awaited|10_0(ControllerActionInvoker invoker, Task lastTask, State next, Scope scope, Object state, Boolean isCompleted)
   at Microsoft.AspNetCore.Mvc.Infrastructure.ControllerActionInvoker.Rethrow(ActionExecutedContextSealed context)
   at Microsoft.AspNetCore.Mvc.Infrastructure.ControllerActionInvoker.Next(State& next, Scope& scope, Object& state, Boolean& isCompleted)
   at Microsoft.AspNetCore.Mvc.Infrastructure.ControllerActionInvoker.<InvokeInnerFilterAsync>g__Awaited|13_0(ControllerActionInvoker invoker, Task lastTask, State next, Scope scope, Object state, Boolean isCompleted)
   at Microsoft.AspNetCore.Mvc.Infrastructure.ResourceInvoker.<InvokeFilterPipelineAsync>g__Awaited|20_0(ResourceInvoker invoker, Task lastTask, State next, Scope scope, Object state, Boolean isCompleted)
   at Microsoft.AspNetCore.Mvc.Infrastructure.ResourceInvoker.<InvokeAsync>g__Logged|17_1(ResourceInvoker invoker)
   at Microsoft.AspNetCore.Mvc.Infrastructure.ResourceInvoker.<InvokeAsync>g__Logged|17_1(ResourceInvoker invoker)
   at Microsoft.AspNetCore.Routing.EndpointMiddleware.<Invoke>g__AwaitRequestTask|7_0(Endpoint endpoint, Task requestTask, ILogger logger)
   at Microsoft.AspNetCore.Authorization.AuthorizationMiddleware.Invoke(HttpContext context)
   at Microsoft.AspNetCore.Authentication.AuthenticationMiddleware.Invoke(HttpContext context)
   at PelindoCarLoan.API.Middleware.ExceptionMiddleware.InvokeAsync(HttpContext context) in C:\Users\abima\Desktop\Project\Pelindo\pelindo-car-loan\backend\PelindoCarLoan.API\Middleware\ExceptionMiddleware.cs:line 22
2026-01-07 17:41:23.241 +07:00 [INF] Request finished HTTP/1.1 GET http://localhost:5000/api/schedules - 500 null application/json 22.0388ms
2026-01-07 17:41:23.304 +07:00 [INF] Request starting HTTP/1.1 OPTIONS http://localhost:5000/api/dashboard - null null
2026-01-07 17:41:23.307 +07:00 [INF] CORS policy execution successful.
2026-01-07 17:41:23.308 +07:00 [INF] Request finished HTTP/1.1 OPTIONS http://localhost:5000/api/dashboard - 204 null null 3.8017ms
2026-01-07 17:41:23.312 +07:00 [INF] Request starting HTTP/1.1 GET http://localhost:5000/api/dashboard - null null
2026-01-07 17:41:23.315 +07:00 [INF] CORS policy execution successful.
2026-01-07 17:41:23.317 +07:00 [INF] Executing endpoint 'PelindoCarLoan.API.Controllers.DashboardController.GetDashboard (PelindoCarLoan.API)'
2026-01-07 17:41:23.318 +07:00 [INF] Route matched with {action = "GetDashboard", controller = "Dashboard"}. Executing controller action with signature System.Threading.Tasks.Task`1[Microsoft.AspNetCore.Mvc.IActionResult] GetDashboard() on controller PelindoCarLoan.API.Controllers.DashboardController (PelindoCarLoan.API).
2026-01-07 17:41:23.324 +07:00 [INF] Executed action PelindoCarLoan.API.Controllers.DashboardController.GetDashboard (PelindoCarLoan.API) in 4.8216ms
2026-01-07 17:41:23.325 +07:00 [INF] Executed endpoint 'PelindoCarLoan.API.Controllers.DashboardController.GetDashboard (PelindoCarLoan.API)'
2026-01-07 17:41:23.326 +07:00 [ERR] An unhandled exception occurred
Oracle.ManagedDataAccess.Client.OracleException (0x80004005): ORA-00904: "U"."ID": invalid identifier
https://docs.oracle.com/error-help/db/ora-00904/
   at System.Threading.Tasks.ContinuationResultTaskFromResultTask`2.InnerInvoke()
   at System.Threading.ExecutionContext.RunInternal(ExecutionContext executionContext, ContextCallback callback, Object state)
--- End of stack trace from previous location ---
   at System.Threading.ExecutionContext.RunInternal(ExecutionContext executionContext, ContextCallback callback, Object state)
   at System.Threading.Tasks.Task.ExecuteWithThreadLocal(Task& currentTaskSlot, Thread threadPoolThread)
--- End of stack trace from previous location ---
   at Dapper.SqlMapper.MultiMapAsync[TFirst,TSecond,TThird,TFourth,TFifth,TSixth,TSeventh,TReturn](IDbConnection cnn, CommandDefinition command, Delegate map, String splitOn) in /_/Dapper/SqlMapper.Async.cs:line 940
   at PelindoCarLoan.API.Repositories.LoanRequestRepository.GetAllAsync(Nullable`1 userId, String status) in C:\Users\abima\Desktop\Project\Pelindo\pelindo-car-loan\backend\PelindoCarLoan.API\Repositories\LoanRequestRepository.cs:line 95
   at PelindoCarLoan.API.Services.DashboardService.GetDashboardAsync(Int32 userId, String role) in C:\Users\abima\Desktop\Project\Pelindo\pelindo-car-loan\backend\PelindoCarLoan.API\Services\DashboardService.cs:line 78
   at PelindoCarLoan.API.Controllers.DashboardController.GetDashboard() in C:\Users\abima\Desktop\Project\Pelindo\pelindo-car-loan\backend\PelindoCarLoan.API\Controllers\DashboardController.cs:line 33
   at Microsoft.AspNetCore.Mvc.Infrastructure.ActionMethodExecutor.TaskOfIActionResultExecutor.Execute(ActionContext actionContext, IActionResultTypeMapper mapper, ObjectMethodExecutor executor, Object controller, Object[] arguments)
   at Microsoft.AspNetCore.Mvc.Infrastructure.ControllerActionInvoker.<InvokeActionMethodAsync>g__Awaited|12_0(ControllerActionInvoker invoker, ValueTask`1 actionResultValueTask)
   at Microsoft.AspNetCore.Mvc.Infrastructure.ControllerActionInvoker.<InvokeNextActionFilterAsync>g__Awaited|10_0(ControllerActionInvoker invoker, Task lastTask, State next, Scope scope, Object state, Boolean isCompleted)
   at Microsoft.AspNetCore.Mvc.Infrastructure.ControllerActionInvoker.Rethrow(ActionExecutedContextSealed context)
   at Microsoft.AspNetCore.Mvc.Infrastructure.ControllerActionInvoker.Next(State& next, Scope& scope, Object& state, Boolean& isCompleted)
   at Microsoft.AspNetCore.Mvc.Infrastructure.ControllerActionInvoker.<InvokeInnerFilterAsync>g__Awaited|13_0(ControllerActionInvoker invoker, Task lastTask, State next, Scope scope, Object state, Boolean isCompleted)
   at Microsoft.AspNetCore.Mvc.Infrastructure.ResourceInvoker.<InvokeFilterPipelineAsync>g__Awaited|20_0(ResourceInvoker invoker, Task lastTask, State next, Scope scope, Object state, Boolean isCompleted)
   at Microsoft.AspNetCore.Mvc.Infrastructure.ResourceInvoker.<InvokeAsync>g__Logged|17_1(ResourceInvoker invoker)
   at Microsoft.AspNetCore.Mvc.Infrastructure.ResourceInvoker.<InvokeAsync>g__Logged|17_1(ResourceInvoker invoker)
   at Microsoft.AspNetCore.Routing.EndpointMiddleware.<Invoke>g__AwaitRequestTask|7_0(Endpoint endpoint, Task requestTask, ILogger logger)
   at Microsoft.AspNetCore.Authorization.AuthorizationMiddleware.Invoke(HttpContext context)
   at Microsoft.AspNetCore.Authentication.AuthenticationMiddleware.Invoke(HttpContext context)
   at PelindoCarLoan.API.Middleware.ExceptionMiddleware.InvokeAsync(HttpContext context) in C:\Users\abima\Desktop\Project\Pelindo\pelindo-car-loan\backend\PelindoCarLoan.API\Middleware\ExceptionMiddleware.cs:line 22
2026-01-07 17:41:23.332 +07:00 [INF] Request finished HTTP/1.1 GET http://localhost:5000/api/dashboard - 500 null application/json 19.997ms
2026-01-07 17:41:23.857 +07:00 [INF] Request starting HTTP/1.1 GET http://localhost:5000/api/schedules - null null
2026-01-07 17:41:23.857 +07:00 [INF] Request starting HTTP/1.1 GET http://localhost:5000/api/schedules/waiting-resources - null null
2026-01-07 17:41:23.860 +07:00 [INF] CORS policy execution successful.
2026-01-07 17:41:23.864 +07:00 [INF] CORS policy execution successful.
2026-01-07 17:41:23.865 +07:00 [INF] Executing endpoint 'PelindoCarLoan.API.Controllers.SchedulesController.GetAll (PelindoCarLoan.API)'
2026-01-07 17:41:23.865 +07:00 [INF] Executing endpoint 'PelindoCarLoan.API.Controllers.SchedulesController.GetWaitingResources (PelindoCarLoan.API)'
2026-01-07 17:41:23.866 +07:00 [INF] Route matched with {action = "GetAll", controller = "Schedules"}. Executing controller action with signature System.Threading.Tasks.Task`1[Microsoft.AspNetCore.Mvc.IActionResult] GetAll(System.String) on controller PelindoCarLoan.API.Controllers.SchedulesController (PelindoCarLoan.API).
2026-01-07 17:41:23.867 +07:00 [INF] Route matched with {action = "GetWaitingResources", controller = "Schedules"}. Executing controller action with signature System.Threading.Tasks.Task`1[Microsoft.AspNetCore.Mvc.IActionResult] GetWaitingResources() on controller PelindoCarLoan.API.Controllers.SchedulesController (PelindoCarLoan.API).
2026-01-07 17:41:23.872 +07:00 [INF] Executed action PelindoCarLoan.API.Controllers.SchedulesController.GetAll (PelindoCarLoan.API) in 3.1448ms
2026-01-07 17:41:23.873 +07:00 [INF] Executed action PelindoCarLoan.API.Controllers.SchedulesController.GetWaitingResources (PelindoCarLoan.API) in 2.064ms
2026-01-07 17:41:23.874 +07:00 [INF] Executed endpoint 'PelindoCarLoan.API.Controllers.SchedulesController.GetAll (PelindoCarLoan.API)'
2026-01-07 17:41:23.875 +07:00 [INF] Executed endpoint 'PelindoCarLoan.API.Controllers.SchedulesController.GetWaitingResources (PelindoCarLoan.API)'
2026-01-07 17:41:23.876 +07:00 [ERR] An unhandled exception occurred
Oracle.ManagedDataAccess.Client.OracleException (0x80004005): ORA-00904: "LR"."ID": invalid identifier
https://docs.oracle.com/error-help/db/ora-00904/
   at System.Threading.Tasks.ContinuationResultTaskFromResultTask`2.InnerInvoke()
   at System.Threading.ExecutionContext.RunInternal(ExecutionContext executionContext, ContextCallback callback, Object state)
--- End of stack trace from previous location ---
   at System.Threading.ExecutionContext.RunInternal(ExecutionContext executionContext, ContextCallback callback, Object state)
   at System.Threading.Tasks.Task.ExecuteWithThreadLocal(Task& currentTaskSlot, Thread threadPoolThread)
--- End of stack trace from previous location ---
   at Dapper.SqlMapper.MultiMapAsync[TFirst,TSecond,TThird,TFourth,TFifth,TSixth,TSeventh,TReturn](IDbConnection cnn, CommandDefinition command, Delegate map, String splitOn) in /_/Dapper/SqlMapper.Async.cs:line 940
   at PelindoCarLoan.API.Repositories.ScheduleRepository.GetAllAsync(String status) in C:\Users\abima\Desktop\Project\Pelindo\pelindo-car-loan\backend\PelindoCarLoan.API\Repositories\ScheduleRepository.cs:line 89
   at PelindoCarLoan.API.Services.SchedulingService.GetAllAsync(String status) in C:\Users\abima\Desktop\Project\Pelindo\pelindo-car-loan\backend\PelindoCarLoan.API\Services\SchedulingService.cs:line 203
   at PelindoCarLoan.API.Controllers.SchedulesController.GetAll(String status) in C:\Users\abima\Desktop\Project\Pelindo\pelindo-car-loan\backend\PelindoCarLoan.API\Controllers\SchedulesController.cs:line 35
   at Microsoft.AspNetCore.Mvc.Infrastructure.ActionMethodExecutor.TaskOfIActionResultExecutor.Execute(ActionContext actionContext, IActionResultTypeMapper mapper, ObjectMethodExecutor executor, Object controller, Object[] arguments)
   at Microsoft.AspNetCore.Mvc.Infrastructure.ControllerActionInvoker.<InvokeActionMethodAsync>g__Awaited|12_0(ControllerActionInvoker invoker, ValueTask`1 actionResultValueTask)
   at Microsoft.AspNetCore.Mvc.Infrastructure.ControllerActionInvoker.<InvokeNextActionFilterAsync>g__Awaited|10_0(ControllerActionInvoker invoker, Task lastTask, State next, Scope scope, Object state, Boolean isCompleted)
   at Microsoft.AspNetCore.Mvc.Infrastructure.ControllerActionInvoker.Rethrow(ActionExecutedContextSealed context)
   at Microsoft.AspNetCore.Mvc.Infrastructure.ControllerActionInvoker.Next(State& next, Scope& scope, Object& state, Boolean& isCompleted)
   at Microsoft.AspNetCore.Mvc.Infrastructure.ControllerActionInvoker.<InvokeInnerFilterAsync>g__Awaited|13_0(ControllerActionInvoker invoker, Task lastTask, State next, Scope scope, Object state, Boolean isCompleted)
   at Microsoft.AspNetCore.Mvc.Infrastructure.ResourceInvoker.<InvokeFilterPipelineAsync>g__Awaited|20_0(ResourceInvoker invoker, Task lastTask, State next, Scope scope, Object state, Boolean isCompleted)
   at Microsoft.AspNetCore.Mvc.Infrastructure.ResourceInvoker.<InvokeAsync>g__Logged|17_1(ResourceInvoker invoker)
   at Microsoft.AspNetCore.Mvc.Infrastructure.ResourceInvoker.<InvokeAsync>g__Logged|17_1(ResourceInvoker invoker)
   at Microsoft.AspNetCore.Routing.EndpointMiddleware.<Invoke>g__AwaitRequestTask|7_0(Endpoint endpoint, Task requestTask, ILogger logger)
   at Microsoft.AspNetCore.Authorization.AuthorizationMiddleware.Invoke(HttpContext context)
   at Microsoft.AspNetCore.Authentication.AuthenticationMiddleware.Invoke(HttpContext context)
   at PelindoCarLoan.API.Middleware.ExceptionMiddleware.InvokeAsync(HttpContext context) in C:\Users\abima\Desktop\Project\Pelindo\pelindo-car-loan\backend\PelindoCarLoan.API\Middleware\ExceptionMiddleware.cs:line 22
2026-01-07 17:41:23.877 +07:00 [ERR] An unhandled exception occurred
Oracle.ManagedDataAccess.Client.OracleException (0x80004005): ORA-00904: "U"."ID": invalid identifier
https://docs.oracle.com/error-help/db/ora-00904/
   at System.Threading.Tasks.ContinuationResultTaskFromResultTask`2.InnerInvoke()
   at System.Threading.ExecutionContext.RunInternal(ExecutionContext executionContext, ContextCallback callback, Object state)
--- End of stack trace from previous location ---
   at System.Threading.ExecutionContext.RunInternal(ExecutionContext executionContext, ContextCallback callback, Object state)
   at System.Threading.Tasks.Task.ExecuteWithThreadLocal(Task& currentTaskSlot, Thread threadPoolThread)
--- End of stack trace from previous location ---
   at Dapper.SqlMapper.MultiMapAsync[TFirst,TSecond,TThird,TFourth,TFifth,TSixth,TSeventh,TReturn](IDbConnection cnn, CommandDefinition command, Delegate map, String splitOn) in /_/Dapper/SqlMapper.Async.cs:line 940
   at PelindoCarLoan.API.Repositories.LoanRequestRepository.GetAllAsync(Nullable`1 userId, String status) in C:\Users\abima\Desktop\Project\Pelindo\pelindo-car-loan\backend\PelindoCarLoan.API\Repositories\LoanRequestRepository.cs:line 95
   at PelindoCarLoan.API.Repositories.LoanRequestRepository.GetByStatusAsync(String status) in C:\Users\abima\Desktop\Project\Pelindo\pelindo-car-loan\backend\PelindoCarLoan.API\Repositories\LoanRequestRepository.cs:line 141
   at PelindoCarLoan.API.Services.SchedulingService.GetWaitingResourceRequestsAsync() in C:\Users\abima\Desktop\Project\Pelindo\pelindo-car-loan\backend\PelindoCarLoan.API\Services\SchedulingService.cs:line 256
   at PelindoCarLoan.API.Controllers.SchedulesController.GetWaitingResources() in C:\Users\abima\Desktop\Project\Pelindo\pelindo-car-loan\backend\PelindoCarLoan.API\Controllers\SchedulesController.cs:line 152
   at Microsoft.AspNetCore.Mvc.Infrastructure.ActionMethodExecutor.TaskOfIActionResultExecutor.Execute(ActionContext actionContext, IActionResultTypeMapper mapper, ObjectMethodExecutor executor, Object controller, Object[] arguments)
   at Microsoft.AspNetCore.Mvc.Infrastructure.ControllerActionInvoker.<InvokeActionMethodAsync>g__Awaited|12_0(ControllerActionInvoker invoker, ValueTask`1 actionResultValueTask)
   at Microsoft.AspNetCore.Mvc.Infrastructure.ControllerActionInvoker.<InvokeNextActionFilterAsync>g__Awaited|10_0(ControllerActionInvoker invoker, Task lastTask, State next, Scope scope, Object state, Boolean isCompleted)
   at Microsoft.AspNetCore.Mvc.Infrastructure.ControllerActionInvoker.Rethrow(ActionExecutedContextSealed context)
   at Microsoft.AspNetCore.Mvc.Infrastructure.ControllerActionInvoker.Next(State& next, Scope& scope, Object& state, Boolean& isCompleted)
   at Microsoft.AspNetCore.Mvc.Infrastructure.ControllerActionInvoker.<InvokeInnerFilterAsync>g__Awaited|13_0(ControllerActionInvoker invoker, Task lastTask, State next, Scope scope, Object state, Boolean isCompleted)
   at Microsoft.AspNetCore.Mvc.Infrastructure.ResourceInvoker.<InvokeFilterPipelineAsync>g__Awaited|20_0(ResourceInvoker invoker, Task lastTask, State next, Scope scope, Object state, Boolean isCompleted)
   at Microsoft.AspNetCore.Mvc.Infrastructure.ResourceInvoker.<InvokeAsync>g__Logged|17_1(ResourceInvoker invoker)
   at Microsoft.AspNetCore.Mvc.Infrastructure.ResourceInvoker.<InvokeAsync>g__Logged|17_1(ResourceInvoker invoker)
   at Microsoft.AspNetCore.Routing.EndpointMiddleware.<Invoke>g__AwaitRequestTask|7_0(Endpoint endpoint, Task requestTask, ILogger logger)
   at Microsoft.AspNetCore.Authorization.AuthorizationMiddleware.Invoke(HttpContext context)
   at Microsoft.AspNetCore.Authentication.AuthenticationMiddleware.Invoke(HttpContext context)
   at PelindoCarLoan.API.Middleware.ExceptionMiddleware.InvokeAsync(HttpContext context) in C:\Users\abima\Desktop\Project\Pelindo\pelindo-car-loan\backend\PelindoCarLoan.API\Middleware\ExceptionMiddleware.cs:line 22
2026-01-07 17:41:23.884 +07:00 [INF] Request finished HTTP/1.1 GET http://localhost:5000/api/schedules - 500 null application/json 27.1511ms
2026-01-07 17:41:23.892 +07:00 [INF] Request finished HTTP/1.1 GET http://localhost:5000/api/schedules/waiting-resources - 500 null application/json 34.4678ms
2026-01-07 17:41:24.893 +07:00 [INF] Request starting HTTP/1.1 GET http://localhost:5000/api/schedules - null null
2026-01-07 17:41:24.896 +07:00 [INF] CORS policy execution successful.
2026-01-07 17:41:24.897 +07:00 [INF] Executing endpoint 'PelindoCarLoan.API.Controllers.SchedulesController.GetAll (PelindoCarLoan.API)'
2026-01-07 17:41:24.898 +07:00 [INF] Route matched with {action = "GetAll", controller = "Schedules"}. Executing controller action with signature System.Threading.Tasks.Task`1[Microsoft.AspNetCore.Mvc.IActionResult] GetAll(System.String) on controller PelindoCarLoan.API.Controllers.SchedulesController (PelindoCarLoan.API).
2026-01-07 17:41:24.900 +07:00 [INF] Request starting HTTP/1.1 GET http://localhost:5000/api/schedules/waiting-resources - null null
2026-01-07 17:41:24.902 +07:00 [INF] Executed action PelindoCarLoan.API.Controllers.SchedulesController.GetAll (PelindoCarLoan.API) in 1.8018ms
2026-01-07 17:41:24.902 +07:00 [INF] CORS policy execution successful.
2026-01-07 17:41:24.903 +07:00 [INF] Executed endpoint 'PelindoCarLoan.API.Controllers.SchedulesController.GetAll (PelindoCarLoan.API)'
2026-01-07 17:41:24.904 +07:00 [INF] Executing endpoint 'PelindoCarLoan.API.Controllers.SchedulesController.GetWaitingResources (PelindoCarLoan.API)'
2026-01-07 17:41:24.905 +07:00 [ERR] An unhandled exception occurred
Oracle.ManagedDataAccess.Client.OracleException (0x80004005): ORA-00904: "LR"."ID": invalid identifier
https://docs.oracle.com/error-help/db/ora-00904/
   at System.Threading.Tasks.ContinuationResultTaskFromResultTask`2.InnerInvoke()
   at System.Threading.ExecutionContext.RunInternal(ExecutionContext executionContext, ContextCallback callback, Object state)
--- End of stack trace from previous location ---
   at System.Threading.ExecutionContext.RunInternal(ExecutionContext executionContext, ContextCallback callback, Object state)
   at System.Threading.Tasks.Task.ExecuteWithThreadLocal(Task& currentTaskSlot, Thread threadPoolThread)
--- End of stack trace from previous location ---
   at Dapper.SqlMapper.MultiMapAsync[TFirst,TSecond,TThird,TFourth,TFifth,TSixth,TSeventh,TReturn](IDbConnection cnn, CommandDefinition command, Delegate map, String splitOn) in /_/Dapper/SqlMapper.Async.cs:line 940
   at PelindoCarLoan.API.Repositories.ScheduleRepository.GetAllAsync(String status) in C:\Users\abima\Desktop\Project\Pelindo\pelindo-car-loan\backend\PelindoCarLoan.API\Repositories\ScheduleRepository.cs:line 89
   at PelindoCarLoan.API.Services.SchedulingService.GetAllAsync(String status) in C:\Users\abima\Desktop\Project\Pelindo\pelindo-car-loan\backend\PelindoCarLoan.API\Services\SchedulingService.cs:line 203
   at PelindoCarLoan.API.Controllers.SchedulesController.GetAll(String status) in C:\Users\abima\Desktop\Project\Pelindo\pelindo-car-loan\backend\PelindoCarLoan.API\Controllers\SchedulesController.cs:line 35
   at Microsoft.AspNetCore.Mvc.Infrastructure.ActionMethodExecutor.TaskOfIActionResultExecutor.Execute(ActionContext actionContext, IActionResultTypeMapper mapper, ObjectMethodExecutor executor, Object controller, Object[] arguments)
   at Microsoft.AspNetCore.Mvc.Infrastructure.ControllerActionInvoker.<InvokeActionMethodAsync>g__Awaited|12_0(ControllerActionInvoker invoker, ValueTask`1 actionResultValueTask)
   at Microsoft.AspNetCore.Mvc.Infrastructure.ControllerActionInvoker.<InvokeNextActionFilterAsync>g__Awaited|10_0(ControllerActionInvoker invoker, Task lastTask, State next, Scope scope, Object state, Boolean isCompleted)
   at Microsoft.AspNetCore.Mvc.Infrastructure.ControllerActionInvoker.Rethrow(ActionExecutedContextSealed context)
   at Microsoft.AspNetCore.Mvc.Infrastructure.ControllerActionInvoker.Next(State& next, Scope& scope, Object& state, Boolean& isCompleted)
   at Microsoft.AspNetCore.Mvc.Infrastructure.ControllerActionInvoker.<InvokeInnerFilterAsync>g__Awaited|13_0(ControllerActionInvoker invoker, Task lastTask, State next, Scope scope, Object state, Boolean isCompleted)
   at Microsoft.AspNetCore.Mvc.Infrastructure.ResourceInvoker.<InvokeFilterPipelineAsync>g__Awaited|20_0(ResourceInvoker invoker, Task lastTask, State next, Scope scope, Object state, Boolean isCompleted)
   at Microsoft.AspNetCore.Mvc.Infrastructure.ResourceInvoker.<InvokeAsync>g__Logged|17_1(ResourceInvoker invoker)
   at Microsoft.AspNetCore.Mvc.Infrastructure.ResourceInvoker.<InvokeAsync>g__Logged|17_1(ResourceInvoker invoker)
   at Microsoft.AspNetCore.Routing.EndpointMiddleware.<Invoke>g__AwaitRequestTask|7_0(Endpoint endpoint, Task requestTask, ILogger logger)
   at Microsoft.AspNetCore.Authorization.AuthorizationMiddleware.Invoke(HttpContext context)
   at Microsoft.AspNetCore.Authentication.AuthenticationMiddleware.Invoke(HttpContext context)
   at PelindoCarLoan.API.Middleware.ExceptionMiddleware.InvokeAsync(HttpContext context) in C:\Users\abima\Desktop\Project\Pelindo\pelindo-car-loan\backend\PelindoCarLoan.API\Middleware\ExceptionMiddleware.cs:line 22
2026-01-07 17:41:24.906 +07:00 [INF] Route matched with {action = "GetWaitingResources", controller = "Schedules"}. Executing controller action with signature System.Threading.Tasks.Task`1[Microsoft.AspNetCore.Mvc.IActionResult] GetWaitingResources() on controller PelindoCarLoan.API.Controllers.SchedulesController (PelindoCarLoan.API).
2026-01-07 17:41:24.913 +07:00 [INF] Request finished HTTP/1.1 GET http://localhost:5000/api/schedules - 500 null application/json 19.6512ms
2026-01-07 17:41:24.916 +07:00 [INF] Executed action PelindoCarLoan.API.Controllers.SchedulesController.GetWaitingResources (PelindoCarLoan.API) in 2.2302ms
2026-01-07 17:41:24.917 +07:00 [INF] Executed endpoint 'PelindoCarLoan.API.Controllers.SchedulesController.GetWaitingResources (PelindoCarLoan.API)'
2026-01-07 17:41:24.918 +07:00 [ERR] An unhandled exception occurred
Oracle.ManagedDataAccess.Client.OracleException (0x80004005): ORA-00904: "U"."ID": invalid identifier
https://docs.oracle.com/error-help/db/ora-00904/
   at System.Threading.Tasks.ContinuationResultTaskFromResultTask`2.InnerInvoke()
   at System.Threading.ExecutionContext.RunInternal(ExecutionContext executionContext, ContextCallback callback, Object state)
--- End of stack trace from previous location ---
   at System.Threading.ExecutionContext.RunInternal(ExecutionContext executionContext, ContextCallback callback, Object state)
   at System.Threading.Tasks.Task.ExecuteWithThreadLocal(Task& currentTaskSlot, Thread threadPoolThread)
--- End of stack trace from previous location ---
   at Dapper.SqlMapper.MultiMapAsync[TFirst,TSecond,TThird,TFourth,TFifth,TSixth,TSeventh,TReturn](IDbConnection cnn, CommandDefinition command, Delegate map, String splitOn) in /_/Dapper/SqlMapper.Async.cs:line 940
   at PelindoCarLoan.API.Repositories.LoanRequestRepository.GetAllAsync(Nullable`1 userId, String status) in C:\Users\abima\Desktop\Project\Pelindo\pelindo-car-loan\backend\PelindoCarLoan.API\Repositories\LoanRequestRepository.cs:line 95
   at PelindoCarLoan.API.Repositories.LoanRequestRepository.GetByStatusAsync(String status) in C:\Users\abima\Desktop\Project\Pelindo\pelindo-car-loan\backend\PelindoCarLoan.API\Repositories\LoanRequestRepository.cs:line 141
   at PelindoCarLoan.API.Services.SchedulingService.GetWaitingResourceRequestsAsync() in C:\Users\abima\Desktop\Project\Pelindo\pelindo-car-loan\backend\PelindoCarLoan.API\Services\SchedulingService.cs:line 256
   at PelindoCarLoan.API.Controllers.SchedulesController.GetWaitingResources() in C:\Users\abima\Desktop\Project\Pelindo\pelindo-car-loan\backend\PelindoCarLoan.API\Controllers\SchedulesController.cs:line 152
   at Microsoft.AspNetCore.Mvc.Infrastructure.ActionMethodExecutor.TaskOfIActionResultExecutor.Execute(ActionContext actionContext, IActionResultTypeMapper mapper, ObjectMethodExecutor executor, Object controller, Object[] arguments)
   at Microsoft.AspNetCore.Mvc.Infrastructure.ControllerActionInvoker.<InvokeActionMethodAsync>g__Awaited|12_0(ControllerActionInvoker invoker, ValueTask`1 actionResultValueTask)
   at Microsoft.AspNetCore.Mvc.Infrastructure.ControllerActionInvoker.<InvokeNextActionFilterAsync>g__Awaited|10_0(ControllerActionInvoker invoker, Task lastTask, State next, Scope scope, Object state, Boolean isCompleted)
   at Microsoft.AspNetCore.Mvc.Infrastructure.ControllerActionInvoker.Rethrow(ActionExecutedContextSealed context)
   at Microsoft.AspNetCore.Mvc.Infrastructure.ControllerActionInvoker.Next(State& next, Scope& scope, Object& state, Boolean& isCompleted)
   at Microsoft.AspNetCore.Mvc.Infrastructure.ControllerActionInvoker.<InvokeInnerFilterAsync>g__Awaited|13_0(ControllerActionInvoker invoker, Task lastTask, State next, Scope scope, Object state, Boolean isCompleted)
   at Microsoft.AspNetCore.Mvc.Infrastructure.ResourceInvoker.<InvokeFilterPipelineAsync>g__Awaited|20_0(ResourceInvoker invoker, Task lastTask, State next, Scope scope, Object state, Boolean isCompleted)
   at Microsoft.AspNetCore.Mvc.Infrastructure.ResourceInvoker.<InvokeAsync>g__Logged|17_1(ResourceInvoker invoker)
   at Microsoft.AspNetCore.Mvc.Infrastructure.ResourceInvoker.<InvokeAsync>g__Logged|17_1(ResourceInvoker invoker)
   at Microsoft.AspNetCore.Routing.EndpointMiddleware.<Invoke>g__AwaitRequestTask|7_0(Endpoint endpoint, Task requestTask, ILogger logger)
   at Microsoft.AspNetCore.Authorization.AuthorizationMiddleware.Invoke(HttpContext context)
   at Microsoft.AspNetCore.Authentication.AuthenticationMiddleware.Invoke(HttpContext context)
   at PelindoCarLoan.API.Middleware.ExceptionMiddleware.InvokeAsync(HttpContext context) in C:\Users\abima\Desktop\Project\Pelindo\pelindo-car-loan\backend\PelindoCarLoan.API\Middleware\ExceptionMiddleware.cs:line 22
2026-01-07 17:41:24.925 +07:00 [INF] Request finished HTTP/1.1 GET http://localhost:5000/api/schedules/waiting-resources - 500 null application/json 24.8117ms
2026-01-07 17:41:30.256 +07:00 [INF] Request starting HTTP/1.1 OPTIONS http://localhost:5000/api/dashboard - null null
2026-01-07 17:41:30.258 +07:00 [INF] CORS policy execution successful.
2026-01-07 17:41:30.259 +07:00 [INF] Request finished HTTP/1.1 OPTIONS http://localhost:5000/api/dashboard - 204 null null 3.0156ms
2026-01-07 17:41:30.262 +07:00 [INF] Request starting HTTP/1.1 GET http://localhost:5000/api/dashboard - null null
2026-01-07 17:41:30.264 +07:00 [INF] CORS policy execution successful.
2026-01-07 17:41:30.265 +07:00 [INF] Executing endpoint 'PelindoCarLoan.API.Controllers.DashboardController.GetDashboard (PelindoCarLoan.API)'
2026-01-07 17:41:30.266 +07:00 [INF] Route matched with {action = "GetDashboard", controller = "Dashboard"}. Executing controller action with signature System.Threading.Tasks.Task`1[Microsoft.AspNetCore.Mvc.IActionResult] GetDashboard() on controller PelindoCarLoan.API.Controllers.DashboardController (PelindoCarLoan.API).
2026-01-07 17:41:30.272 +07:00 [INF] Executed action PelindoCarLoan.API.Controllers.DashboardController.GetDashboard (PelindoCarLoan.API) in 3.412ms
2026-01-07 17:41:30.274 +07:00 [INF] Executed endpoint 'PelindoCarLoan.API.Controllers.DashboardController.GetDashboard (PelindoCarLoan.API)'
2026-01-07 17:41:30.275 +07:00 [ERR] An unhandled exception occurred
Oracle.ManagedDataAccess.Client.OracleException (0x80004005): ORA-00904: "U"."ID": invalid identifier
https://docs.oracle.com/error-help/db/ora-00904/
   at System.Threading.Tasks.ContinuationResultTaskFromResultTask`2.InnerInvoke()
   at System.Threading.ExecutionContext.RunInternal(ExecutionContext executionContext, ContextCallback callback, Object state)
--- End of stack trace from previous location ---
   at System.Threading.ExecutionContext.RunInternal(ExecutionContext executionContext, ContextCallback callback, Object state)
   at System.Threading.Tasks.Task.ExecuteWithThreadLocal(Task& currentTaskSlot, Thread threadPoolThread)
--- End of stack trace from previous location ---
   at Dapper.SqlMapper.MultiMapAsync[TFirst,TSecond,TThird,TFourth,TFifth,TSixth,TSeventh,TReturn](IDbConnection cnn, CommandDefinition command, Delegate map, String splitOn) in /_/Dapper/SqlMapper.Async.cs:line 940
   at PelindoCarLoan.API.Repositories.LoanRequestRepository.GetAllAsync(Nullable`1 userId, String status) in C:\Users\abima\Desktop\Project\Pelindo\pelindo-car-loan\backend\PelindoCarLoan.API\Repositories\LoanRequestRepository.cs:line 95
   at PelindoCarLoan.API.Services.DashboardService.GetDashboardAsync(Int32 userId, String role) in C:\Users\abima\Desktop\Project\Pelindo\pelindo-car-loan\backend\PelindoCarLoan.API\Services\DashboardService.cs:line 78
   at PelindoCarLoan.API.Controllers.DashboardController.GetDashboard() in C:\Users\abima\Desktop\Project\Pelindo\pelindo-car-loan\backend\PelindoCarLoan.API\Controllers\DashboardController.cs:line 33
   at Microsoft.AspNetCore.Mvc.Infrastructure.ActionMethodExecutor.TaskOfIActionResultExecutor.Execute(ActionContext actionContext, IActionResultTypeMapper mapper, ObjectMethodExecutor executor, Object controller, Object[] arguments)
   at Microsoft.AspNetCore.Mvc.Infrastructure.ControllerActionInvoker.<InvokeActionMethodAsync>g__Awaited|12_0(ControllerActionInvoker invoker, ValueTask`1 actionResultValueTask)
   at Microsoft.AspNetCore.Mvc.Infrastructure.ControllerActionInvoker.<InvokeNextActionFilterAsync>g__Awaited|10_0(ControllerActionInvoker invoker, Task lastTask, State next, Scope scope, Object state, Boolean isCompleted)
   at Microsoft.AspNetCore.Mvc.Infrastructure.ControllerActionInvoker.Rethrow(ActionExecutedContextSealed context)
   at Microsoft.AspNetCore.Mvc.Infrastructure.ControllerActionInvoker.Next(State& next, Scope& scope, Object& state, Boolean& isCompleted)
   at Microsoft.AspNetCore.Mvc.Infrastructure.ControllerActionInvoker.<InvokeInnerFilterAsync>g__Awaited|13_0(ControllerActionInvoker invoker, Task lastTask, State next, Scope scope, Object state, Boolean isCompleted)
   at Microsoft.AspNetCore.Mvc.Infrastructure.ResourceInvoker.<InvokeFilterPipelineAsync>g__Awaited|20_0(ResourceInvoker invoker, Task lastTask, State next, Scope scope, Object state, Boolean isCompleted)
   at Microsoft.AspNetCore.Mvc.Infrastructure.ResourceInvoker.<InvokeAsync>g__Logged|17_1(ResourceInvoker invoker)
   at Microsoft.AspNetCore.Mvc.Infrastructure.ResourceInvoker.<InvokeAsync>g__Logged|17_1(ResourceInvoker invoker)
   at Microsoft.AspNetCore.Routing.EndpointMiddleware.<Invoke>g__AwaitRequestTask|7_0(Endpoint endpoint, Task requestTask, ILogger logger)
   at Microsoft.AspNetCore.Authorization.AuthorizationMiddleware.Invoke(HttpContext context)
   at Microsoft.AspNetCore.Authentication.AuthenticationMiddleware.Invoke(HttpContext context)
   at PelindoCarLoan.API.Middleware.ExceptionMiddleware.InvokeAsync(HttpContext context) in C:\Users\abima\Desktop\Project\Pelindo\pelindo-car-loan\backend\PelindoCarLoan.API\Middleware\ExceptionMiddleware.cs:line 22
2026-01-07 17:41:30.281 +07:00 [INF] Request finished HTTP/1.1 GET http://localhost:5000/api/dashboard - 500 null application/json 18.6413ms
2026-01-07 17:41:30.881 +07:00 [INF] Request starting HTTP/1.1 OPTIONS http://localhost:5000/api/schedules - null null
2026-01-07 17:41:30.881 +07:00 [INF] Request starting HTTP/1.1 OPTIONS http://localhost:5000/api/schedules/waiting-resources - null null
2026-01-07 17:41:30.883 +07:00 [INF] CORS policy execution successful.
2026-01-07 17:41:30.886 +07:00 [INF] CORS policy execution successful.
2026-01-07 17:41:30.886 +07:00 [INF] Request finished HTTP/1.1 OPTIONS http://localhost:5000/api/schedules - 204 null null 5.7469ms
2026-01-07 17:41:30.887 +07:00 [INF] Request finished HTTP/1.1 OPTIONS http://localhost:5000/api/schedules/waiting-resources - 204 null null 5.9975ms
2026-01-07 17:41:30.889 +07:00 [INF] Request starting HTTP/1.1 GET http://localhost:5000/api/schedules - null null
2026-01-07 17:41:30.892 +07:00 [INF] Request starting HTTP/1.1 GET http://localhost:5000/api/schedules/waiting-resources - null null
2026-01-07 17:41:30.894 +07:00 [INF] CORS policy execution successful.
2026-01-07 17:41:30.896 +07:00 [INF] CORS policy execution successful.
2026-01-07 17:41:30.896 +07:00 [INF] Executing endpoint 'PelindoCarLoan.API.Controllers.SchedulesController.GetAll (PelindoCarLoan.API)'
2026-01-07 17:41:30.897 +07:00 [INF] Executing endpoint 'PelindoCarLoan.API.Controllers.SchedulesController.GetWaitingResources (PelindoCarLoan.API)'
2026-01-07 17:41:30.898 +07:00 [INF] Route matched with {action = "GetAll", controller = "Schedules"}. Executing controller action with signature System.Threading.Tasks.Task`1[Microsoft.AspNetCore.Mvc.IActionResult] GetAll(System.String) on controller PelindoCarLoan.API.Controllers.SchedulesController (PelindoCarLoan.API).
2026-01-07 17:41:30.899 +07:00 [INF] Route matched with {action = "GetWaitingResources", controller = "Schedules"}. Executing controller action with signature System.Threading.Tasks.Task`1[Microsoft.AspNetCore.Mvc.IActionResult] GetWaitingResources() on controller PelindoCarLoan.API.Controllers.SchedulesController (PelindoCarLoan.API).
2026-01-07 17:41:30.903 +07:00 [INF] Executed action PelindoCarLoan.API.Controllers.SchedulesController.GetAll (PelindoCarLoan.API) in 1.7239ms
2026-01-07 17:41:30.904 +07:00 [INF] Executed endpoint 'PelindoCarLoan.API.Controllers.SchedulesController.GetAll (PelindoCarLoan.API)'
2026-01-07 17:41:30.904 +07:00 [INF] Executed action PelindoCarLoan.API.Controllers.SchedulesController.GetWaitingResources (PelindoCarLoan.API) in 1.6729ms
2026-01-07 17:41:30.905 +07:00 [ERR] An unhandled exception occurred
Oracle.ManagedDataAccess.Client.OracleException (0x80004005): ORA-00904: "LR"."ID": invalid identifier
https://docs.oracle.com/error-help/db/ora-00904/
   at System.Threading.Tasks.ContinuationResultTaskFromResultTask`2.InnerInvoke()
   at System.Threading.ExecutionContext.RunInternal(ExecutionContext executionContext, ContextCallback callback, Object state)
--- End of stack trace from previous location ---
   at System.Threading.ExecutionContext.RunInternal(ExecutionContext executionContext, ContextCallback callback, Object state)
   at System.Threading.Tasks.Task.ExecuteWithThreadLocal(Task& currentTaskSlot, Thread threadPoolThread)
--- End of stack trace from previous location ---
   at Dapper.SqlMapper.MultiMapAsync[TFirst,TSecond,TThird,TFourth,TFifth,TSixth,TSeventh,TReturn](IDbConnection cnn, CommandDefinition command, Delegate map, String splitOn) in /_/Dapper/SqlMapper.Async.cs:line 940
   at PelindoCarLoan.API.Repositories.ScheduleRepository.GetAllAsync(String status) in C:\Users\abima\Desktop\Project\Pelindo\pelindo-car-loan\backend\PelindoCarLoan.API\Repositories\ScheduleRepository.cs:line 89
   at PelindoCarLoan.API.Services.SchedulingService.GetAllAsync(String status) in C:\Users\abima\Desktop\Project\Pelindo\pelindo-car-loan\backend\PelindoCarLoan.API\Services\SchedulingService.cs:line 203
   at PelindoCarLoan.API.Controllers.SchedulesController.GetAll(String status) in C:\Users\abima\Desktop\Project\Pelindo\pelindo-car-loan\backend\PelindoCarLoan.API\Controllers\SchedulesController.cs:line 35
   at Microsoft.AspNetCore.Mvc.Infrastructure.ActionMethodExecutor.TaskOfIActionResultExecutor.Execute(ActionContext actionContext, IActionResultTypeMapper mapper, ObjectMethodExecutor executor, Object controller, Object[] arguments)
   at Microsoft.AspNetCore.Mvc.Infrastructure.ControllerActionInvoker.<InvokeActionMethodAsync>g__Awaited|12_0(ControllerActionInvoker invoker, ValueTask`1 actionResultValueTask)
   at Microsoft.AspNetCore.Mvc.Infrastructure.ControllerActionInvoker.<InvokeNextActionFilterAsync>g__Awaited|10_0(ControllerActionInvoker invoker, Task lastTask, State next, Scope scope, Object state, Boolean isCompleted)
   at Microsoft.AspNetCore.Mvc.Infrastructure.ControllerActionInvoker.Rethrow(ActionExecutedContextSealed context)
   at Microsoft.AspNetCore.Mvc.Infrastructure.ControllerActionInvoker.Next(State& next, Scope& scope, Object& state, Boolean& isCompleted)
   at Microsoft.AspNetCore.Mvc.Infrastructure.ControllerActionInvoker.<InvokeInnerFilterAsync>g__Awaited|13_0(ControllerActionInvoker invoker, Task lastTask, State next, Scope scope, Object state, Boolean isCompleted)
   at Microsoft.AspNetCore.Mvc.Infrastructure.ResourceInvoker.<InvokeFilterPipelineAsync>g__Awaited|20_0(ResourceInvoker invoker, Task lastTask, State next, Scope scope, Object state, Boolean isCompleted)
   at Microsoft.AspNetCore.Mvc.Infrastructure.ResourceInvoker.<InvokeAsync>g__Logged|17_1(ResourceInvoker invoker)
   at Microsoft.AspNetCore.Mvc.Infrastructure.ResourceInvoker.<InvokeAsync>g__Logged|17_1(ResourceInvoker invoker)
   at Microsoft.AspNetCore.Routing.EndpointMiddleware.<Invoke>g__AwaitRequestTask|7_0(Endpoint endpoint, Task requestTask, ILogger logger)
   at Microsoft.AspNetCore.Authorization.AuthorizationMiddleware.Invoke(HttpContext context)
   at Microsoft.AspNetCore.Authentication.AuthenticationMiddleware.Invoke(HttpContext context)
   at PelindoCarLoan.API.Middleware.ExceptionMiddleware.InvokeAsync(HttpContext context) in C:\Users\abima\Desktop\Project\Pelindo\pelindo-car-loan\backend\PelindoCarLoan.API\Middleware\ExceptionMiddleware.cs:line 22
2026-01-07 17:41:30.906 +07:00 [INF] Executed endpoint 'PelindoCarLoan.API.Controllers.SchedulesController.GetWaitingResources (PelindoCarLoan.API)'
2026-01-07 17:41:30.912 +07:00 [INF] Request finished HTTP/1.1 GET http://localhost:5000/api/schedules - 500 null application/json 22.1095ms
2026-01-07 17:41:30.912 +07:00 [ERR] An unhandled exception occurred
Oracle.ManagedDataAccess.Client.OracleException (0x80004005): ORA-00904: "U"."ID": invalid identifier
https://docs.oracle.com/error-help/db/ora-00904/
   at System.Threading.Tasks.ContinuationResultTaskFromResultTask`2.InnerInvoke()
   at System.Threading.ExecutionContext.RunInternal(ExecutionContext executionContext, ContextCallback callback, Object state)
--- End of stack trace from previous location ---
   at System.Threading.ExecutionContext.RunInternal(ExecutionContext executionContext, ContextCallback callback, Object state)
   at System.Threading.Tasks.Task.ExecuteWithThreadLocal(Task& currentTaskSlot, Thread threadPoolThread)
--- End of stack trace from previous location ---
   at Dapper.SqlMapper.MultiMapAsync[TFirst,TSecond,TThird,TFourth,TFifth,TSixth,TSeventh,TReturn](IDbConnection cnn, CommandDefinition command, Delegate map, String splitOn) in /_/Dapper/SqlMapper.Async.cs:line 940
   at PelindoCarLoan.API.Repositories.LoanRequestRepository.GetAllAsync(Nullable`1 userId, String status) in C:\Users\abima\Desktop\Project\Pelindo\pelindo-car-loan\backend\PelindoCarLoan.API\Repositories\LoanRequestRepository.cs:line 95
   at PelindoCarLoan.API.Repositories.LoanRequestRepository.GetByStatusAsync(String status) in C:\Users\abima\Desktop\Project\Pelindo\pelindo-car-loan\backend\PelindoCarLoan.API\Repositories\LoanRequestRepository.cs:line 141
   at PelindoCarLoan.API.Services.SchedulingService.GetWaitingResourceRequestsAsync() in C:\Users\abima\Desktop\Project\Pelindo\pelindo-car-loan\backend\PelindoCarLoan.API\Services\SchedulingService.cs:line 256
   at PelindoCarLoan.API.Controllers.SchedulesController.GetWaitingResources() in C:\Users\abima\Desktop\Project\Pelindo\pelindo-car-loan\backend\PelindoCarLoan.API\Controllers\SchedulesController.cs:line 152
   at Microsoft.AspNetCore.Mvc.Infrastructure.ActionMethodExecutor.TaskOfIActionResultExecutor.Execute(ActionContext actionContext, IActionResultTypeMapper mapper, ObjectMethodExecutor executor, Object controller, Object[] arguments)
   at Microsoft.AspNetCore.Mvc.Infrastructure.ControllerActionInvoker.<InvokeActionMethodAsync>g__Awaited|12_0(ControllerActionInvoker invoker, ValueTask`1 actionResultValueTask)
   at Microsoft.AspNetCore.Mvc.Infrastructure.ControllerActionInvoker.<InvokeNextActionFilterAsync>g__Awaited|10_0(ControllerActionInvoker invoker, Task lastTask, State next, Scope scope, Object state, Boolean isCompleted)
   at Microsoft.AspNetCore.Mvc.Infrastructure.ControllerActionInvoker.Rethrow(ActionExecutedContextSealed context)
   at Microsoft.AspNetCore.Mvc.Infrastructure.ControllerActionInvoker.Next(State& next, Scope& scope, Object& state, Boolean& isCompleted)
   at Microsoft.AspNetCore.Mvc.Infrastructure.ControllerActionInvoker.<InvokeInnerFilterAsync>g__Awaited|13_0(ControllerActionInvoker invoker, Task lastTask, State next, Scope scope, Object state, Boolean isCompleted)
   at Microsoft.AspNetCore.Mvc.Infrastructure.ResourceInvoker.<InvokeFilterPipelineAsync>g__Awaited|20_0(ResourceInvoker invoker, Task lastTask, State next, Scope scope, Object state, Boolean isCompleted)
   at Microsoft.AspNetCore.Mvc.Infrastructure.ResourceInvoker.<InvokeAsync>g__Logged|17_1(ResourceInvoker invoker)
   at Microsoft.AspNetCore.Mvc.Infrastructure.ResourceInvoker.<InvokeAsync>g__Logged|17_1(ResourceInvoker invoker)
   at Microsoft.AspNetCore.Routing.EndpointMiddleware.<Invoke>g__AwaitRequestTask|7_0(Endpoint endpoint, Task requestTask, ILogger logger)
   at Microsoft.AspNetCore.Authorization.AuthorizationMiddleware.Invoke(HttpContext context)
   at Microsoft.AspNetCore.Authentication.AuthenticationMiddleware.Invoke(HttpContext context)
   at PelindoCarLoan.API.Middleware.ExceptionMiddleware.InvokeAsync(HttpContext context) in C:\Users\abima\Desktop\Project\Pelindo\pelindo-car-loan\backend\PelindoCarLoan.API\Middleware\ExceptionMiddleware.cs:line 22
2026-01-07 17:41:30.920 +07:00 [INF] Request finished HTTP/1.1 GET http://localhost:5000/api/schedules/waiting-resources - 500 null application/json 27.8214ms
2026-01-07 17:41:33.402 +07:00 [INF] Request starting HTTP/1.1 GET http://localhost:5000/api/schedules - null null
2026-01-07 17:41:33.403 +07:00 [INF] Request starting HTTP/1.1 GET http://localhost:5000/api/schedules/waiting-resources - null null
2026-01-07 17:41:33.406 +07:00 [INF] CORS policy execution successful.
2026-01-07 17:41:33.408 +07:00 [INF] CORS policy execution successful.
2026-01-07 17:41:33.408 +07:00 [INF] Executing endpoint 'PelindoCarLoan.API.Controllers.SchedulesController.GetAll (PelindoCarLoan.API)'
2026-01-07 17:41:33.409 +07:00 [INF] Executing endpoint 'PelindoCarLoan.API.Controllers.SchedulesController.GetWaitingResources (PelindoCarLoan.API)'
2026-01-07 17:41:33.410 +07:00 [INF] Route matched with {action = "GetAll", controller = "Schedules"}. Executing controller action with signature System.Threading.Tasks.Task`1[Microsoft.AspNetCore.Mvc.IActionResult] GetAll(System.String) on controller PelindoCarLoan.API.Controllers.SchedulesController (PelindoCarLoan.API).
2026-01-07 17:41:33.411 +07:00 [INF] Route matched with {action = "GetWaitingResources", controller = "Schedules"}. Executing controller action with signature System.Threading.Tasks.Task`1[Microsoft.AspNetCore.Mvc.IActionResult] GetWaitingResources() on controller PelindoCarLoan.API.Controllers.SchedulesController (PelindoCarLoan.API).
2026-01-07 17:41:33.415 +07:00 [INF] Executed action PelindoCarLoan.API.Controllers.SchedulesController.GetAll (PelindoCarLoan.API) in 2.6481ms
2026-01-07 17:41:33.416 +07:00 [INF] Executed action PelindoCarLoan.API.Controllers.SchedulesController.GetWaitingResources (PelindoCarLoan.API) in 1.7897ms
2026-01-07 17:41:33.417 +07:00 [INF] Executed endpoint 'PelindoCarLoan.API.Controllers.SchedulesController.GetAll (PelindoCarLoan.API)'
2026-01-07 17:41:33.418 +07:00 [INF] Executed endpoint 'PelindoCarLoan.API.Controllers.SchedulesController.GetWaitingResources (PelindoCarLoan.API)'
2026-01-07 17:41:33.420 +07:00 [ERR] An unhandled exception occurred
Oracle.ManagedDataAccess.Client.OracleException (0x80004005): ORA-00904: "LR"."ID": invalid identifier
https://docs.oracle.com/error-help/db/ora-00904/
   at System.Threading.Tasks.ContinuationResultTaskFromResultTask`2.InnerInvoke()
   at System.Threading.ExecutionContext.RunInternal(ExecutionContext executionContext, ContextCallback callback, Object state)
--- End of stack trace from previous location ---
   at System.Threading.ExecutionContext.RunInternal(ExecutionContext executionContext, ContextCallback callback, Object state)
   at System.Threading.Tasks.Task.ExecuteWithThreadLocal(Task& currentTaskSlot, Thread threadPoolThread)
--- End of stack trace from previous location ---
   at Dapper.SqlMapper.MultiMapAsync[TFirst,TSecond,TThird,TFourth,TFifth,TSixth,TSeventh,TReturn](IDbConnection cnn, CommandDefinition command, Delegate map, String splitOn) in /_/Dapper/SqlMapper.Async.cs:line 940
   at PelindoCarLoan.API.Repositories.ScheduleRepository.GetAllAsync(String status) in C:\Users\abima\Desktop\Project\Pelindo\pelindo-car-loan\backend\PelindoCarLoan.API\Repositories\ScheduleRepository.cs:line 89
   at PelindoCarLoan.API.Services.SchedulingService.GetAllAsync(String status) in C:\Users\abima\Desktop\Project\Pelindo\pelindo-car-loan\backend\PelindoCarLoan.API\Services\SchedulingService.cs:line 203
   at PelindoCarLoan.API.Controllers.SchedulesController.GetAll(String status) in C:\Users\abima\Desktop\Project\Pelindo\pelindo-car-loan\backend\PelindoCarLoan.API\Controllers\SchedulesController.cs:line 35
   at Microsoft.AspNetCore.Mvc.Infrastructure.ActionMethodExecutor.TaskOfIActionResultExecutor.Execute(ActionContext actionContext, IActionResultTypeMapper mapper, ObjectMethodExecutor executor, Object controller, Object[] arguments)
   at Microsoft.AspNetCore.Mvc.Infrastructure.ControllerActionInvoker.<InvokeActionMethodAsync>g__Awaited|12_0(ControllerActionInvoker invoker, ValueTask`1 actionResultValueTask)
   at Microsoft.AspNetCore.Mvc.Infrastructure.ControllerActionInvoker.<InvokeNextActionFilterAsync>g__Awaited|10_0(ControllerActionInvoker invoker, Task lastTask, State next, Scope scope, Object state, Boolean isCompleted)
   at Microsoft.AspNetCore.Mvc.Infrastructure.ControllerActionInvoker.Rethrow(ActionExecutedContextSealed context)
   at Microsoft.AspNetCore.Mvc.Infrastructure.ControllerActionInvoker.Next(State& next, Scope& scope, Object& state, Boolean& isCompleted)
   at Microsoft.AspNetCore.Mvc.Infrastructure.ControllerActionInvoker.<InvokeInnerFilterAsync>g__Awaited|13_0(ControllerActionInvoker invoker, Task lastTask, State next, Scope scope, Object state, Boolean isCompleted)
   at Microsoft.AspNetCore.Mvc.Infrastructure.ResourceInvoker.<InvokeFilterPipelineAsync>g__Awaited|20_0(ResourceInvoker invoker, Task lastTask, State next, Scope scope, Object state, Boolean isCompleted)
   at Microsoft.AspNetCore.Mvc.Infrastructure.ResourceInvoker.<InvokeAsync>g__Logged|17_1(ResourceInvoker invoker)
   at Microsoft.AspNetCore.Mvc.Infrastructure.ResourceInvoker.<InvokeAsync>g__Logged|17_1(ResourceInvoker invoker)
   at Microsoft.AspNetCore.Routing.EndpointMiddleware.<Invoke>g__AwaitRequestTask|7_0(Endpoint endpoint, Task requestTask, ILogger logger)
   at Microsoft.AspNetCore.Authorization.AuthorizationMiddleware.Invoke(HttpContext context)
   at Microsoft.AspNetCore.Authentication.AuthenticationMiddleware.Invoke(HttpContext context)
   at PelindoCarLoan.API.Middleware.ExceptionMiddleware.InvokeAsync(HttpContext context) in C:\Users\abima\Desktop\Project\Pelindo\pelindo-car-loan\backend\PelindoCarLoan.API\Middleware\ExceptionMiddleware.cs:line 22
2026-01-07 17:41:33.421 +07:00 [ERR] An unhandled exception occurred
Oracle.ManagedDataAccess.Client.OracleException (0x80004005): ORA-00904: "U"."ID": invalid identifier
https://docs.oracle.com/error-help/db/ora-00904/
   at System.Threading.Tasks.ContinuationResultTaskFromResultTask`2.InnerInvoke()
   at System.Threading.ExecutionContext.RunInternal(ExecutionContext executionContext, ContextCallback callback, Object state)
--- End of stack trace from previous location ---
   at System.Threading.ExecutionContext.RunInternal(ExecutionContext executionContext, ContextCallback callback, Object state)
   at System.Threading.Tasks.Task.ExecuteWithThreadLocal(Task& currentTaskSlot, Thread threadPoolThread)
--- End of stack trace from previous location ---
   at Dapper.SqlMapper.MultiMapAsync[TFirst,TSecond,TThird,TFourth,TFifth,TSixth,TSeventh,TReturn](IDbConnection cnn, CommandDefinition command, Delegate map, String splitOn) in /_/Dapper/SqlMapper.Async.cs:line 940
   at PelindoCarLoan.API.Repositories.LoanRequestRepository.GetAllAsync(Nullable`1 userId, String status) in C:\Users\abima\Desktop\Project\Pelindo\pelindo-car-loan\backend\PelindoCarLoan.API\Repositories\LoanRequestRepository.cs:line 95
   at PelindoCarLoan.API.Repositories.LoanRequestRepository.GetByStatusAsync(String status) in C:\Users\abima\Desktop\Project\Pelindo\pelindo-car-loan\backend\PelindoCarLoan.API\Repositories\LoanRequestRepository.cs:line 141
   at PelindoCarLoan.API.Services.SchedulingService.GetWaitingResourceRequestsAsync() in C:\Users\abima\Desktop\Project\Pelindo\pelindo-car-loan\backend\PelindoCarLoan.API\Services\SchedulingService.cs:line 256
   at PelindoCarLoan.API.Controllers.SchedulesController.GetWaitingResources() in C:\Users\abima\Desktop\Project\Pelindo\pelindo-car-loan\backend\PelindoCarLoan.API\Controllers\SchedulesController.cs:line 152
   at Microsoft.AspNetCore.Mvc.Infrastructure.ActionMethodExecutor.TaskOfIActionResultExecutor.Execute(ActionContext actionContext, IActionResultTypeMapper mapper, ObjectMethodExecutor executor, Object controller, Object[] arguments)
   at Microsoft.AspNetCore.Mvc.Infrastructure.ControllerActionInvoker.<InvokeActionMethodAsync>g__Awaited|12_0(ControllerActionInvoker invoker, ValueTask`1 actionResultValueTask)
   at Microsoft.AspNetCore.Mvc.Infrastructure.ControllerActionInvoker.<InvokeNextActionFilterAsync>g__Awaited|10_0(ControllerActionInvoker invoker, Task lastTask, State next, Scope scope, Object state, Boolean isCompleted)
   at Microsoft.AspNetCore.Mvc.Infrastructure.ControllerActionInvoker.Rethrow(ActionExecutedContextSealed context)
   at Microsoft.AspNetCore.Mvc.Infrastructure.ControllerActionInvoker.Next(State& next, Scope& scope, Object& state, Boolean& isCompleted)
   at Microsoft.AspNetCore.Mvc.Infrastructure.ControllerActionInvoker.<InvokeInnerFilterAsync>g__Awaited|13_0(ControllerActionInvoker invoker, Task lastTask, State next, Scope scope, Object state, Boolean isCompleted)
   at Microsoft.AspNetCore.Mvc.Infrastructure.ResourceInvoker.<InvokeFilterPipelineAsync>g__Awaited|20_0(ResourceInvoker invoker, Task lastTask, State next, Scope scope, Object state, Boolean isCompleted)
   at Microsoft.AspNetCore.Mvc.Infrastructure.ResourceInvoker.<InvokeAsync>g__Logged|17_1(ResourceInvoker invoker)
   at Microsoft.AspNetCore.Mvc.Infrastructure.ResourceInvoker.<InvokeAsync>g__Logged|17_1(ResourceInvoker invoker)
   at Microsoft.AspNetCore.Routing.EndpointMiddleware.<Invoke>g__AwaitRequestTask|7_0(Endpoint endpoint, Task requestTask, ILogger logger)
   at Microsoft.AspNetCore.Authorization.AuthorizationMiddleware.Invoke(HttpContext context)
   at Microsoft.AspNetCore.Authentication.AuthenticationMiddleware.Invoke(HttpContext context)
   at PelindoCarLoan.API.Middleware.ExceptionMiddleware.InvokeAsync(HttpContext context) in C:\Users\abima\Desktop\Project\Pelindo\pelindo-car-loan\backend\PelindoCarLoan.API\Middleware\ExceptionMiddleware.cs:line 22
2026-01-07 17:41:33.428 +07:00 [INF] Request finished HTTP/1.1 GET http://localhost:5000/api/schedules - 500 null application/json 25.2139ms
2026-01-07 17:41:33.433 +07:00 [INF] Request finished HTTP/1.1 GET http://localhost:5000/api/schedules/waiting-resources - 500 null application/json 30.5928ms
2026-01-07 17:41:34.435 +07:00 [INF] Request starting HTTP/1.1 GET http://localhost:5000/api/schedules - null null
2026-01-07 17:41:34.437 +07:00 [INF] CORS policy execution successful.
2026-01-07 17:41:34.438 +07:00 [INF] Executing endpoint 'PelindoCarLoan.API.Controllers.SchedulesController.GetAll (PelindoCarLoan.API)'
2026-01-07 17:41:34.439 +07:00 [INF] Route matched with {action = "GetAll", controller = "Schedules"}. Executing controller action with signature System.Threading.Tasks.Task`1[Microsoft.AspNetCore.Mvc.IActionResult] GetAll(System.String) on controller PelindoCarLoan.API.Controllers.SchedulesController (PelindoCarLoan.API).
2026-01-07 17:41:34.441 +07:00 [INF] Request starting HTTP/1.1 GET http://localhost:5000/api/schedules/waiting-resources - null null
2026-01-07 17:41:34.443 +07:00 [INF] Executed action PelindoCarLoan.API.Controllers.SchedulesController.GetAll (PelindoCarLoan.API) in 1.809ms
2026-01-07 17:41:34.444 +07:00 [INF] CORS policy execution successful.
2026-01-07 17:41:34.445 +07:00 [INF] Executed endpoint 'PelindoCarLoan.API.Controllers.SchedulesController.GetAll (PelindoCarLoan.API)'
2026-01-07 17:41:34.445 +07:00 [INF] Executing endpoint 'PelindoCarLoan.API.Controllers.SchedulesController.GetWaitingResources (PelindoCarLoan.API)'
2026-01-07 17:41:34.446 +07:00 [ERR] An unhandled exception occurred
Oracle.ManagedDataAccess.Client.OracleException (0x80004005): ORA-00904: "LR"."ID": invalid identifier
https://docs.oracle.com/error-help/db/ora-00904/
   at System.Threading.Tasks.ContinuationResultTaskFromResultTask`2.InnerInvoke()
   at System.Threading.ExecutionContext.RunInternal(ExecutionContext executionContext, ContextCallback callback, Object state)
--- End of stack trace from previous location ---
   at System.Threading.ExecutionContext.RunInternal(ExecutionContext executionContext, ContextCallback callback, Object state)
   at System.Threading.Tasks.Task.ExecuteWithThreadLocal(Task& currentTaskSlot, Thread threadPoolThread)
--- End of stack trace from previous location ---
   at Dapper.SqlMapper.MultiMapAsync[TFirst,TSecond,TThird,TFourth,TFifth,TSixth,TSeventh,TReturn](IDbConnection cnn, CommandDefinition command, Delegate map, String splitOn) in /_/Dapper/SqlMapper.Async.cs:line 940
   at PelindoCarLoan.API.Repositories.ScheduleRepository.GetAllAsync(String status) in C:\Users\abima\Desktop\Project\Pelindo\pelindo-car-loan\backend\PelindoCarLoan.API\Repositories\ScheduleRepository.cs:line 89
   at PelindoCarLoan.API.Services.SchedulingService.GetAllAsync(String status) in C:\Users\abima\Desktop\Project\Pelindo\pelindo-car-loan\backend\PelindoCarLoan.API\Services\SchedulingService.cs:line 203
   at PelindoCarLoan.API.Controllers.SchedulesController.GetAll(String status) in C:\Users\abima\Desktop\Project\Pelindo\pelindo-car-loan\backend\PelindoCarLoan.API\Controllers\SchedulesController.cs:line 35
   at Microsoft.AspNetCore.Mvc.Infrastructure.ActionMethodExecutor.TaskOfIActionResultExecutor.Execute(ActionContext actionContext, IActionResultTypeMapper mapper, ObjectMethodExecutor executor, Object controller, Object[] arguments)
   at Microsoft.AspNetCore.Mvc.Infrastructure.ControllerActionInvoker.<InvokeActionMethodAsync>g__Awaited|12_0(ControllerActionInvoker invoker, ValueTask`1 actionResultValueTask)
   at Microsoft.AspNetCore.Mvc.Infrastructure.ControllerActionInvoker.<InvokeNextActionFilterAsync>g__Awaited|10_0(ControllerActionInvoker invoker, Task lastTask, State next, Scope scope, Object state, Boolean isCompleted)
   at Microsoft.AspNetCore.Mvc.Infrastructure.ControllerActionInvoker.Rethrow(ActionExecutedContextSealed context)
   at Microsoft.AspNetCore.Mvc.Infrastructure.ControllerActionInvoker.Next(State& next, Scope& scope, Object& state, Boolean& isCompleted)
   at Microsoft.AspNetCore.Mvc.Infrastructure.ControllerActionInvoker.<InvokeInnerFilterAsync>g__Awaited|13_0(ControllerActionInvoker invoker, Task lastTask, State next, Scope scope, Object state, Boolean isCompleted)
   at Microsoft.AspNetCore.Mvc.Infrastructure.ResourceInvoker.<InvokeFilterPipelineAsync>g__Awaited|20_0(ResourceInvoker invoker, Task lastTask, State next, Scope scope, Object state, Boolean isCompleted)
   at Microsoft.AspNetCore.Mvc.Infrastructure.ResourceInvoker.<InvokeAsync>g__Logged|17_1(ResourceInvoker invoker)
   at Microsoft.AspNetCore.Mvc.Infrastructure.ResourceInvoker.<InvokeAsync>g__Logged|17_1(ResourceInvoker invoker)
   at Microsoft.AspNetCore.Routing.EndpointMiddleware.<Invoke>g__AwaitRequestTask|7_0(Endpoint endpoint, Task requestTask, ILogger logger)
   at Microsoft.AspNetCore.Authorization.AuthorizationMiddleware.Invoke(HttpContext context)
   at Microsoft.AspNetCore.Authentication.AuthenticationMiddleware.Invoke(HttpContext context)
   at PelindoCarLoan.API.Middleware.ExceptionMiddleware.InvokeAsync(HttpContext context) in C:\Users\abima\Desktop\Project\Pelindo\pelindo-car-loan\backend\PelindoCarLoan.API\Middleware\ExceptionMiddleware.cs:line 22
2026-01-07 17:41:34.447 +07:00 [INF] Route matched with {action = "GetWaitingResources", controller = "Schedules"}. Executing controller action with signature System.Threading.Tasks.Task`1[Microsoft.AspNetCore.Mvc.IActionResult] GetWaitingResources() on controller PelindoCarLoan.API.Controllers.SchedulesController (PelindoCarLoan.API).
2026-01-07 17:41:34.454 +07:00 [INF] Request finished HTTP/1.1 GET http://localhost:5000/api/schedules - 500 null application/json 18.8364ms
2026-01-07 17:41:34.457 +07:00 [INF] Executed action PelindoCarLoan.API.Controllers.SchedulesController.GetWaitingResources (PelindoCarLoan.API) in 3.1618ms
2026-01-07 17:41:34.458 +07:00 [INF] Executed endpoint 'PelindoCarLoan.API.Controllers.SchedulesController.GetWaitingResources (PelindoCarLoan.API)'
2026-01-07 17:41:34.460 +07:00 [ERR] An unhandled exception occurred
Oracle.ManagedDataAccess.Client.OracleException (0x80004005): ORA-00904: "U"."ID": invalid identifier
https://docs.oracle.com/error-help/db/ora-00904/
   at System.Threading.Tasks.ContinuationResultTaskFromResultTask`2.InnerInvoke()
   at System.Threading.ExecutionContext.RunInternal(ExecutionContext executionContext, ContextCallback callback, Object state)
--- End of stack trace from previous location ---
   at System.Threading.ExecutionContext.RunInternal(ExecutionContext executionContext, ContextCallback callback, Object state)
   at System.Threading.Tasks.Task.ExecuteWithThreadLocal(Task& currentTaskSlot, Thread threadPoolThread)
--- End of stack trace from previous location ---
   at Dapper.SqlMapper.MultiMapAsync[TFirst,TSecond,TThird,TFourth,TFifth,TSixth,TSeventh,TReturn](IDbConnection cnn, CommandDefinition command, Delegate map, String splitOn) in /_/Dapper/SqlMapper.Async.cs:line 940
   at PelindoCarLoan.API.Repositories.LoanRequestRepository.GetAllAsync(Nullable`1 userId, String status) in C:\Users\abima\Desktop\Project\Pelindo\pelindo-car-loan\backend\PelindoCarLoan.API\Repositories\LoanRequestRepository.cs:line 95
   at PelindoCarLoan.API.Repositories.LoanRequestRepository.GetByStatusAsync(String status) in C:\Users\abima\Desktop\Project\Pelindo\pelindo-car-loan\backend\PelindoCarLoan.API\Repositories\LoanRequestRepository.cs:line 141
   at PelindoCarLoan.API.Services.SchedulingService.GetWaitingResourceRequestsAsync() in C:\Users\abima\Desktop\Project\Pelindo\pelindo-car-loan\backend\PelindoCarLoan.API\Services\SchedulingService.cs:line 256
   at PelindoCarLoan.API.Controllers.SchedulesController.GetWaitingResources() in C:\Users\abima\Desktop\Project\Pelindo\pelindo-car-loan\backend\PelindoCarLoan.API\Controllers\SchedulesController.cs:line 152
   at Microsoft.AspNetCore.Mvc.Infrastructure.ActionMethodExecutor.TaskOfIActionResultExecutor.Execute(ActionContext actionContext, IActionResultTypeMapper mapper, ObjectMethodExecutor executor, Object controller, Object[] arguments)
   at Microsoft.AspNetCore.Mvc.Infrastructure.ControllerActionInvoker.<InvokeActionMethodAsync>g__Awaited|12_0(ControllerActionInvoker invoker, ValueTask`1 actionResultValueTask)
   at Microsoft.AspNetCore.Mvc.Infrastructure.ControllerActionInvoker.<InvokeNextActionFilterAsync>g__Awaited|10_0(ControllerActionInvoker invoker, Task lastTask, State next, Scope scope, Object state, Boolean isCompleted)
   at Microsoft.AspNetCore.Mvc.Infrastructure.ControllerActionInvoker.Rethrow(ActionExecutedContextSealed context)
   at Microsoft.AspNetCore.Mvc.Infrastructure.ControllerActionInvoker.Next(State& next, Scope& scope, Object& state, Boolean& isCompleted)
   at Microsoft.AspNetCore.Mvc.Infrastructure.ControllerActionInvoker.<InvokeInnerFilterAsync>g__Awaited|13_0(ControllerActionInvoker invoker, Task lastTask, State next, Scope scope, Object state, Boolean isCompleted)
   at Microsoft.AspNetCore.Mvc.Infrastructure.ResourceInvoker.<InvokeFilterPipelineAsync>g__Awaited|20_0(ResourceInvoker invoker, Task lastTask, State next, Scope scope, Object state, Boolean isCompleted)
   at Microsoft.AspNetCore.Mvc.Infrastructure.ResourceInvoker.<InvokeAsync>g__Logged|17_1(ResourceInvoker invoker)
   at Microsoft.AspNetCore.Mvc.Infrastructure.ResourceInvoker.<InvokeAsync>g__Logged|17_1(ResourceInvoker invoker)
   at Microsoft.AspNetCore.Routing.EndpointMiddleware.<Invoke>g__AwaitRequestTask|7_0(Endpoint endpoint, Task requestTask, ILogger logger)
   at Microsoft.AspNetCore.Authorization.AuthorizationMiddleware.Invoke(HttpContext context)
   at Microsoft.AspNetCore.Authentication.AuthenticationMiddleware.Invoke(HttpContext context)
   at PelindoCarLoan.API.Middleware.ExceptionMiddleware.InvokeAsync(HttpContext context) in C:\Users\abima\Desktop\Project\Pelindo\pelindo-car-loan\backend\PelindoCarLoan.API\Middleware\ExceptionMiddleware.cs:line 22
2026-01-07 17:41:34.468 +07:00 [INF] Request finished HTTP/1.1 GET http://localhost:5000/api/schedules/waiting-resources - 500 null application/json 26.5116ms
2026-01-07 17:41:43.584 +07:00 [INF] Request starting HTTP/1.1 OPTIONS http://localhost:5000/api/dashboard - null null
2026-01-07 17:41:43.587 +07:00 [INF] CORS policy execution successful.
2026-01-07 17:41:43.588 +07:00 [INF] Request finished HTTP/1.1 OPTIONS http://localhost:5000/api/dashboard - 204 null null 4.0032ms
2026-01-07 17:41:43.592 +07:00 [INF] Request starting HTTP/1.1 GET http://localhost:5000/api/dashboard - null null
2026-01-07 17:41:43.594 +07:00 [INF] CORS policy execution successful.
2026-01-07 17:41:43.596 +07:00 [INF] Executing endpoint 'PelindoCarLoan.API.Controllers.DashboardController.GetDashboard (PelindoCarLoan.API)'
2026-01-07 17:41:43.597 +07:00 [INF] Route matched with {action = "GetDashboard", controller = "Dashboard"}. Executing controller action with signature System.Threading.Tasks.Task`1[Microsoft.AspNetCore.Mvc.IActionResult] GetDashboard() on controller PelindoCarLoan.API.Controllers.DashboardController (PelindoCarLoan.API).
2026-01-07 17:41:43.603 +07:00 [INF] Executed action PelindoCarLoan.API.Controllers.DashboardController.GetDashboard (PelindoCarLoan.API) in 4.775ms
2026-01-07 17:41:43.604 +07:00 [INF] Executed endpoint 'PelindoCarLoan.API.Controllers.DashboardController.GetDashboard (PelindoCarLoan.API)'
2026-01-07 17:41:43.605 +07:00 [ERR] An unhandled exception occurred
Oracle.ManagedDataAccess.Client.OracleException (0x80004005): ORA-00904: "U"."ID": invalid identifier
https://docs.oracle.com/error-help/db/ora-00904/
   at System.Threading.Tasks.ContinuationResultTaskFromResultTask`2.InnerInvoke()
   at System.Threading.ExecutionContext.RunInternal(ExecutionContext executionContext, ContextCallback callback, Object state)
--- End of stack trace from previous location ---
   at System.Threading.ExecutionContext.RunInternal(ExecutionContext executionContext, ContextCallback callback, Object state)
   at System.Threading.Tasks.Task.ExecuteWithThreadLocal(Task& currentTaskSlot, Thread threadPoolThread)
--- End of stack trace from previous location ---
   at Dapper.SqlMapper.MultiMapAsync[TFirst,TSecond,TThird,TFourth,TFifth,TSixth,TSeventh,TReturn](IDbConnection cnn, CommandDefinition command, Delegate map, String splitOn) in /_/Dapper/SqlMapper.Async.cs:line 940
   at PelindoCarLoan.API.Repositories.LoanRequestRepository.GetAllAsync(Nullable`1 userId, String status) in C:\Users\abima\Desktop\Project\Pelindo\pelindo-car-loan\backend\PelindoCarLoan.API\Repositories\LoanRequestRepository.cs:line 95
   at PelindoCarLoan.API.Services.DashboardService.GetDashboardAsync(Int32 userId, String role) in C:\Users\abima\Desktop\Project\Pelindo\pelindo-car-loan\backend\PelindoCarLoan.API\Services\DashboardService.cs:line 78
   at PelindoCarLoan.API.Controllers.DashboardController.GetDashboard() in C:\Users\abima\Desktop\Project\Pelindo\pelindo-car-loan\backend\PelindoCarLoan.API\Controllers\DashboardController.cs:line 33
   at Microsoft.AspNetCore.Mvc.Infrastructure.ActionMethodExecutor.TaskOfIActionResultExecutor.Execute(ActionContext actionContext, IActionResultTypeMapper mapper, ObjectMethodExecutor executor, Object controller, Object[] arguments)
   at Microsoft.AspNetCore.Mvc.Infrastructure.ControllerActionInvoker.<InvokeActionMethodAsync>g__Awaited|12_0(ControllerActionInvoker invoker, ValueTask`1 actionResultValueTask)
   at Microsoft.AspNetCore.Mvc.Infrastructure.ControllerActionInvoker.<InvokeNextActionFilterAsync>g__Awaited|10_0(ControllerActionInvoker invoker, Task lastTask, State next, Scope scope, Object state, Boolean isCompleted)
   at Microsoft.AspNetCore.Mvc.Infrastructure.ControllerActionInvoker.Rethrow(ActionExecutedContextSealed context)
   at Microsoft.AspNetCore.Mvc.Infrastructure.ControllerActionInvoker.Next(State& next, Scope& scope, Object& state, Boolean& isCompleted)
   at Microsoft.AspNetCore.Mvc.Infrastructure.ControllerActionInvoker.<InvokeInnerFilterAsync>g__Awaited|13_0(ControllerActionInvoker invoker, Task lastTask, State next, Scope scope, Object state, Boolean isCompleted)
   at Microsoft.AspNetCore.Mvc.Infrastructure.ResourceInvoker.<InvokeFilterPipelineAsync>g__Awaited|20_0(ResourceInvoker invoker, Task lastTask, State next, Scope scope, Object state, Boolean isCompleted)
   at Microsoft.AspNetCore.Mvc.Infrastructure.ResourceInvoker.<InvokeAsync>g__Logged|17_1(ResourceInvoker invoker)
   at Microsoft.AspNetCore.Mvc.Infrastructure.ResourceInvoker.<InvokeAsync>g__Logged|17_1(ResourceInvoker invoker)
   at Microsoft.AspNetCore.Routing.EndpointMiddleware.<Invoke>g__AwaitRequestTask|7_0(Endpoint endpoint, Task requestTask, ILogger logger)
   at Microsoft.AspNetCore.Authorization.AuthorizationMiddleware.Invoke(HttpContext context)
   at Microsoft.AspNetCore.Authentication.AuthenticationMiddleware.Invoke(HttpContext context)
   at PelindoCarLoan.API.Middleware.ExceptionMiddleware.InvokeAsync(HttpContext context) in C:\Users\abima\Desktop\Project\Pelindo\pelindo-car-loan\backend\PelindoCarLoan.API\Middleware\ExceptionMiddleware.cs:line 22
2026-01-07 17:41:43.612 +07:00 [INF] Request finished HTTP/1.1 GET http://localhost:5000/api/dashboard - 500 null application/json 20.307ms
2026-01-07 17:41:44.622 +07:00 [INF] Request starting HTTP/1.1 GET http://localhost:5000/api/dashboard - null null
2026-01-07 17:41:44.624 +07:00 [INF] CORS policy execution successful.
2026-01-07 17:41:44.625 +07:00 [INF] Executing endpoint 'PelindoCarLoan.API.Controllers.DashboardController.GetDashboard (PelindoCarLoan.API)'
2026-01-07 17:41:44.626 +07:00 [INF] Route matched with {action = "GetDashboard", controller = "Dashboard"}. Executing controller action with signature System.Threading.Tasks.Task`1[Microsoft.AspNetCore.Mvc.IActionResult] GetDashboard() on controller PelindoCarLoan.API.Controllers.DashboardController (PelindoCarLoan.API).
2026-01-07 17:41:44.632 +07:00 [INF] Executed action PelindoCarLoan.API.Controllers.DashboardController.GetDashboard (PelindoCarLoan.API) in 3.9025ms
2026-01-07 17:41:44.633 +07:00 [INF] Executed endpoint 'PelindoCarLoan.API.Controllers.DashboardController.GetDashboard (PelindoCarLoan.API)'
2026-01-07 17:41:44.634 +07:00 [ERR] An unhandled exception occurred
Oracle.ManagedDataAccess.Client.OracleException (0x80004005): ORA-00904: "U"."ID": invalid identifier
https://docs.oracle.com/error-help/db/ora-00904/
   at System.Threading.Tasks.ContinuationResultTaskFromResultTask`2.InnerInvoke()
   at System.Threading.ExecutionContext.RunInternal(ExecutionContext executionContext, ContextCallback callback, Object state)
--- End of stack trace from previous location ---
   at System.Threading.ExecutionContext.RunInternal(ExecutionContext executionContext, ContextCallback callback, Object state)
   at System.Threading.Tasks.Task.ExecuteWithThreadLocal(Task& currentTaskSlot, Thread threadPoolThread)
--- End of stack trace from previous location ---
   at Dapper.SqlMapper.MultiMapAsync[TFirst,TSecond,TThird,TFourth,TFifth,TSixth,TSeventh,TReturn](IDbConnection cnn, CommandDefinition command, Delegate map, String splitOn) in /_/Dapper/SqlMapper.Async.cs:line 940
   at PelindoCarLoan.API.Repositories.LoanRequestRepository.GetAllAsync(Nullable`1 userId, String status) in C:\Users\abima\Desktop\Project\Pelindo\pelindo-car-loan\backend\PelindoCarLoan.API\Repositories\LoanRequestRepository.cs:line 95
   at PelindoCarLoan.API.Services.DashboardService.GetDashboardAsync(Int32 userId, String role) in C:\Users\abima\Desktop\Project\Pelindo\pelindo-car-loan\backend\PelindoCarLoan.API\Services\DashboardService.cs:line 78
   at PelindoCarLoan.API.Controllers.DashboardController.GetDashboard() in C:\Users\abima\Desktop\Project\Pelindo\pelindo-car-loan\backend\PelindoCarLoan.API\Controllers\DashboardController.cs:line 33
   at Microsoft.AspNetCore.Mvc.Infrastructure.ActionMethodExecutor.TaskOfIActionResultExecutor.Execute(ActionContext actionContext, IActionResultTypeMapper mapper, ObjectMethodExecutor executor, Object controller, Object[] arguments)
   at Microsoft.AspNetCore.Mvc.Infrastructure.ControllerActionInvoker.<InvokeActionMethodAsync>g__Awaited|12_0(ControllerActionInvoker invoker, ValueTask`1 actionResultValueTask)
   at Microsoft.AspNetCore.Mvc.Infrastructure.ControllerActionInvoker.<InvokeNextActionFilterAsync>g__Awaited|10_0(ControllerActionInvoker invoker, Task lastTask, State next, Scope scope, Object state, Boolean isCompleted)
   at Microsoft.AspNetCore.Mvc.Infrastructure.ControllerActionInvoker.Rethrow(ActionExecutedContextSealed context)
   at Microsoft.AspNetCore.Mvc.Infrastructure.ControllerActionInvoker.Next(State& next, Scope& scope, Object& state, Boolean& isCompleted)
   at Microsoft.AspNetCore.Mvc.Infrastructure.ControllerActionInvoker.<InvokeInnerFilterAsync>g__Awaited|13_0(ControllerActionInvoker invoker, Task lastTask, State next, Scope scope, Object state, Boolean isCompleted)
   at Microsoft.AspNetCore.Mvc.Infrastructure.ResourceInvoker.<InvokeFilterPipelineAsync>g__Awaited|20_0(ResourceInvoker invoker, Task lastTask, State next, Scope scope, Object state, Boolean isCompleted)
   at Microsoft.AspNetCore.Mvc.Infrastructure.ResourceInvoker.<InvokeAsync>g__Logged|17_1(ResourceInvoker invoker)
   at Microsoft.AspNetCore.Mvc.Infrastructure.ResourceInvoker.<InvokeAsync>g__Logged|17_1(ResourceInvoker invoker)
   at Microsoft.AspNetCore.Routing.EndpointMiddleware.<Invoke>g__AwaitRequestTask|7_0(Endpoint endpoint, Task requestTask, ILogger logger)
   at Microsoft.AspNetCore.Authorization.AuthorizationMiddleware.Invoke(HttpContext context)
   at Microsoft.AspNetCore.Authentication.AuthenticationMiddleware.Invoke(HttpContext context)
   at PelindoCarLoan.API.Middleware.ExceptionMiddleware.InvokeAsync(HttpContext context) in C:\Users\abima\Desktop\Project\Pelindo\pelindo-car-loan\backend\PelindoCarLoan.API\Middleware\ExceptionMiddleware.cs:line 22
2026-01-07 17:41:44.640 +07:00 [INF] Request finished HTTP/1.1 GET http://localhost:5000/api/dashboard - 500 null application/json 18.3379ms
2026-01-07 17:41:52.858 +07:00 [INF] Request starting HTTP/1.1 OPTIONS http://localhost:5000/api/schedules - null null
2026-01-07 17:41:52.858 +07:00 [INF] Request starting HTTP/1.1 OPTIONS http://localhost:5000/api/schedules/waiting-resources - null null
2026-01-07 17:41:52.861 +07:00 [INF] CORS policy execution successful.
2026-01-07 17:41:52.864 +07:00 [INF] CORS policy execution successful.
2026-01-07 17:41:52.865 +07:00 [INF] Request finished HTTP/1.1 OPTIONS http://localhost:5000/api/schedules - 204 null null 7.1854ms
2026-01-07 17:41:52.866 +07:00 [INF] Request finished HTTP/1.1 OPTIONS http://localhost:5000/api/schedules/waiting-resources - 204 null null 7.6007ms
2026-01-07 17:41:52.868 +07:00 [INF] Request starting HTTP/1.1 GET http://localhost:5000/api/schedules - null null
2026-01-07 17:41:52.872 +07:00 [INF] Request starting HTTP/1.1 GET http://localhost:5000/api/schedules/waiting-resources - null null
2026-01-07 17:41:52.873 +07:00 [INF] CORS policy execution successful.
2026-01-07 17:41:52.875 +07:00 [INF] CORS policy execution successful.
2026-01-07 17:41:52.876 +07:00 [INF] Executing endpoint 'PelindoCarLoan.API.Controllers.SchedulesController.GetAll (PelindoCarLoan.API)'
2026-01-07 17:41:52.877 +07:00 [INF] Executing endpoint 'PelindoCarLoan.API.Controllers.SchedulesController.GetWaitingResources (PelindoCarLoan.API)'
2026-01-07 17:41:52.878 +07:00 [INF] Route matched with {action = "GetAll", controller = "Schedules"}. Executing controller action with signature System.Threading.Tasks.Task`1[Microsoft.AspNetCore.Mvc.IActionResult] GetAll(System.String) on controller PelindoCarLoan.API.Controllers.SchedulesController (PelindoCarLoan.API).
2026-01-07 17:41:52.879 +07:00 [INF] Route matched with {action = "GetWaitingResources", controller = "Schedules"}. Executing controller action with signature System.Threading.Tasks.Task`1[Microsoft.AspNetCore.Mvc.IActionResult] GetWaitingResources() on controller PelindoCarLoan.API.Controllers.SchedulesController (PelindoCarLoan.API).
2026-01-07 17:41:52.882 +07:00 [INF] Executed action PelindoCarLoan.API.Controllers.SchedulesController.GetAll (PelindoCarLoan.API) in 2.0755ms
2026-01-07 17:41:52.883 +07:00 [INF] Executed endpoint 'PelindoCarLoan.API.Controllers.SchedulesController.GetAll (PelindoCarLoan.API)'
2026-01-07 17:41:52.883 +07:00 [INF] Executed action PelindoCarLoan.API.Controllers.SchedulesController.GetWaitingResources (PelindoCarLoan.API) in 1.5898ms
2026-01-07 17:41:52.885 +07:00 [ERR] An unhandled exception occurred
Oracle.ManagedDataAccess.Client.OracleException (0x80004005): ORA-00904: "LR"."ID": invalid identifier
https://docs.oracle.com/error-help/db/ora-00904/
   at System.Threading.Tasks.ContinuationResultTaskFromResultTask`2.InnerInvoke()
   at System.Threading.ExecutionContext.RunInternal(ExecutionContext executionContext, ContextCallback callback, Object state)
--- End of stack trace from previous location ---
   at System.Threading.ExecutionContext.RunInternal(ExecutionContext executionContext, ContextCallback callback, Object state)
   at System.Threading.Tasks.Task.ExecuteWithThreadLocal(Task& currentTaskSlot, Thread threadPoolThread)
--- End of stack trace from previous location ---
   at Dapper.SqlMapper.MultiMapAsync[TFirst,TSecond,TThird,TFourth,TFifth,TSixth,TSeventh,TReturn](IDbConnection cnn, CommandDefinition command, Delegate map, String splitOn) in /_/Dapper/SqlMapper.Async.cs:line 940
   at PelindoCarLoan.API.Repositories.ScheduleRepository.GetAllAsync(String status) in C:\Users\abima\Desktop\Project\Pelindo\pelindo-car-loan\backend\PelindoCarLoan.API\Repositories\ScheduleRepository.cs:line 89
   at PelindoCarLoan.API.Services.SchedulingService.GetAllAsync(String status) in C:\Users\abima\Desktop\Project\Pelindo\pelindo-car-loan\backend\PelindoCarLoan.API\Services\SchedulingService.cs:line 203
   at PelindoCarLoan.API.Controllers.SchedulesController.GetAll(String status) in C:\Users\abima\Desktop\Project\Pelindo\pelindo-car-loan\backend\PelindoCarLoan.API\Controllers\SchedulesController.cs:line 35
   at Microsoft.AspNetCore.Mvc.Infrastructure.ActionMethodExecutor.TaskOfIActionResultExecutor.Execute(ActionContext actionContext, IActionResultTypeMapper mapper, ObjectMethodExecutor executor, Object controller, Object[] arguments)
   at Microsoft.AspNetCore.Mvc.Infrastructure.ControllerActionInvoker.<InvokeActionMethodAsync>g__Awaited|12_0(ControllerActionInvoker invoker, ValueTask`1 actionResultValueTask)
   at Microsoft.AspNetCore.Mvc.Infrastructure.ControllerActionInvoker.<InvokeNextActionFilterAsync>g__Awaited|10_0(ControllerActionInvoker invoker, Task lastTask, State next, Scope scope, Object state, Boolean isCompleted)
   at Microsoft.AspNetCore.Mvc.Infrastructure.ControllerActionInvoker.Rethrow(ActionExecutedContextSealed context)
   at Microsoft.AspNetCore.Mvc.Infrastructure.ControllerActionInvoker.Next(State& next, Scope& scope, Object& state, Boolean& isCompleted)
   at Microsoft.AspNetCore.Mvc.Infrastructure.ControllerActionInvoker.<InvokeInnerFilterAsync>g__Awaited|13_0(ControllerActionInvoker invoker, Task lastTask, State next, Scope scope, Object state, Boolean isCompleted)
   at Microsoft.AspNetCore.Mvc.Infrastructure.ResourceInvoker.<InvokeFilterPipelineAsync>g__Awaited|20_0(ResourceInvoker invoker, Task lastTask, State next, Scope scope, Object state, Boolean isCompleted)
   at Microsoft.AspNetCore.Mvc.Infrastructure.ResourceInvoker.<InvokeAsync>g__Logged|17_1(ResourceInvoker invoker)
   at Microsoft.AspNetCore.Mvc.Infrastructure.ResourceInvoker.<InvokeAsync>g__Logged|17_1(ResourceInvoker invoker)
   at Microsoft.AspNetCore.Routing.EndpointMiddleware.<Invoke>g__AwaitRequestTask|7_0(Endpoint endpoint, Task requestTask, ILogger logger)
   at Microsoft.AspNetCore.Authorization.AuthorizationMiddleware.Invoke(HttpContext context)
   at Microsoft.AspNetCore.Authentication.AuthenticationMiddleware.Invoke(HttpContext context)
   at PelindoCarLoan.API.Middleware.ExceptionMiddleware.InvokeAsync(HttpContext context) in C:\Users\abima\Desktop\Project\Pelindo\pelindo-car-loan\backend\PelindoCarLoan.API\Middleware\ExceptionMiddleware.cs:line 22
2026-01-07 17:41:52.886 +07:00 [INF] Executed endpoint 'PelindoCarLoan.API.Controllers.SchedulesController.GetWaitingResources (PelindoCarLoan.API)'
2026-01-07 17:41:52.892 +07:00 [INF] Request finished HTTP/1.1 GET http://localhost:5000/api/schedules - 500 null application/json 23.327ms
2026-01-07 17:41:52.892 +07:00 [ERR] An unhandled exception occurred
Oracle.ManagedDataAccess.Client.OracleException (0x80004005): ORA-00904: "U"."ID": invalid identifier
https://docs.oracle.com/error-help/db/ora-00904/
   at System.Threading.Tasks.ContinuationResultTaskFromResultTask`2.InnerInvoke()
   at System.Threading.ExecutionContext.RunInternal(ExecutionContext executionContext, ContextCallback callback, Object state)
--- End of stack trace from previous location ---
   at System.Threading.ExecutionContext.RunInternal(ExecutionContext executionContext, ContextCallback callback, Object state)
   at System.Threading.Tasks.Task.ExecuteWithThreadLocal(Task& currentTaskSlot, Thread threadPoolThread)
--- End of stack trace from previous location ---
   at Dapper.SqlMapper.MultiMapAsync[TFirst,TSecond,TThird,TFourth,TFifth,TSixth,TSeventh,TReturn](IDbConnection cnn, CommandDefinition command, Delegate map, String splitOn) in /_/Dapper/SqlMapper.Async.cs:line 940
   at PelindoCarLoan.API.Repositories.LoanRequestRepository.GetAllAsync(Nullable`1 userId, String status) in C:\Users\abima\Desktop\Project\Pelindo\pelindo-car-loan\backend\PelindoCarLoan.API\Repositories\LoanRequestRepository.cs:line 95
   at PelindoCarLoan.API.Repositories.LoanRequestRepository.GetByStatusAsync(String status) in C:\Users\abima\Desktop\Project\Pelindo\pelindo-car-loan\backend\PelindoCarLoan.API\Repositories\LoanRequestRepository.cs:line 141
   at PelindoCarLoan.API.Services.SchedulingService.GetWaitingResourceRequestsAsync() in C:\Users\abima\Desktop\Project\Pelindo\pelindo-car-loan\backend\PelindoCarLoan.API\Services\SchedulingService.cs:line 256
   at PelindoCarLoan.API.Controllers.SchedulesController.GetWaitingResources() in C:\Users\abima\Desktop\Project\Pelindo\pelindo-car-loan\backend\PelindoCarLoan.API\Controllers\SchedulesController.cs:line 152
   at Microsoft.AspNetCore.Mvc.Infrastructure.ActionMethodExecutor.TaskOfIActionResultExecutor.Execute(ActionContext actionContext, IActionResultTypeMapper mapper, ObjectMethodExecutor executor, Object controller, Object[] arguments)
   at Microsoft.AspNetCore.Mvc.Infrastructure.ControllerActionInvoker.<InvokeActionMethodAsync>g__Awaited|12_0(ControllerActionInvoker invoker, ValueTask`1 actionResultValueTask)
   at Microsoft.AspNetCore.Mvc.Infrastructure.ControllerActionInvoker.<InvokeNextActionFilterAsync>g__Awaited|10_0(ControllerActionInvoker invoker, Task lastTask, State next, Scope scope, Object state, Boolean isCompleted)
   at Microsoft.AspNetCore.Mvc.Infrastructure.ControllerActionInvoker.Rethrow(ActionExecutedContextSealed context)
   at Microsoft.AspNetCore.Mvc.Infrastructure.ControllerActionInvoker.Next(State& next, Scope& scope, Object& state, Boolean& isCompleted)
   at Microsoft.AspNetCore.Mvc.Infrastructure.ControllerActionInvoker.<InvokeInnerFilterAsync>g__Awaited|13_0(ControllerActionInvoker invoker, Task lastTask, State next, Scope scope, Object state, Boolean isCompleted)
   at Microsoft.AspNetCore.Mvc.Infrastructure.ResourceInvoker.<InvokeFilterPipelineAsync>g__Awaited|20_0(ResourceInvoker invoker, Task lastTask, State next, Scope scope, Object state, Boolean isCompleted)
   at Microsoft.AspNetCore.Mvc.Infrastructure.ResourceInvoker.<InvokeAsync>g__Logged|17_1(ResourceInvoker invoker)
   at Microsoft.AspNetCore.Mvc.Infrastructure.ResourceInvoker.<InvokeAsync>g__Logged|17_1(ResourceInvoker invoker)
   at Microsoft.AspNetCore.Routing.EndpointMiddleware.<Invoke>g__AwaitRequestTask|7_0(Endpoint endpoint, Task requestTask, ILogger logger)
   at Microsoft.AspNetCore.Authorization.AuthorizationMiddleware.Invoke(HttpContext context)
   at Microsoft.AspNetCore.Authentication.AuthenticationMiddleware.Invoke(HttpContext context)
   at PelindoCarLoan.API.Middleware.ExceptionMiddleware.InvokeAsync(HttpContext context) in C:\Users\abima\Desktop\Project\Pelindo\pelindo-car-loan\backend\PelindoCarLoan.API\Middleware\ExceptionMiddleware.cs:line 22
2026-01-07 17:41:52.908 +07:00 [INF] Request finished HTTP/1.1 GET http://localhost:5000/api/schedules/waiting-resources - 500 null application/json 36.3188ms
2026-01-07 17:41:53.403 +07:00 [INF] Request starting HTTP/1.1 OPTIONS http://localhost:5000/api/dashboard - null null
2026-01-07 17:41:53.407 +07:00 [INF] CORS policy execution successful.
2026-01-07 17:41:53.407 +07:00 [INF] Request finished HTTP/1.1 OPTIONS http://localhost:5000/api/dashboard - 204 null null 4.6473ms
2026-01-07 17:41:53.410 +07:00 [INF] Request starting HTTP/1.1 GET http://localhost:5000/api/dashboard - null null
2026-01-07 17:41:53.413 +07:00 [INF] CORS policy execution successful.
2026-01-07 17:41:53.414 +07:00 [INF] Executing endpoint 'PelindoCarLoan.API.Controllers.DashboardController.GetDashboard (PelindoCarLoan.API)'
2026-01-07 17:41:53.415 +07:00 [INF] Route matched with {action = "GetDashboard", controller = "Dashboard"}. Executing controller action with signature System.Threading.Tasks.Task`1[Microsoft.AspNetCore.Mvc.IActionResult] GetDashboard() on controller PelindoCarLoan.API.Controllers.DashboardController (PelindoCarLoan.API).
2026-01-07 17:41:53.422 +07:00 [INF] Executed action PelindoCarLoan.API.Controllers.DashboardController.GetDashboard (PelindoCarLoan.API) in 5.1357ms
2026-01-07 17:41:53.423 +07:00 [INF] Executed endpoint 'PelindoCarLoan.API.Controllers.DashboardController.GetDashboard (PelindoCarLoan.API)'
2026-01-07 17:41:53.424 +07:00 [ERR] An unhandled exception occurred
Oracle.ManagedDataAccess.Client.OracleException (0x80004005): ORA-00904: "U"."ID": invalid identifier
https://docs.oracle.com/error-help/db/ora-00904/
   at System.Threading.Tasks.ContinuationResultTaskFromResultTask`2.InnerInvoke()
   at System.Threading.ExecutionContext.RunInternal(ExecutionContext executionContext, ContextCallback callback, Object state)
--- End of stack trace from previous location ---
   at System.Threading.ExecutionContext.RunInternal(ExecutionContext executionContext, ContextCallback callback, Object state)
   at System.Threading.Tasks.Task.ExecuteWithThreadLocal(Task& currentTaskSlot, Thread threadPoolThread)
--- End of stack trace from previous location ---
   at Dapper.SqlMapper.MultiMapAsync[TFirst,TSecond,TThird,TFourth,TFifth,TSixth,TSeventh,TReturn](IDbConnection cnn, CommandDefinition command, Delegate map, String splitOn) in /_/Dapper/SqlMapper.Async.cs:line 940
   at PelindoCarLoan.API.Repositories.LoanRequestRepository.GetAllAsync(Nullable`1 userId, String status) in C:\Users\abima\Desktop\Project\Pelindo\pelindo-car-loan\backend\PelindoCarLoan.API\Repositories\LoanRequestRepository.cs:line 95
   at PelindoCarLoan.API.Services.DashboardService.GetDashboardAsync(Int32 userId, String role) in C:\Users\abima\Desktop\Project\Pelindo\pelindo-car-loan\backend\PelindoCarLoan.API\Services\DashboardService.cs:line 78
   at PelindoCarLoan.API.Controllers.DashboardController.GetDashboard() in C:\Users\abima\Desktop\Project\Pelindo\pelindo-car-loan\backend\PelindoCarLoan.API\Controllers\DashboardController.cs:line 33
   at Microsoft.AspNetCore.Mvc.Infrastructure.ActionMethodExecutor.TaskOfIActionResultExecutor.Execute(ActionContext actionContext, IActionResultTypeMapper mapper, ObjectMethodExecutor executor, Object controller, Object[] arguments)
   at Microsoft.AspNetCore.Mvc.Infrastructure.ControllerActionInvoker.<InvokeActionMethodAsync>g__Awaited|12_0(ControllerActionInvoker invoker, ValueTask`1 actionResultValueTask)
   at Microsoft.AspNetCore.Mvc.Infrastructure.ControllerActionInvoker.<InvokeNextActionFilterAsync>g__Awaited|10_0(ControllerActionInvoker invoker, Task lastTask, State next, Scope scope, Object state, Boolean isCompleted)
   at Microsoft.AspNetCore.Mvc.Infrastructure.ControllerActionInvoker.Rethrow(ActionExecutedContextSealed context)
   at Microsoft.AspNetCore.Mvc.Infrastructure.ControllerActionInvoker.Next(State& next, Scope& scope, Object& state, Boolean& isCompleted)
   at Microsoft.AspNetCore.Mvc.Infrastructure.ControllerActionInvoker.<InvokeInnerFilterAsync>g__Awaited|13_0(ControllerActionInvoker invoker, Task lastTask, State next, Scope scope, Object state, Boolean isCompleted)
   at Microsoft.AspNetCore.Mvc.Infrastructure.ResourceInvoker.<InvokeFilterPipelineAsync>g__Awaited|20_0(ResourceInvoker invoker, Task lastTask, State next, Scope scope, Object state, Boolean isCompleted)
   at Microsoft.AspNetCore.Mvc.Infrastructure.ResourceInvoker.<InvokeAsync>g__Logged|17_1(ResourceInvoker invoker)
   at Microsoft.AspNetCore.Mvc.Infrastructure.ResourceInvoker.<InvokeAsync>g__Logged|17_1(ResourceInvoker invoker)
   at Microsoft.AspNetCore.Routing.EndpointMiddleware.<Invoke>g__AwaitRequestTask|7_0(Endpoint endpoint, Task requestTask, ILogger logger)
   at Microsoft.AspNetCore.Authorization.AuthorizationMiddleware.Invoke(HttpContext context)
   at Microsoft.AspNetCore.Authentication.AuthenticationMiddleware.Invoke(HttpContext context)
   at PelindoCarLoan.API.Middleware.ExceptionMiddleware.InvokeAsync(HttpContext context) in C:\Users\abima\Desktop\Project\Pelindo\pelindo-car-loan\backend\PelindoCarLoan.API\Middleware\ExceptionMiddleware.cs:line 22
2026-01-07 17:41:53.431 +07:00 [INF] Request finished HTTP/1.1 GET http://localhost:5000/api/dashboard - 500 null application/json 20.8342ms
2026-01-07 17:41:54.436 +07:00 [INF] Request starting HTTP/1.1 GET http://localhost:5000/api/dashboard - null null
2026-01-07 17:41:54.438 +07:00 [INF] CORS policy execution successful.
2026-01-07 17:41:54.439 +07:00 [INF] Executing endpoint 'PelindoCarLoan.API.Controllers.DashboardController.GetDashboard (PelindoCarLoan.API)'
2026-01-07 17:41:54.440 +07:00 [INF] Route matched with {action = "GetDashboard", controller = "Dashboard"}. Executing controller action with signature System.Threading.Tasks.Task`1[Microsoft.AspNetCore.Mvc.IActionResult] GetDashboard() on controller PelindoCarLoan.API.Controllers.DashboardController (PelindoCarLoan.API).
2026-01-07 17:41:54.446 +07:00 [INF] Executed action PelindoCarLoan.API.Controllers.DashboardController.GetDashboard (PelindoCarLoan.API) in 3.9299ms
2026-01-07 17:41:54.447 +07:00 [INF] Executed endpoint 'PelindoCarLoan.API.Controllers.DashboardController.GetDashboard (PelindoCarLoan.API)'
2026-01-07 17:41:54.448 +07:00 [ERR] An unhandled exception occurred
Oracle.ManagedDataAccess.Client.OracleException (0x80004005): ORA-00904: "U"."ID": invalid identifier
https://docs.oracle.com/error-help/db/ora-00904/
   at System.Threading.Tasks.ContinuationResultTaskFromResultTask`2.InnerInvoke()
   at System.Threading.ExecutionContext.RunInternal(ExecutionContext executionContext, ContextCallback callback, Object state)
--- End of stack trace from previous location ---
   at System.Threading.ExecutionContext.RunInternal(ExecutionContext executionContext, ContextCallback callback, Object state)
   at System.Threading.Tasks.Task.ExecuteWithThreadLocal(Task& currentTaskSlot, Thread threadPoolThread)
--- End of stack trace from previous location ---
   at Dapper.SqlMapper.MultiMapAsync[TFirst,TSecond,TThird,TFourth,TFifth,TSixth,TSeventh,TReturn](IDbConnection cnn, CommandDefinition command, Delegate map, String splitOn) in /_/Dapper/SqlMapper.Async.cs:line 940
   at PelindoCarLoan.API.Repositories.LoanRequestRepository.GetAllAsync(Nullable`1 userId, String status) in C:\Users\abima\Desktop\Project\Pelindo\pelindo-car-loan\backend\PelindoCarLoan.API\Repositories\LoanRequestRepository.cs:line 95
   at PelindoCarLoan.API.Services.DashboardService.GetDashboardAsync(Int32 userId, String role) in C:\Users\abima\Desktop\Project\Pelindo\pelindo-car-loan\backend\PelindoCarLoan.API\Services\DashboardService.cs:line 78
   at PelindoCarLoan.API.Controllers.DashboardController.GetDashboard() in C:\Users\abima\Desktop\Project\Pelindo\pelindo-car-loan\backend\PelindoCarLoan.API\Controllers\DashboardController.cs:line 33
   at Microsoft.AspNetCore.Mvc.Infrastructure.ActionMethodExecutor.TaskOfIActionResultExecutor.Execute(ActionContext actionContext, IActionResultTypeMapper mapper, ObjectMethodExecutor executor, Object controller, Object[] arguments)
   at Microsoft.AspNetCore.Mvc.Infrastructure.ControllerActionInvoker.<InvokeActionMethodAsync>g__Awaited|12_0(ControllerActionInvoker invoker, ValueTask`1 actionResultValueTask)
   at Microsoft.AspNetCore.Mvc.Infrastructure.ControllerActionInvoker.<InvokeNextActionFilterAsync>g__Awaited|10_0(ControllerActionInvoker invoker, Task lastTask, State next, Scope scope, Object state, Boolean isCompleted)
   at Microsoft.AspNetCore.Mvc.Infrastructure.ControllerActionInvoker.Rethrow(ActionExecutedContextSealed context)
   at Microsoft.AspNetCore.Mvc.Infrastructure.ControllerActionInvoker.Next(State& next, Scope& scope, Object& state, Boolean& isCompleted)
   at Microsoft.AspNetCore.Mvc.Infrastructure.ControllerActionInvoker.<InvokeInnerFilterAsync>g__Awaited|13_0(ControllerActionInvoker invoker, Task lastTask, State next, Scope scope, Object state, Boolean isCompleted)
   at Microsoft.AspNetCore.Mvc.Infrastructure.ResourceInvoker.<InvokeFilterPipelineAsync>g__Awaited|20_0(ResourceInvoker invoker, Task lastTask, State next, Scope scope, Object state, Boolean isCompleted)
   at Microsoft.AspNetCore.Mvc.Infrastructure.ResourceInvoker.<InvokeAsync>g__Logged|17_1(ResourceInvoker invoker)
   at Microsoft.AspNetCore.Mvc.Infrastructure.ResourceInvoker.<InvokeAsync>g__Logged|17_1(ResourceInvoker invoker)
   at Microsoft.AspNetCore.Routing.EndpointMiddleware.<Invoke>g__AwaitRequestTask|7_0(Endpoint endpoint, Task requestTask, ILogger logger)
   at Microsoft.AspNetCore.Authorization.AuthorizationMiddleware.Invoke(HttpContext context)
   at Microsoft.AspNetCore.Authentication.AuthenticationMiddleware.Invoke(HttpContext context)
   at PelindoCarLoan.API.Middleware.ExceptionMiddleware.InvokeAsync(HttpContext context) in C:\Users\abima\Desktop\Project\Pelindo\pelindo-car-loan\backend\PelindoCarLoan.API\Middleware\ExceptionMiddleware.cs:line 22
2026-01-07 17:41:54.455 +07:00 [INF] Request finished HTTP/1.1 GET http://localhost:5000/api/dashboard - 500 null application/json 19.4319ms
2026-01-07 17:42:06.090 +07:00 [INF] Request starting HTTP/1.1 OPTIONS http://localhost:5000/api/schedules - null null
2026-01-07 17:42:06.090 +07:00 [INF] Request starting HTTP/1.1 OPTIONS http://localhost:5000/api/schedules/waiting-resources - null null
2026-01-07 17:42:06.094 +07:00 [INF] CORS policy execution successful.
2026-01-07 17:42:06.096 +07:00 [INF] CORS policy execution successful.
2026-01-07 17:42:06.097 +07:00 [INF] Request finished HTTP/1.1 OPTIONS http://localhost:5000/api/schedules - 204 null null 7.0375ms
2026-01-07 17:42:06.098 +07:00 [INF] Request finished HTTP/1.1 OPTIONS http://localhost:5000/api/schedules/waiting-resources - 204 null null 7.4091ms
2026-01-07 17:42:06.101 +07:00 [INF] Request starting HTTP/1.1 GET http://localhost:5000/api/schedules/waiting-resources - null null
2026-01-07 17:42:06.104 +07:00 [INF] Request starting HTTP/1.1 GET http://localhost:5000/api/schedules - null null
2026-01-07 17:42:06.106 +07:00 [INF] CORS policy execution successful.
2026-01-07 17:42:06.108 +07:00 [INF] CORS policy execution successful.
2026-01-07 17:42:06.109 +07:00 [INF] Executing endpoint 'PelindoCarLoan.API.Controllers.SchedulesController.GetWaitingResources (PelindoCarLoan.API)'
2026-01-07 17:42:06.109 +07:00 [INF] Executing endpoint 'PelindoCarLoan.API.Controllers.SchedulesController.GetAll (PelindoCarLoan.API)'
2026-01-07 17:42:06.110 +07:00 [INF] Route matched with {action = "GetWaitingResources", controller = "Schedules"}. Executing controller action with signature System.Threading.Tasks.Task`1[Microsoft.AspNetCore.Mvc.IActionResult] GetWaitingResources() on controller PelindoCarLoan.API.Controllers.SchedulesController (PelindoCarLoan.API).
2026-01-07 17:42:06.111 +07:00 [INF] Route matched with {action = "GetAll", controller = "Schedules"}. Executing controller action with signature System.Threading.Tasks.Task`1[Microsoft.AspNetCore.Mvc.IActionResult] GetAll(System.String) on controller PelindoCarLoan.API.Controllers.SchedulesController (PelindoCarLoan.API).
2026-01-07 17:42:06.115 +07:00 [INF] Executed action PelindoCarLoan.API.Controllers.SchedulesController.GetWaitingResources (PelindoCarLoan.API) in 2.8638ms
2026-01-07 17:42:06.116 +07:00 [INF] Executed action PelindoCarLoan.API.Controllers.SchedulesController.GetAll (PelindoCarLoan.API) in 2.0083ms
2026-01-07 17:42:06.116 +07:00 [INF] Executed endpoint 'PelindoCarLoan.API.Controllers.SchedulesController.GetWaitingResources (PelindoCarLoan.API)'
2026-01-07 17:42:06.117 +07:00 [INF] Executed endpoint 'PelindoCarLoan.API.Controllers.SchedulesController.GetAll (PelindoCarLoan.API)'
2026-01-07 17:42:06.118 +07:00 [ERR] An unhandled exception occurred
Oracle.ManagedDataAccess.Client.OracleException (0x80004005): ORA-00904: "U"."ID": invalid identifier
https://docs.oracle.com/error-help/db/ora-00904/
   at System.Threading.Tasks.ContinuationResultTaskFromResultTask`2.InnerInvoke()
   at System.Threading.ExecutionContext.RunInternal(ExecutionContext executionContext, ContextCallback callback, Object state)
--- End of stack trace from previous location ---
   at System.Threading.ExecutionContext.RunInternal(ExecutionContext executionContext, ContextCallback callback, Object state)
   at System.Threading.Tasks.Task.ExecuteWithThreadLocal(Task& currentTaskSlot, Thread threadPoolThread)
--- End of stack trace from previous location ---
   at Dapper.SqlMapper.MultiMapAsync[TFirst,TSecond,TThird,TFourth,TFifth,TSixth,TSeventh,TReturn](IDbConnection cnn, CommandDefinition command, Delegate map, String splitOn) in /_/Dapper/SqlMapper.Async.cs:line 940
   at PelindoCarLoan.API.Repositories.LoanRequestRepository.GetAllAsync(Nullable`1 userId, String status) in C:\Users\abima\Desktop\Project\Pelindo\pelindo-car-loan\backend\PelindoCarLoan.API\Repositories\LoanRequestRepository.cs:line 95
   at PelindoCarLoan.API.Repositories.LoanRequestRepository.GetByStatusAsync(String status) in C:\Users\abima\Desktop\Project\Pelindo\pelindo-car-loan\backend\PelindoCarLoan.API\Repositories\LoanRequestRepository.cs:line 141
   at PelindoCarLoan.API.Services.SchedulingService.GetWaitingResourceRequestsAsync() in C:\Users\abima\Desktop\Project\Pelindo\pelindo-car-loan\backend\PelindoCarLoan.API\Services\SchedulingService.cs:line 256
   at PelindoCarLoan.API.Controllers.SchedulesController.GetWaitingResources() in C:\Users\abima\Desktop\Project\Pelindo\pelindo-car-loan\backend\PelindoCarLoan.API\Controllers\SchedulesController.cs:line 152
   at Microsoft.AspNetCore.Mvc.Infrastructure.ActionMethodExecutor.TaskOfIActionResultExecutor.Execute(ActionContext actionContext, IActionResultTypeMapper mapper, ObjectMethodExecutor executor, Object controller, Object[] arguments)
   at Microsoft.AspNetCore.Mvc.Infrastructure.ControllerActionInvoker.<InvokeActionMethodAsync>g__Awaited|12_0(ControllerActionInvoker invoker, ValueTask`1 actionResultValueTask)
   at Microsoft.AspNetCore.Mvc.Infrastructure.ControllerActionInvoker.<InvokeNextActionFilterAsync>g__Awaited|10_0(ControllerActionInvoker invoker, Task lastTask, State next, Scope scope, Object state, Boolean isCompleted)
   at Microsoft.AspNetCore.Mvc.Infrastructure.ControllerActionInvoker.Rethrow(ActionExecutedContextSealed context)
   at Microsoft.AspNetCore.Mvc.Infrastructure.ControllerActionInvoker.Next(State& next, Scope& scope, Object& state, Boolean& isCompleted)
   at Microsoft.AspNetCore.Mvc.Infrastructure.ControllerActionInvoker.<InvokeInnerFilterAsync>g__Awaited|13_0(ControllerActionInvoker invoker, Task lastTask, State next, Scope scope, Object state, Boolean isCompleted)
   at Microsoft.AspNetCore.Mvc.Infrastructure.ResourceInvoker.<InvokeFilterPipelineAsync>g__Awaited|20_0(ResourceInvoker invoker, Task lastTask, State next, Scope scope, Object state, Boolean isCompleted)
   at Microsoft.AspNetCore.Mvc.Infrastructure.ResourceInvoker.<InvokeAsync>g__Logged|17_1(ResourceInvoker invoker)
   at Microsoft.AspNetCore.Mvc.Infrastructure.ResourceInvoker.<InvokeAsync>g__Logged|17_1(ResourceInvoker invoker)
   at Microsoft.AspNetCore.Routing.EndpointMiddleware.<Invoke>g__AwaitRequestTask|7_0(Endpoint endpoint, Task requestTask, ILogger logger)
   at Microsoft.AspNetCore.Authorization.AuthorizationMiddleware.Invoke(HttpContext context)
   at Microsoft.AspNetCore.Authentication.AuthenticationMiddleware.Invoke(HttpContext context)
   at PelindoCarLoan.API.Middleware.ExceptionMiddleware.InvokeAsync(HttpContext context) in C:\Users\abima\Desktop\Project\Pelindo\pelindo-car-loan\backend\PelindoCarLoan.API\Middleware\ExceptionMiddleware.cs:line 22
2026-01-07 17:42:06.119 +07:00 [ERR] An unhandled exception occurred
Oracle.ManagedDataAccess.Client.OracleException (0x80004005): ORA-00904: "LR"."ID": invalid identifier
https://docs.oracle.com/error-help/db/ora-00904/
   at System.Threading.Tasks.ContinuationResultTaskFromResultTask`2.InnerInvoke()
   at System.Threading.ExecutionContext.RunInternal(ExecutionContext executionContext, ContextCallback callback, Object state)
--- End of stack trace from previous location ---
   at System.Threading.ExecutionContext.RunInternal(ExecutionContext executionContext, ContextCallback callback, Object state)
   at System.Threading.Tasks.Task.ExecuteWithThreadLocal(Task& currentTaskSlot, Thread threadPoolThread)
--- End of stack trace from previous location ---
   at Dapper.SqlMapper.MultiMapAsync[TFirst,TSecond,TThird,TFourth,TFifth,TSixth,TSeventh,TReturn](IDbConnection cnn, CommandDefinition command, Delegate map, String splitOn) in /_/Dapper/SqlMapper.Async.cs:line 940
   at PelindoCarLoan.API.Repositories.ScheduleRepository.GetAllAsync(String status) in C:\Users\abima\Desktop\Project\Pelindo\pelindo-car-loan\backend\PelindoCarLoan.API\Repositories\ScheduleRepository.cs:line 89
   at PelindoCarLoan.API.Services.SchedulingService.GetAllAsync(String status) in C:\Users\abima\Desktop\Project\Pelindo\pelindo-car-loan\backend\PelindoCarLoan.API\Services\SchedulingService.cs:line 203
   at PelindoCarLoan.API.Controllers.SchedulesController.GetAll(String status) in C:\Users\abima\Desktop\Project\Pelindo\pelindo-car-loan\backend\PelindoCarLoan.API\Controllers\SchedulesController.cs:line 35
   at Microsoft.AspNetCore.Mvc.Infrastructure.ActionMethodExecutor.TaskOfIActionResultExecutor.Execute(ActionContext actionContext, IActionResultTypeMapper mapper, ObjectMethodExecutor executor, Object controller, Object[] arguments)
   at Microsoft.AspNetCore.Mvc.Infrastructure.ControllerActionInvoker.<InvokeActionMethodAsync>g__Awaited|12_0(ControllerActionInvoker invoker, ValueTask`1 actionResultValueTask)
   at Microsoft.AspNetCore.Mvc.Infrastructure.ControllerActionInvoker.<InvokeNextActionFilterAsync>g__Awaited|10_0(ControllerActionInvoker invoker, Task lastTask, State next, Scope scope, Object state, Boolean isCompleted)
   at Microsoft.AspNetCore.Mvc.Infrastructure.ControllerActionInvoker.Rethrow(ActionExecutedContextSealed context)
   at Microsoft.AspNetCore.Mvc.Infrastructure.ControllerActionInvoker.Next(State& next, Scope& scope, Object& state, Boolean& isCompleted)
   at Microsoft.AspNetCore.Mvc.Infrastructure.ControllerActionInvoker.<InvokeInnerFilterAsync>g__Awaited|13_0(ControllerActionInvoker invoker, Task lastTask, State next, Scope scope, Object state, Boolean isCompleted)
   at Microsoft.AspNetCore.Mvc.Infrastructure.ResourceInvoker.<InvokeFilterPipelineAsync>g__Awaited|20_0(ResourceInvoker invoker, Task lastTask, State next, Scope scope, Object state, Boolean isCompleted)
   at Microsoft.AspNetCore.Mvc.Infrastructure.ResourceInvoker.<InvokeAsync>g__Logged|17_1(ResourceInvoker invoker)
   at Microsoft.AspNetCore.Mvc.Infrastructure.ResourceInvoker.<InvokeAsync>g__Logged|17_1(ResourceInvoker invoker)
   at Microsoft.AspNetCore.Routing.EndpointMiddleware.<Invoke>g__AwaitRequestTask|7_0(Endpoint endpoint, Task requestTask, ILogger logger)
   at Microsoft.AspNetCore.Authorization.AuthorizationMiddleware.Invoke(HttpContext context)
   at Microsoft.AspNetCore.Authentication.AuthenticationMiddleware.Invoke(HttpContext context)
   at PelindoCarLoan.API.Middleware.ExceptionMiddleware.InvokeAsync(HttpContext context) in C:\Users\abima\Desktop\Project\Pelindo\pelindo-car-loan\backend\PelindoCarLoan.API\Middleware\ExceptionMiddleware.cs:line 22
2026-01-07 17:42:06.126 +07:00 [INF] Request finished HTTP/1.1 GET http://localhost:5000/api/schedules/waiting-resources - 500 null application/json 24.4426ms
2026-01-07 17:42:06.131 +07:00 [INF] Request finished HTTP/1.1 GET http://localhost:5000/api/schedules - 500 null application/json 27.0819ms
2026-01-07 17:42:07.135 +07:00 [INF] Request starting HTTP/1.1 GET http://localhost:5000/api/schedules/waiting-resources - null null
2026-01-07 17:42:07.136 +07:00 [INF] Request starting HTTP/1.1 GET http://localhost:5000/api/schedules - null null
2026-01-07 17:42:07.138 +07:00 [INF] CORS policy execution successful.
2026-01-07 17:42:07.140 +07:00 [INF] CORS policy execution successful.
2026-01-07 17:42:07.141 +07:00 [INF] Executing endpoint 'PelindoCarLoan.API.Controllers.SchedulesController.GetWaitingResources (PelindoCarLoan.API)'
2026-01-07 17:42:07.142 +07:00 [INF] Executing endpoint 'PelindoCarLoan.API.Controllers.SchedulesController.GetAll (PelindoCarLoan.API)'
2026-01-07 17:42:07.143 +07:00 [INF] Route matched with {action = "GetWaitingResources", controller = "Schedules"}. Executing controller action with signature System.Threading.Tasks.Task`1[Microsoft.AspNetCore.Mvc.IActionResult] GetWaitingResources() on controller PelindoCarLoan.API.Controllers.SchedulesController (PelindoCarLoan.API).
2026-01-07 17:42:07.143 +07:00 [INF] Route matched with {action = "GetAll", controller = "Schedules"}. Executing controller action with signature System.Threading.Tasks.Task`1[Microsoft.AspNetCore.Mvc.IActionResult] GetAll(System.String) on controller PelindoCarLoan.API.Controllers.SchedulesController (PelindoCarLoan.API).
2026-01-07 17:42:07.147 +07:00 [INF] Executed action PelindoCarLoan.API.Controllers.SchedulesController.GetWaitingResources (PelindoCarLoan.API) in 1.7244ms
2026-01-07 17:42:07.148 +07:00 [INF] Executed endpoint 'PelindoCarLoan.API.Controllers.SchedulesController.GetWaitingResources (PelindoCarLoan.API)'
2026-01-07 17:42:07.149 +07:00 [INF] Executed action PelindoCarLoan.API.Controllers.SchedulesController.GetAll (PelindoCarLoan.API) in 2.5475ms
2026-01-07 17:42:07.150 +07:00 [ERR] An unhandled exception occurred
Oracle.ManagedDataAccess.Client.OracleException (0x80004005): ORA-00904: "U"."ID": invalid identifier
https://docs.oracle.com/error-help/db/ora-00904/
   at System.Threading.Tasks.ContinuationResultTaskFromResultTask`2.InnerInvoke()
   at System.Threading.ExecutionContext.RunInternal(ExecutionContext executionContext, ContextCallback callback, Object state)
--- End of stack trace from previous location ---
   at System.Threading.ExecutionContext.RunInternal(ExecutionContext executionContext, ContextCallback callback, Object state)
   at System.Threading.Tasks.Task.ExecuteWithThreadLocal(Task& currentTaskSlot, Thread threadPoolThread)
--- End of stack trace from previous location ---
   at Dapper.SqlMapper.MultiMapAsync[TFirst,TSecond,TThird,TFourth,TFifth,TSixth,TSeventh,TReturn](IDbConnection cnn, CommandDefinition command, Delegate map, String splitOn) in /_/Dapper/SqlMapper.Async.cs:line 940
   at PelindoCarLoan.API.Repositories.LoanRequestRepository.GetAllAsync(Nullable`1 userId, String status) in C:\Users\abima\Desktop\Project\Pelindo\pelindo-car-loan\backend\PelindoCarLoan.API\Repositories\LoanRequestRepository.cs:line 95
   at PelindoCarLoan.API.Repositories.LoanRequestRepository.GetByStatusAsync(String status) in C:\Users\abima\Desktop\Project\Pelindo\pelindo-car-loan\backend\PelindoCarLoan.API\Repositories\LoanRequestRepository.cs:line 141
   at PelindoCarLoan.API.Services.SchedulingService.GetWaitingResourceRequestsAsync() in C:\Users\abima\Desktop\Project\Pelindo\pelindo-car-loan\backend\PelindoCarLoan.API\Services\SchedulingService.cs:line 256
   at PelindoCarLoan.API.Controllers.SchedulesController.GetWaitingResources() in C:\Users\abima\Desktop\Project\Pelindo\pelindo-car-loan\backend\PelindoCarLoan.API\Controllers\SchedulesController.cs:line 152
   at Microsoft.AspNetCore.Mvc.Infrastructure.ActionMethodExecutor.TaskOfIActionResultExecutor.Execute(ActionContext actionContext, IActionResultTypeMapper mapper, ObjectMethodExecutor executor, Object controller, Object[] arguments)
   at Microsoft.AspNetCore.Mvc.Infrastructure.ControllerActionInvoker.<InvokeActionMethodAsync>g__Awaited|12_0(ControllerActionInvoker invoker, ValueTask`1 actionResultValueTask)
   at Microsoft.AspNetCore.Mvc.Infrastructure.ControllerActionInvoker.<InvokeNextActionFilterAsync>g__Awaited|10_0(ControllerActionInvoker invoker, Task lastTask, State next, Scope scope, Object state, Boolean isCompleted)
   at Microsoft.AspNetCore.Mvc.Infrastructure.ControllerActionInvoker.Rethrow(ActionExecutedContextSealed context)
   at Microsoft.AspNetCore.Mvc.Infrastructure.ControllerActionInvoker.Next(State& next, Scope& scope, Object& state, Boolean& isCompleted)
   at Microsoft.AspNetCore.Mvc.Infrastructure.ControllerActionInvoker.<InvokeInnerFilterAsync>g__Awaited|13_0(ControllerActionInvoker invoker, Task lastTask, State next, Scope scope, Object state, Boolean isCompleted)
   at Microsoft.AspNetCore.Mvc.Infrastructure.ResourceInvoker.<InvokeFilterPipelineAsync>g__Awaited|20_0(ResourceInvoker invoker, Task lastTask, State next, Scope scope, Object state, Boolean isCompleted)
   at Microsoft.AspNetCore.Mvc.Infrastructure.ResourceInvoker.<InvokeAsync>g__Logged|17_1(ResourceInvoker invoker)
   at Microsoft.AspNetCore.Mvc.Infrastructure.ResourceInvoker.<InvokeAsync>g__Logged|17_1(ResourceInvoker invoker)
   at Microsoft.AspNetCore.Routing.EndpointMiddleware.<Invoke>g__AwaitRequestTask|7_0(Endpoint endpoint, Task requestTask, ILogger logger)
   at Microsoft.AspNetCore.Authorization.AuthorizationMiddleware.Invoke(HttpContext context)
   at Microsoft.AspNetCore.Authentication.AuthenticationMiddleware.Invoke(HttpContext context)
   at PelindoCarLoan.API.Middleware.ExceptionMiddleware.InvokeAsync(HttpContext context) in C:\Users\abima\Desktop\Project\Pelindo\pelindo-car-loan\backend\PelindoCarLoan.API\Middleware\ExceptionMiddleware.cs:line 22
2026-01-07 17:42:07.151 +07:00 [INF] Executed endpoint 'PelindoCarLoan.API.Controllers.SchedulesController.GetAll (PelindoCarLoan.API)'
2026-01-07 17:42:07.158 +07:00 [INF] Request finished HTTP/1.1 GET http://localhost:5000/api/schedules/waiting-resources - 500 null application/json 22.9532ms
2026-01-07 17:42:07.158 +07:00 [ERR] An unhandled exception occurred
Oracle.ManagedDataAccess.Client.OracleException (0x80004005): ORA-00904: "LR"."ID": invalid identifier
https://docs.oracle.com/error-help/db/ora-00904/
   at System.Threading.Tasks.ContinuationResultTaskFromResultTask`2.InnerInvoke()
   at System.Threading.ExecutionContext.RunInternal(ExecutionContext executionContext, ContextCallback callback, Object state)
--- End of stack trace from previous location ---
   at System.Threading.ExecutionContext.RunInternal(ExecutionContext executionContext, ContextCallback callback, Object state)
   at System.Threading.Tasks.Task.ExecuteWithThreadLocal(Task& currentTaskSlot, Thread threadPoolThread)
--- End of stack trace from previous location ---
   at Dapper.SqlMapper.MultiMapAsync[TFirst,TSecond,TThird,TFourth,TFifth,TSixth,TSeventh,TReturn](IDbConnection cnn, CommandDefinition command, Delegate map, String splitOn) in /_/Dapper/SqlMapper.Async.cs:line 940
   at PelindoCarLoan.API.Repositories.ScheduleRepository.GetAllAsync(String status) in C:\Users\abima\Desktop\Project\Pelindo\pelindo-car-loan\backend\PelindoCarLoan.API\Repositories\ScheduleRepository.cs:line 89
   at PelindoCarLoan.API.Services.SchedulingService.GetAllAsync(String status) in C:\Users\abima\Desktop\Project\Pelindo\pelindo-car-loan\backend\PelindoCarLoan.API\Services\SchedulingService.cs:line 203
   at PelindoCarLoan.API.Controllers.SchedulesController.GetAll(String status) in C:\Users\abima\Desktop\Project\Pelindo\pelindo-car-loan\backend\PelindoCarLoan.API\Controllers\SchedulesController.cs:line 35
   at Microsoft.AspNetCore.Mvc.Infrastructure.ActionMethodExecutor.TaskOfIActionResultExecutor.Execute(ActionContext actionContext, IActionResultTypeMapper mapper, ObjectMethodExecutor executor, Object controller, Object[] arguments)
   at Microsoft.AspNetCore.Mvc.Infrastructure.ControllerActionInvoker.<InvokeActionMethodAsync>g__Awaited|12_0(ControllerActionInvoker invoker, ValueTask`1 actionResultValueTask)
   at Microsoft.AspNetCore.Mvc.Infrastructure.ControllerActionInvoker.<InvokeNextActionFilterAsync>g__Awaited|10_0(ControllerActionInvoker invoker, Task lastTask, State next, Scope scope, Object state, Boolean isCompleted)
   at Microsoft.AspNetCore.Mvc.Infrastructure.ControllerActionInvoker.Rethrow(ActionExecutedContextSealed context)
   at Microsoft.AspNetCore.Mvc.Infrastructure.ControllerActionInvoker.Next(State& next, Scope& scope, Object& state, Boolean& isCompleted)
   at Microsoft.AspNetCore.Mvc.Infrastructure.ControllerActionInvoker.<InvokeInnerFilterAsync>g__Awaited|13_0(ControllerActionInvoker invoker, Task lastTask, State next, Scope scope, Object state, Boolean isCompleted)
   at Microsoft.AspNetCore.Mvc.Infrastructure.ResourceInvoker.<InvokeFilterPipelineAsync>g__Awaited|20_0(ResourceInvoker invoker, Task lastTask, State next, Scope scope, Object state, Boolean isCompleted)
   at Microsoft.AspNetCore.Mvc.Infrastructure.ResourceInvoker.<InvokeAsync>g__Logged|17_1(ResourceInvoker invoker)
   at Microsoft.AspNetCore.Mvc.Infrastructure.ResourceInvoker.<InvokeAsync>g__Logged|17_1(ResourceInvoker invoker)
   at Microsoft.AspNetCore.Routing.EndpointMiddleware.<Invoke>g__AwaitRequestTask|7_0(Endpoint endpoint, Task requestTask, ILogger logger)
   at Microsoft.AspNetCore.Authorization.AuthorizationMiddleware.Invoke(HttpContext context)
   at Microsoft.AspNetCore.Authentication.AuthenticationMiddleware.Invoke(HttpContext context)
   at PelindoCarLoan.API.Middleware.ExceptionMiddleware.InvokeAsync(HttpContext context) in C:\Users\abima\Desktop\Project\Pelindo\pelindo-car-loan\backend\PelindoCarLoan.API\Middleware\ExceptionMiddleware.cs:line 22
2026-01-07 17:42:07.166 +07:00 [INF] Request finished HTTP/1.1 GET http://localhost:5000/api/schedules - 500 null application/json 30.1925ms
2026-01-07 17:42:07.304 +07:00 [INF] Request starting HTTP/1.1 OPTIONS http://localhost:5000/api/dashboard - null null
2026-01-07 17:42:07.306 +07:00 [INF] CORS policy execution successful.
2026-01-07 17:42:07.307 +07:00 [INF] Request finished HTTP/1.1 OPTIONS http://localhost:5000/api/dashboard - 204 null null 3.0571ms
2026-01-07 17:42:07.310 +07:00 [INF] Request starting HTTP/1.1 GET http://localhost:5000/api/dashboard - null null
2026-01-07 17:42:07.312 +07:00 [INF] CORS policy execution successful.
2026-01-07 17:42:07.313 +07:00 [INF] Executing endpoint 'PelindoCarLoan.API.Controllers.DashboardController.GetDashboard (PelindoCarLoan.API)'
2026-01-07 17:42:07.315 +07:00 [INF] Route matched with {action = "GetDashboard", controller = "Dashboard"}. Executing controller action with signature System.Threading.Tasks.Task`1[Microsoft.AspNetCore.Mvc.IActionResult] GetDashboard() on controller PelindoCarLoan.API.Controllers.DashboardController (PelindoCarLoan.API).
2026-01-07 17:42:07.321 +07:00 [INF] Executed action PelindoCarLoan.API.Controllers.DashboardController.GetDashboard (PelindoCarLoan.API) in 3.5734ms
2026-01-07 17:42:07.322 +07:00 [INF] Executed endpoint 'PelindoCarLoan.API.Controllers.DashboardController.GetDashboard (PelindoCarLoan.API)'
2026-01-07 17:42:07.324 +07:00 [ERR] An unhandled exception occurred
Oracle.ManagedDataAccess.Client.OracleException (0x80004005): ORA-00904: "U"."ID": invalid identifier
https://docs.oracle.com/error-help/db/ora-00904/
   at System.Threading.Tasks.ContinuationResultTaskFromResultTask`2.InnerInvoke()
   at System.Threading.ExecutionContext.RunInternal(ExecutionContext executionContext, ContextCallback callback, Object state)
--- End of stack trace from previous location ---
   at System.Threading.ExecutionContext.RunInternal(ExecutionContext executionContext, ContextCallback callback, Object state)
   at System.Threading.Tasks.Task.ExecuteWithThreadLocal(Task& currentTaskSlot, Thread threadPoolThread)
--- End of stack trace from previous location ---
   at Dapper.SqlMapper.MultiMapAsync[TFirst,TSecond,TThird,TFourth,TFifth,TSixth,TSeventh,TReturn](IDbConnection cnn, CommandDefinition command, Delegate map, String splitOn) in /_/Dapper/SqlMapper.Async.cs:line 940
   at PelindoCarLoan.API.Repositories.LoanRequestRepository.GetAllAsync(Nullable`1 userId, String status) in C:\Users\abima\Desktop\Project\Pelindo\pelindo-car-loan\backend\PelindoCarLoan.API\Repositories\LoanRequestRepository.cs:line 95
   at PelindoCarLoan.API.Services.DashboardService.GetDashboardAsync(Int32 userId, String role) in C:\Users\abima\Desktop\Project\Pelindo\pelindo-car-loan\backend\PelindoCarLoan.API\Services\DashboardService.cs:line 78
   at PelindoCarLoan.API.Controllers.DashboardController.GetDashboard() in C:\Users\abima\Desktop\Project\Pelindo\pelindo-car-loan\backend\PelindoCarLoan.API\Controllers\DashboardController.cs:line 33
   at Microsoft.AspNetCore.Mvc.Infrastructure.ActionMethodExecutor.TaskOfIActionResultExecutor.Execute(ActionContext actionContext, IActionResultTypeMapper mapper, ObjectMethodExecutor executor, Object controller, Object[] arguments)
   at Microsoft.AspNetCore.Mvc.Infrastructure.ControllerActionInvoker.<InvokeActionMethodAsync>g__Awaited|12_0(ControllerActionInvoker invoker, ValueTask`1 actionResultValueTask)
   at Microsoft.AspNetCore.Mvc.Infrastructure.ControllerActionInvoker.<InvokeNextActionFilterAsync>g__Awaited|10_0(ControllerActionInvoker invoker, Task lastTask, State next, Scope scope, Object state, Boolean isCompleted)
   at Microsoft.AspNetCore.Mvc.Infrastructure.ControllerActionInvoker.Rethrow(ActionExecutedContextSealed context)
   at Microsoft.AspNetCore.Mvc.Infrastructure.ControllerActionInvoker.Next(State& next, Scope& scope, Object& state, Boolean& isCompleted)
   at Microsoft.AspNetCore.Mvc.Infrastructure.ControllerActionInvoker.<InvokeInnerFilterAsync>g__Awaited|13_0(ControllerActionInvoker invoker, Task lastTask, State next, Scope scope, Object state, Boolean isCompleted)
   at Microsoft.AspNetCore.Mvc.Infrastructure.ResourceInvoker.<InvokeFilterPipelineAsync>g__Awaited|20_0(ResourceInvoker invoker, Task lastTask, State next, Scope scope, Object state, Boolean isCompleted)
   at Microsoft.AspNetCore.Mvc.Infrastructure.ResourceInvoker.<InvokeAsync>g__Logged|17_1(ResourceInvoker invoker)
   at Microsoft.AspNetCore.Mvc.Infrastructure.ResourceInvoker.<InvokeAsync>g__Logged|17_1(ResourceInvoker invoker)
   at Microsoft.AspNetCore.Routing.EndpointMiddleware.<Invoke>g__AwaitRequestTask|7_0(Endpoint endpoint, Task requestTask, ILogger logger)
   at Microsoft.AspNetCore.Authorization.AuthorizationMiddleware.Invoke(HttpContext context)
   at Microsoft.AspNetCore.Authentication.AuthenticationMiddleware.Invoke(HttpContext context)
   at PelindoCarLoan.API.Middleware.ExceptionMiddleware.InvokeAsync(HttpContext context) in C:\Users\abima\Desktop\Project\Pelindo\pelindo-car-loan\backend\PelindoCarLoan.API\Middleware\ExceptionMiddleware.cs:line 22
2026-01-07 17:42:07.332 +07:00 [INF] Request finished HTTP/1.1 GET http://localhost:5000/api/dashboard - 500 null application/json 21.3818ms
2026-01-07 17:42:08.337 +07:00 [INF] Request starting HTTP/1.1 GET http://localhost:5000/api/dashboard - null null
2026-01-07 17:42:08.339 +07:00 [INF] CORS policy execution successful.
2026-01-07 17:42:08.339 +07:00 [INF] Executing endpoint 'PelindoCarLoan.API.Controllers.DashboardController.GetDashboard (PelindoCarLoan.API)'
2026-01-07 17:42:08.340 +07:00 [INF] Route matched with {action = "GetDashboard", controller = "Dashboard"}. Executing controller action with signature System.Threading.Tasks.Task`1[Microsoft.AspNetCore.Mvc.IActionResult] GetDashboard() on controller PelindoCarLoan.API.Controllers.DashboardController (PelindoCarLoan.API).
2026-01-07 17:42:08.346 +07:00 [INF] Executed action PelindoCarLoan.API.Controllers.DashboardController.GetDashboard (PelindoCarLoan.API) in 4.6772ms
2026-01-07 17:42:08.347 +07:00 [INF] Executed endpoint 'PelindoCarLoan.API.Controllers.DashboardController.GetDashboard (PelindoCarLoan.API)'
2026-01-07 17:42:08.348 +07:00 [ERR] An unhandled exception occurred
Oracle.ManagedDataAccess.Client.OracleException (0x80004005): ORA-00904: "U"."ID": invalid identifier
https://docs.oracle.com/error-help/db/ora-00904/
   at System.Threading.Tasks.ContinuationResultTaskFromResultTask`2.InnerInvoke()
   at System.Threading.ExecutionContext.RunInternal(ExecutionContext executionContext, ContextCallback callback, Object state)
--- End of stack trace from previous location ---
   at System.Threading.ExecutionContext.RunInternal(ExecutionContext executionContext, ContextCallback callback, Object state)
   at System.Threading.Tasks.Task.ExecuteWithThreadLocal(Task& currentTaskSlot, Thread threadPoolThread)
--- End of stack trace from previous location ---
   at Dapper.SqlMapper.MultiMapAsync[TFirst,TSecond,TThird,TFourth,TFifth,TSixth,TSeventh,TReturn](IDbConnection cnn, CommandDefinition command, Delegate map, String splitOn) in /_/Dapper/SqlMapper.Async.cs:line 940
   at PelindoCarLoan.API.Repositories.LoanRequestRepository.GetAllAsync(Nullable`1 userId, String status) in C:\Users\abima\Desktop\Project\Pelindo\pelindo-car-loan\backend\PelindoCarLoan.API\Repositories\LoanRequestRepository.cs:line 95
   at PelindoCarLoan.API.Services.DashboardService.GetDashboardAsync(Int32 userId, String role) in C:\Users\abima\Desktop\Project\Pelindo\pelindo-car-loan\backend\PelindoCarLoan.API\Services\DashboardService.cs:line 78
   at PelindoCarLoan.API.Controllers.DashboardController.GetDashboard() in C:\Users\abima\Desktop\Project\Pelindo\pelindo-car-loan\backend\PelindoCarLoan.API\Controllers\DashboardController.cs:line 33
   at Microsoft.AspNetCore.Mvc.Infrastructure.ActionMethodExecutor.TaskOfIActionResultExecutor.Execute(ActionContext actionContext, IActionResultTypeMapper mapper, ObjectMethodExecutor executor, Object controller, Object[] arguments)
   at Microsoft.AspNetCore.Mvc.Infrastructure.ControllerActionInvoker.<InvokeActionMethodAsync>g__Awaited|12_0(ControllerActionInvoker invoker, ValueTask`1 actionResultValueTask)
   at Microsoft.AspNetCore.Mvc.Infrastructure.ControllerActionInvoker.<InvokeNextActionFilterAsync>g__Awaited|10_0(ControllerActionInvoker invoker, Task lastTask, State next, Scope scope, Object state, Boolean isCompleted)
   at Microsoft.AspNetCore.Mvc.Infrastructure.ControllerActionInvoker.Rethrow(ActionExecutedContextSealed context)
   at Microsoft.AspNetCore.Mvc.Infrastructure.ControllerActionInvoker.Next(State& next, Scope& scope, Object& state, Boolean& isCompleted)
   at Microsoft.AspNetCore.Mvc.Infrastructure.ControllerActionInvoker.<InvokeInnerFilterAsync>g__Awaited|13_0(ControllerActionInvoker invoker, Task lastTask, State next, Scope scope, Object state, Boolean isCompleted)
   at Microsoft.AspNetCore.Mvc.Infrastructure.ResourceInvoker.<InvokeFilterPipelineAsync>g__Awaited|20_0(ResourceInvoker invoker, Task lastTask, State next, Scope scope, Object state, Boolean isCompleted)
   at Microsoft.AspNetCore.Mvc.Infrastructure.ResourceInvoker.<InvokeAsync>g__Logged|17_1(ResourceInvoker invoker)
   at Microsoft.AspNetCore.Mvc.Infrastructure.ResourceInvoker.<InvokeAsync>g__Logged|17_1(ResourceInvoker invoker)
   at Microsoft.AspNetCore.Routing.EndpointMiddleware.<Invoke>g__AwaitRequestTask|7_0(Endpoint endpoint, Task requestTask, ILogger logger)
   at Microsoft.AspNetCore.Authorization.AuthorizationMiddleware.Invoke(HttpContext context)
   at Microsoft.AspNetCore.Authentication.AuthenticationMiddleware.Invoke(HttpContext context)
   at PelindoCarLoan.API.Middleware.ExceptionMiddleware.InvokeAsync(HttpContext context) in C:\Users\abima\Desktop\Project\Pelindo\pelindo-car-loan\backend\PelindoCarLoan.API\Middleware\ExceptionMiddleware.cs:line 22
2026-01-07 17:42:08.354 +07:00 [INF] Request finished HTTP/1.1 GET http://localhost:5000/api/dashboard - 500 null application/json 17.0953ms
2026-01-07 17:43:32.850 +07:00 [INF] Request starting HTTP/1.1 OPTIONS http://localhost:5000/api/schedules - null null
2026-01-07 17:43:32.851 +07:00 [INF] Request starting HTTP/1.1 OPTIONS http://localhost:5000/api/schedules/waiting-resources - null null
2026-01-07 17:43:32.855 +07:00 [INF] CORS policy execution successful.
2026-01-07 17:43:32.857 +07:00 [INF] CORS policy execution successful.
2026-01-07 17:43:32.858 +07:00 [INF] Request finished HTTP/1.1 OPTIONS http://localhost:5000/api/schedules - 204 null null 7.5168ms
2026-01-07 17:43:32.859 +07:00 [INF] Request finished HTTP/1.1 OPTIONS http://localhost:5000/api/schedules/waiting-resources - 204 null null 8.4409ms
2026-01-07 17:43:32.863 +07:00 [INF] Request starting HTTP/1.1 GET http://localhost:5000/api/schedules/waiting-resources - null null
2026-01-07 17:43:32.866 +07:00 [INF] Request starting HTTP/1.1 GET http://localhost:5000/api/schedules - null null
2026-01-07 17:43:32.868 +07:00 [INF] CORS policy execution successful.
2026-01-07 17:43:32.870 +07:00 [INF] CORS policy execution successful.
2026-01-07 17:43:32.871 +07:00 [INF] Executing endpoint 'PelindoCarLoan.API.Controllers.SchedulesController.GetWaitingResources (PelindoCarLoan.API)'
2026-01-07 17:43:32.872 +07:00 [INF] Executing endpoint 'PelindoCarLoan.API.Controllers.SchedulesController.GetAll (PelindoCarLoan.API)'
2026-01-07 17:43:32.873 +07:00 [INF] Route matched with {action = "GetWaitingResources", controller = "Schedules"}. Executing controller action with signature System.Threading.Tasks.Task`1[Microsoft.AspNetCore.Mvc.IActionResult] GetWaitingResources() on controller PelindoCarLoan.API.Controllers.SchedulesController (PelindoCarLoan.API).
2026-01-07 17:43:32.874 +07:00 [INF] Route matched with {action = "GetAll", controller = "Schedules"}. Executing controller action with signature System.Threading.Tasks.Task`1[Microsoft.AspNetCore.Mvc.IActionResult] GetAll(System.String) on controller PelindoCarLoan.API.Controllers.SchedulesController (PelindoCarLoan.API).
2026-01-07 17:43:32.881 +07:00 [INF] Executed action PelindoCarLoan.API.Controllers.SchedulesController.GetWaitingResources (PelindoCarLoan.API) in 5.3079ms
2026-01-07 17:43:32.881 +07:00 [INF] Executed action PelindoCarLoan.API.Controllers.SchedulesController.GetAll (PelindoCarLoan.API) in 3.1837ms
2026-01-07 17:43:32.882 +07:00 [INF] Executed endpoint 'PelindoCarLoan.API.Controllers.SchedulesController.GetWaitingResources (PelindoCarLoan.API)'
2026-01-07 17:43:32.884 +07:00 [INF] Executed endpoint 'PelindoCarLoan.API.Controllers.SchedulesController.GetAll (PelindoCarLoan.API)'
2026-01-07 17:43:32.885 +07:00 [ERR] An unhandled exception occurred
Oracle.ManagedDataAccess.Client.OracleException (0x80004005): ORA-00904: "U"."ID": invalid identifier
https://docs.oracle.com/error-help/db/ora-00904/
   at System.Threading.Tasks.ContinuationResultTaskFromResultTask`2.InnerInvoke()
   at System.Threading.ExecutionContext.RunInternal(ExecutionContext executionContext, ContextCallback callback, Object state)
--- End of stack trace from previous location ---
   at System.Threading.ExecutionContext.RunInternal(ExecutionContext executionContext, ContextCallback callback, Object state)
   at System.Threading.Tasks.Task.ExecuteWithThreadLocal(Task& currentTaskSlot, Thread threadPoolThread)
--- End of stack trace from previous location ---
   at Dapper.SqlMapper.MultiMapAsync[TFirst,TSecond,TThird,TFourth,TFifth,TSixth,TSeventh,TReturn](IDbConnection cnn, CommandDefinition command, Delegate map, String splitOn) in /_/Dapper/SqlMapper.Async.cs:line 940
   at PelindoCarLoan.API.Repositories.LoanRequestRepository.GetAllAsync(Nullable`1 userId, String status) in C:\Users\abima\Desktop\Project\Pelindo\pelindo-car-loan\backend\PelindoCarLoan.API\Repositories\LoanRequestRepository.cs:line 95
   at PelindoCarLoan.API.Repositories.LoanRequestRepository.GetByStatusAsync(String status) in C:\Users\abima\Desktop\Project\Pelindo\pelindo-car-loan\backend\PelindoCarLoan.API\Repositories\LoanRequestRepository.cs:line 141
   at PelindoCarLoan.API.Services.SchedulingService.GetWaitingResourceRequestsAsync() in C:\Users\abima\Desktop\Project\Pelindo\pelindo-car-loan\backend\PelindoCarLoan.API\Services\SchedulingService.cs:line 256
   at PelindoCarLoan.API.Controllers.SchedulesController.GetWaitingResources() in C:\Users\abima\Desktop\Project\Pelindo\pelindo-car-loan\backend\PelindoCarLoan.API\Controllers\SchedulesController.cs:line 152
   at Microsoft.AspNetCore.Mvc.Infrastructure.ActionMethodExecutor.TaskOfIActionResultExecutor.Execute(ActionContext actionContext, IActionResultTypeMapper mapper, ObjectMethodExecutor executor, Object controller, Object[] arguments)
   at Microsoft.AspNetCore.Mvc.Infrastructure.ControllerActionInvoker.<InvokeActionMethodAsync>g__Awaited|12_0(ControllerActionInvoker invoker, ValueTask`1 actionResultValueTask)
   at Microsoft.AspNetCore.Mvc.Infrastructure.ControllerActionInvoker.<InvokeNextActionFilterAsync>g__Awaited|10_0(ControllerActionInvoker invoker, Task lastTask, State next, Scope scope, Object state, Boolean isCompleted)
   at Microsoft.AspNetCore.Mvc.Infrastructure.ControllerActionInvoker.Rethrow(ActionExecutedContextSealed context)
   at Microsoft.AspNetCore.Mvc.Infrastructure.ControllerActionInvoker.Next(State& next, Scope& scope, Object& state, Boolean& isCompleted)
   at Microsoft.AspNetCore.Mvc.Infrastructure.ControllerActionInvoker.<InvokeInnerFilterAsync>g__Awaited|13_0(ControllerActionInvoker invoker, Task lastTask, State next, Scope scope, Object state, Boolean isCompleted)
   at Microsoft.AspNetCore.Mvc.Infrastructure.ResourceInvoker.<InvokeFilterPipelineAsync>g__Awaited|20_0(ResourceInvoker invoker, Task lastTask, State next, Scope scope, Object state, Boolean isCompleted)
   at Microsoft.AspNetCore.Mvc.Infrastructure.ResourceInvoker.<InvokeAsync>g__Logged|17_1(ResourceInvoker invoker)
   at Microsoft.AspNetCore.Mvc.Infrastructure.ResourceInvoker.<InvokeAsync>g__Logged|17_1(ResourceInvoker invoker)
   at Microsoft.AspNetCore.Routing.EndpointMiddleware.<Invoke>g__AwaitRequestTask|7_0(Endpoint endpoint, Task requestTask, ILogger logger)
   at Microsoft.AspNetCore.Authorization.AuthorizationMiddleware.Invoke(HttpContext context)
   at Microsoft.AspNetCore.Authentication.AuthenticationMiddleware.Invoke(HttpContext context)
   at PelindoCarLoan.API.Middleware.ExceptionMiddleware.InvokeAsync(HttpContext context) in C:\Users\abima\Desktop\Project\Pelindo\pelindo-car-loan\backend\PelindoCarLoan.API\Middleware\ExceptionMiddleware.cs:line 22
2026-01-07 17:43:32.886 +07:00 [ERR] An unhandled exception occurred
Oracle.ManagedDataAccess.Client.OracleException (0x80004005): ORA-00904: "LR"."ID": invalid identifier
https://docs.oracle.com/error-help/db/ora-00904/
   at System.Threading.Tasks.ContinuationResultTaskFromResultTask`2.InnerInvoke()
   at System.Threading.ExecutionContext.RunInternal(ExecutionContext executionContext, ContextCallback callback, Object state)
--- End of stack trace from previous location ---
   at System.Threading.ExecutionContext.RunInternal(ExecutionContext executionContext, ContextCallback callback, Object state)
   at System.Threading.Tasks.Task.ExecuteWithThreadLocal(Task& currentTaskSlot, Thread threadPoolThread)
--- End of stack trace from previous location ---
   at Dapper.SqlMapper.MultiMapAsync[TFirst,TSecond,TThird,TFourth,TFifth,TSixth,TSeventh,TReturn](IDbConnection cnn, CommandDefinition command, Delegate map, String splitOn) in /_/Dapper/SqlMapper.Async.cs:line 940
   at PelindoCarLoan.API.Repositories.ScheduleRepository.GetAllAsync(String status) in C:\Users\abima\Desktop\Project\Pelindo\pelindo-car-loan\backend\PelindoCarLoan.API\Repositories\ScheduleRepository.cs:line 89
   at PelindoCarLoan.API.Services.SchedulingService.GetAllAsync(String status) in C:\Users\abima\Desktop\Project\Pelindo\pelindo-car-loan\backend\PelindoCarLoan.API\Services\SchedulingService.cs:line 203
   at PelindoCarLoan.API.Controllers.SchedulesController.GetAll(String status) in C:\Users\abima\Desktop\Project\Pelindo\pelindo-car-loan\backend\PelindoCarLoan.API\Controllers\SchedulesController.cs:line 35
   at Microsoft.AspNetCore.Mvc.Infrastructure.ActionMethodExecutor.TaskOfIActionResultExecutor.Execute(ActionContext actionContext, IActionResultTypeMapper mapper, ObjectMethodExecutor executor, Object controller, Object[] arguments)
   at Microsoft.AspNetCore.Mvc.Infrastructure.ControllerActionInvoker.<InvokeActionMethodAsync>g__Awaited|12_0(ControllerActionInvoker invoker, ValueTask`1 actionResultValueTask)
   at Microsoft.AspNetCore.Mvc.Infrastructure.ControllerActionInvoker.<InvokeNextActionFilterAsync>g__Awaited|10_0(ControllerActionInvoker invoker, Task lastTask, State next, Scope scope, Object state, Boolean isCompleted)
   at Microsoft.AspNetCore.Mvc.Infrastructure.ControllerActionInvoker.Rethrow(ActionExecutedContextSealed context)
   at Microsoft.AspNetCore.Mvc.Infrastructure.ControllerActionInvoker.Next(State& next, Scope& scope, Object& state, Boolean& isCompleted)
   at Microsoft.AspNetCore.Mvc.Infrastructure.ControllerActionInvoker.<InvokeInnerFilterAsync>g__Awaited|13_0(ControllerActionInvoker invoker, Task lastTask, State next, Scope scope, Object state, Boolean isCompleted)
   at Microsoft.AspNetCore.Mvc.Infrastructure.ResourceInvoker.<InvokeFilterPipelineAsync>g__Awaited|20_0(ResourceInvoker invoker, Task lastTask, State next, Scope scope, Object state, Boolean isCompleted)
   at Microsoft.AspNetCore.Mvc.Infrastructure.ResourceInvoker.<InvokeAsync>g__Logged|17_1(ResourceInvoker invoker)
   at Microsoft.AspNetCore.Mvc.Infrastructure.ResourceInvoker.<InvokeAsync>g__Logged|17_1(ResourceInvoker invoker)
   at Microsoft.AspNetCore.Routing.EndpointMiddleware.<Invoke>g__AwaitRequestTask|7_0(Endpoint endpoint, Task requestTask, ILogger logger)
   at Microsoft.AspNetCore.Authorization.AuthorizationMiddleware.Invoke(HttpContext context)
   at Microsoft.AspNetCore.Authentication.AuthenticationMiddleware.Invoke(HttpContext context)
   at PelindoCarLoan.API.Middleware.ExceptionMiddleware.InvokeAsync(HttpContext context) in C:\Users\abima\Desktop\Project\Pelindo\pelindo-car-loan\backend\PelindoCarLoan.API\Middleware\ExceptionMiddleware.cs:line 22
2026-01-07 17:43:32.894 +07:00 [INF] Request finished HTTP/1.1 GET http://localhost:5000/api/schedules/waiting-resources - 500 null application/json 30.8697ms
2026-01-07 17:43:32.900 +07:00 [INF] Request finished HTTP/1.1 GET http://localhost:5000/api/schedules - 500 null application/json 33.8374ms
2026-01-07 17:43:33.900 +07:00 [INF] Request starting HTTP/1.1 GET http://localhost:5000/api/schedules/waiting-resources - null null
2026-01-07 17:43:33.902 +07:00 [INF] CORS policy execution successful.
2026-01-07 17:43:33.903 +07:00 [INF] Executing endpoint 'PelindoCarLoan.API.Controllers.SchedulesController.GetWaitingResources (PelindoCarLoan.API)'
2026-01-07 17:43:33.903 +07:00 [INF] Route matched with {action = "GetWaitingResources", controller = "Schedules"}. Executing controller action with signature System.Threading.Tasks.Task`1[Microsoft.AspNetCore.Mvc.IActionResult] GetWaitingResources() on controller PelindoCarLoan.API.Controllers.SchedulesController (PelindoCarLoan.API).
2026-01-07 17:43:33.906 +07:00 [INF] Request starting HTTP/1.1 GET http://localhost:5000/api/schedules - null null
2026-01-07 17:43:33.907 +07:00 [INF] Executed action PelindoCarLoan.API.Controllers.SchedulesController.GetWaitingResources (PelindoCarLoan.API) in 1.9419ms
2026-01-07 17:43:33.908 +07:00 [INF] CORS policy execution successful.
2026-01-07 17:43:33.909 +07:00 [INF] Executed endpoint 'PelindoCarLoan.API.Controllers.SchedulesController.GetWaitingResources (PelindoCarLoan.API)'
2026-01-07 17:43:33.910 +07:00 [INF] Executing endpoint 'PelindoCarLoan.API.Controllers.SchedulesController.GetAll (PelindoCarLoan.API)'
2026-01-07 17:43:33.910 +07:00 [ERR] An unhandled exception occurred
Oracle.ManagedDataAccess.Client.OracleException (0x80004005): ORA-00904: "U"."ID": invalid identifier
https://docs.oracle.com/error-help/db/ora-00904/
   at System.Threading.Tasks.ContinuationResultTaskFromResultTask`2.InnerInvoke()
   at System.Threading.ExecutionContext.RunInternal(ExecutionContext executionContext, ContextCallback callback, Object state)
--- End of stack trace from previous location ---
   at System.Threading.ExecutionContext.RunInternal(ExecutionContext executionContext, ContextCallback callback, Object state)
   at System.Threading.Tasks.Task.ExecuteWithThreadLocal(Task& currentTaskSlot, Thread threadPoolThread)
--- End of stack trace from previous location ---
   at Dapper.SqlMapper.MultiMapAsync[TFirst,TSecond,TThird,TFourth,TFifth,TSixth,TSeventh,TReturn](IDbConnection cnn, CommandDefinition command, Delegate map, String splitOn) in /_/Dapper/SqlMapper.Async.cs:line 940
   at PelindoCarLoan.API.Repositories.LoanRequestRepository.GetAllAsync(Nullable`1 userId, String status) in C:\Users\abima\Desktop\Project\Pelindo\pelindo-car-loan\backend\PelindoCarLoan.API\Repositories\LoanRequestRepository.cs:line 95
   at PelindoCarLoan.API.Repositories.LoanRequestRepository.GetByStatusAsync(String status) in C:\Users\abima\Desktop\Project\Pelindo\pelindo-car-loan\backend\PelindoCarLoan.API\Repositories\LoanRequestRepository.cs:line 141
   at PelindoCarLoan.API.Services.SchedulingService.GetWaitingResourceRequestsAsync() in C:\Users\abima\Desktop\Project\Pelindo\pelindo-car-loan\backend\PelindoCarLoan.API\Services\SchedulingService.cs:line 256
   at PelindoCarLoan.API.Controllers.SchedulesController.GetWaitingResources() in C:\Users\abima\Desktop\Project\Pelindo\pelindo-car-loan\backend\PelindoCarLoan.API\Controllers\SchedulesController.cs:line 152
   at Microsoft.AspNetCore.Mvc.Infrastructure.ActionMethodExecutor.TaskOfIActionResultExecutor.Execute(ActionContext actionContext, IActionResultTypeMapper mapper, ObjectMethodExecutor executor, Object controller, Object[] arguments)
   at Microsoft.AspNetCore.Mvc.Infrastructure.ControllerActionInvoker.<InvokeActionMethodAsync>g__Awaited|12_0(ControllerActionInvoker invoker, ValueTask`1 actionResultValueTask)
   at Microsoft.AspNetCore.Mvc.Infrastructure.ControllerActionInvoker.<InvokeNextActionFilterAsync>g__Awaited|10_0(ControllerActionInvoker invoker, Task lastTask, State next, Scope scope, Object state, Boolean isCompleted)
   at Microsoft.AspNetCore.Mvc.Infrastructure.ControllerActionInvoker.Rethrow(ActionExecutedContextSealed context)
   at Microsoft.AspNetCore.Mvc.Infrastructure.ControllerActionInvoker.Next(State& next, Scope& scope, Object& state, Boolean& isCompleted)
   at Microsoft.AspNetCore.Mvc.Infrastructure.ControllerActionInvoker.<InvokeInnerFilterAsync>g__Awaited|13_0(ControllerActionInvoker invoker, Task lastTask, State next, Scope scope, Object state, Boolean isCompleted)
   at Microsoft.AspNetCore.Mvc.Infrastructure.ResourceInvoker.<InvokeFilterPipelineAsync>g__Awaited|20_0(ResourceInvoker invoker, Task lastTask, State next, Scope scope, Object state, Boolean isCompleted)
   at Microsoft.AspNetCore.Mvc.Infrastructure.ResourceInvoker.<InvokeAsync>g__Logged|17_1(ResourceInvoker invoker)
   at Microsoft.AspNetCore.Mvc.Infrastructure.ResourceInvoker.<InvokeAsync>g__Logged|17_1(ResourceInvoker invoker)
   at Microsoft.AspNetCore.Routing.EndpointMiddleware.<Invoke>g__AwaitRequestTask|7_0(Endpoint endpoint, Task requestTask, ILogger logger)
   at Microsoft.AspNetCore.Authorization.AuthorizationMiddleware.Invoke(HttpContext context)
   at Microsoft.AspNetCore.Authentication.AuthenticationMiddleware.Invoke(HttpContext context)
   at PelindoCarLoan.API.Middleware.ExceptionMiddleware.InvokeAsync(HttpContext context) in C:\Users\abima\Desktop\Project\Pelindo\pelindo-car-loan\backend\PelindoCarLoan.API\Middleware\ExceptionMiddleware.cs:line 22
2026-01-07 17:43:33.911 +07:00 [INF] Route matched with {action = "GetAll", controller = "Schedules"}. Executing controller action with signature System.Threading.Tasks.Task`1[Microsoft.AspNetCore.Mvc.IActionResult] GetAll(System.String) on controller PelindoCarLoan.API.Controllers.SchedulesController (PelindoCarLoan.API).
2026-01-07 17:43:33.917 +07:00 [INF] Request finished HTTP/1.1 GET http://localhost:5000/api/schedules/waiting-resources - 500 null application/json 17.3093ms
2026-01-07 17:43:33.920 +07:00 [INF] Executed action PelindoCarLoan.API.Controllers.SchedulesController.GetAll (PelindoCarLoan.API) in 2.6414ms
2026-01-07 17:43:33.921 +07:00 [INF] Executed endpoint 'PelindoCarLoan.API.Controllers.SchedulesController.GetAll (PelindoCarLoan.API)'
2026-01-07 17:43:33.922 +07:00 [ERR] An unhandled exception occurred
Oracle.ManagedDataAccess.Client.OracleException (0x80004005): ORA-00904: "LR"."ID": invalid identifier
https://docs.oracle.com/error-help/db/ora-00904/
   at System.Threading.Tasks.ContinuationResultTaskFromResultTask`2.InnerInvoke()
   at System.Threading.ExecutionContext.RunInternal(ExecutionContext executionContext, ContextCallback callback, Object state)
--- End of stack trace from previous location ---
   at System.Threading.ExecutionContext.RunInternal(ExecutionContext executionContext, ContextCallback callback, Object state)
   at System.Threading.Tasks.Task.ExecuteWithThreadLocal(Task& currentTaskSlot, Thread threadPoolThread)
--- End of stack trace from previous location ---
   at Dapper.SqlMapper.MultiMapAsync[TFirst,TSecond,TThird,TFourth,TFifth,TSixth,TSeventh,TReturn](IDbConnection cnn, CommandDefinition command, Delegate map, String splitOn) in /_/Dapper/SqlMapper.Async.cs:line 940
   at PelindoCarLoan.API.Repositories.ScheduleRepository.GetAllAsync(String status) in C:\Users\abima\Desktop\Project\Pelindo\pelindo-car-loan\backend\PelindoCarLoan.API\Repositories\ScheduleRepository.cs:line 89
   at PelindoCarLoan.API.Services.SchedulingService.GetAllAsync(String status) in C:\Users\abima\Desktop\Project\Pelindo\pelindo-car-loan\backend\PelindoCarLoan.API\Services\SchedulingService.cs:line 203
   at PelindoCarLoan.API.Controllers.SchedulesController.GetAll(String status) in C:\Users\abima\Desktop\Project\Pelindo\pelindo-car-loan\backend\PelindoCarLoan.API\Controllers\SchedulesController.cs:line 35
   at Microsoft.AspNetCore.Mvc.Infrastructure.ActionMethodExecutor.TaskOfIActionResultExecutor.Execute(ActionContext actionContext, IActionResultTypeMapper mapper, ObjectMethodExecutor executor, Object controller, Object[] arguments)
   at Microsoft.AspNetCore.Mvc.Infrastructure.ControllerActionInvoker.<InvokeActionMethodAsync>g__Awaited|12_0(ControllerActionInvoker invoker, ValueTask`1 actionResultValueTask)
   at Microsoft.AspNetCore.Mvc.Infrastructure.ControllerActionInvoker.<InvokeNextActionFilterAsync>g__Awaited|10_0(ControllerActionInvoker invoker, Task lastTask, State next, Scope scope, Object state, Boolean isCompleted)
   at Microsoft.AspNetCore.Mvc.Infrastructure.ControllerActionInvoker.Rethrow(ActionExecutedContextSealed context)
   at Microsoft.AspNetCore.Mvc.Infrastructure.ControllerActionInvoker.Next(State& next, Scope& scope, Object& state, Boolean& isCompleted)
   at Microsoft.AspNetCore.Mvc.Infrastructure.ControllerActionInvoker.<InvokeInnerFilterAsync>g__Awaited|13_0(ControllerActionInvoker invoker, Task lastTask, State next, Scope scope, Object state, Boolean isCompleted)
   at Microsoft.AspNetCore.Mvc.Infrastructure.ResourceInvoker.<InvokeFilterPipelineAsync>g__Awaited|20_0(ResourceInvoker invoker, Task lastTask, State next, Scope scope, Object state, Boolean isCompleted)
   at Microsoft.AspNetCore.Mvc.Infrastructure.ResourceInvoker.<InvokeAsync>g__Logged|17_1(ResourceInvoker invoker)
   at Microsoft.AspNetCore.Mvc.Infrastructure.ResourceInvoker.<InvokeAsync>g__Logged|17_1(ResourceInvoker invoker)
   at Microsoft.AspNetCore.Routing.EndpointMiddleware.<Invoke>g__AwaitRequestTask|7_0(Endpoint endpoint, Task requestTask, ILogger logger)
   at Microsoft.AspNetCore.Authorization.AuthorizationMiddleware.Invoke(HttpContext context)
   at Microsoft.AspNetCore.Authentication.AuthenticationMiddleware.Invoke(HttpContext context)
   at PelindoCarLoan.API.Middleware.ExceptionMiddleware.InvokeAsync(HttpContext context) in C:\Users\abima\Desktop\Project\Pelindo\pelindo-car-loan\backend\PelindoCarLoan.API\Middleware\ExceptionMiddleware.cs:line 22
2026-01-07 17:43:33.928 +07:00 [INF] Request finished HTTP/1.1 GET http://localhost:5000/api/schedules - 500 null application/json 22.1823ms
2026-01-07 17:43:34.571 +07:00 [INF] Request starting HTTP/1.1 OPTIONS http://localhost:5000/api/drivers - null null
2026-01-07 17:43:34.574 +07:00 [INF] CORS policy execution successful.
2026-01-07 17:43:34.575 +07:00 [INF] Request finished HTTP/1.1 OPTIONS http://localhost:5000/api/drivers - 204 null null 4.2079ms
2026-01-07 17:43:34.579 +07:00 [INF] Request starting HTTP/1.1 GET http://localhost:5000/api/drivers - null null
2026-01-07 17:43:34.582 +07:00 [INF] CORS policy execution successful.
2026-01-07 17:43:34.582 +07:00 [INF] Executing endpoint 'PelindoCarLoan.API.Controllers.DriversController.GetAll (PelindoCarLoan.API)'
2026-01-07 17:43:34.583 +07:00 [INF] Route matched with {action = "GetAll", controller = "Drivers"}. Executing controller action with signature System.Threading.Tasks.Task`1[Microsoft.AspNetCore.Mvc.IActionResult] GetAll(System.String) on controller PelindoCarLoan.API.Controllers.DriversController (PelindoCarLoan.API).
2026-01-07 17:43:34.587 +07:00 [INF] Executing OkObjectResult, writing value of type 'PelindoCarLoan.API.DTOs.ApiResponse`1[[System.Collections.Generic.IEnumerable`1[[PelindoCarLoan.API.DTOs.DriverDto, PelindoCarLoan.API, Version=1.0.0.0, Culture=neutral, PublicKeyToken=null]], System.Private.CoreLib, Version=8.0.0.0, Culture=neutral, PublicKeyToken=7cec85d7bea7798e]]'.
2026-01-07 17:43:34.589 +07:00 [INF] Executed action PelindoCarLoan.API.Controllers.DriversController.GetAll (PelindoCarLoan.API) in 3.2228ms
2026-01-07 17:43:34.590 +07:00 [INF] Executed endpoint 'PelindoCarLoan.API.Controllers.DriversController.GetAll (PelindoCarLoan.API)'
2026-01-07 17:43:34.591 +07:00 [INF] Request finished HTTP/1.1 GET http://localhost:5000/api/drivers - 200 null application/json; charset=utf-8 11.9929ms
2026-01-07 17:44:05.526 +07:00 [INF] Application is shutting down...
2026-01-07 17:44:24.006 +07:00 [INF] Pelindo Car Loan API started successfully
2026-01-07 17:44:24.056 +07:00 [INF] User profile is available. Using 'C:\Users\abima\AppData\Local\ASP.NET\DataProtection-Keys' as key repository and Windows DPAPI to encrypt keys at rest.
2026-01-07 17:44:24.104 +07:00 [INF] Now listening on: http://localhost:5000
2026-01-07 17:44:24.108 +07:00 [INF] Application started. Press Ctrl+C to shut down.
2026-01-07 17:44:24.109 +07:00 [INF] Hosting environment: Production
2026-01-07 17:44:24.110 +07:00 [INF] Content root path: C:\Users\abima\Desktop\Project\Pelindo\pelindo-car-loan\backend\PelindoCarLoan.API
2026-01-07 17:44:25.384 +07:00 [INF] Request starting HTTP/1.1 OPTIONS http://localhost:5000/api/drivers - null null
2026-01-07 17:44:25.407 +07:00 [INF] CORS policy execution successful.
2026-01-07 17:44:25.412 +07:00 [INF] Request finished HTTP/1.1 OPTIONS http://localhost:5000/api/drivers - 204 null null 29.5877ms
2026-01-07 17:44:25.419 +07:00 [INF] Request starting HTTP/1.1 GET http://localhost:5000/api/drivers - null null
2026-01-07 17:44:25.423 +07:00 [INF] CORS policy execution successful.
2026-01-07 17:44:25.424 +07:00 [WRN] Failed to determine the https port for redirect.
2026-01-07 17:44:25.504 +07:00 [INF] Executing endpoint 'PelindoCarLoan.API.Controllers.DriversController.GetAll (PelindoCarLoan.API)'
2026-01-07 17:44:25.522 +07:00 [INF] Route matched with {action = "GetAll", controller = "Drivers"}. Executing controller action with signature System.Threading.Tasks.Task`1[Microsoft.AspNetCore.Mvc.IActionResult] GetAll(System.String) on controller PelindoCarLoan.API.Controllers.DriversController (PelindoCarLoan.API).
2026-01-07 17:44:26.027 +07:00 [INF] Executing OkObjectResult, writing value of type 'PelindoCarLoan.API.DTOs.ApiResponse`1[[System.Collections.Generic.IEnumerable`1[[PelindoCarLoan.API.DTOs.DriverDto, PelindoCarLoan.API, Version=1.0.0.0, Culture=neutral, PublicKeyToken=null]], System.Private.CoreLib, Version=8.0.0.0, Culture=neutral, PublicKeyToken=7cec85d7bea7798e]]'.
2026-01-07 17:44:26.055 +07:00 [INF] Request starting HTTP/1.1 OPTIONS http://localhost:5000/api/schedules - null null
2026-01-07 17:44:26.057 +07:00 [INF] Request starting HTTP/1.1 OPTIONS http://localhost:5000/api/schedules/waiting-resources - null null
2026-01-07 17:44:26.060 +07:00 [INF] CORS policy execution successful.
2026-01-07 17:44:26.064 +07:00 [INF] CORS policy execution successful.
2026-01-07 17:44:26.065 +07:00 [INF] Request finished HTTP/1.1 OPTIONS http://localhost:5000/api/schedules - 204 null null 9.5643ms
2026-01-07 17:44:26.066 +07:00 [INF] Request finished HTTP/1.1 OPTIONS http://localhost:5000/api/schedules/waiting-resources - 204 null null 8.8875ms
2026-01-07 17:44:26.069 +07:00 [INF] Request starting HTTP/1.1 GET http://localhost:5000/api/schedules - null null
2026-01-07 17:44:26.072 +07:00 [INF] Executed action PelindoCarLoan.API.Controllers.DriversController.GetAll (PelindoCarLoan.API) in 543.2239ms
2026-01-07 17:44:26.073 +07:00 [INF] Request starting HTTP/1.1 GET http://localhost:5000/api/schedules/waiting-resources - null null
2026-01-07 17:44:26.076 +07:00 [INF] CORS policy execution successful.
2026-01-07 17:44:26.078 +07:00 [INF] Executed endpoint 'PelindoCarLoan.API.Controllers.DriversController.GetAll (PelindoCarLoan.API)'
2026-01-07 17:44:26.081 +07:00 [INF] CORS policy execution successful.
2026-01-07 17:44:26.082 +07:00 [INF] Request finished HTTP/1.1 GET http://localhost:5000/api/drivers - 200 null application/json; charset=utf-8 662.9261ms
2026-01-07 17:44:26.084 +07:00 [INF] Executing endpoint 'PelindoCarLoan.API.Controllers.SchedulesController.GetAll (PelindoCarLoan.API)'
2026-01-07 17:44:26.084 +07:00 [INF] Executing endpoint 'PelindoCarLoan.API.Controllers.SchedulesController.GetWaitingResources (PelindoCarLoan.API)'
2026-01-07 17:44:26.090 +07:00 [INF] Route matched with {action = "GetWaitingResources", controller = "Schedules"}. Executing controller action with signature System.Threading.Tasks.Task`1[Microsoft.AspNetCore.Mvc.IActionResult] GetWaitingResources() on controller PelindoCarLoan.API.Controllers.SchedulesController (PelindoCarLoan.API).
2026-01-07 17:44:26.091 +07:00 [INF] Route matched with {action = "GetAll", controller = "Schedules"}. Executing controller action with signature System.Threading.Tasks.Task`1[Microsoft.AspNetCore.Mvc.IActionResult] GetAll(System.String) on controller PelindoCarLoan.API.Controllers.SchedulesController (PelindoCarLoan.API).
2026-01-07 17:44:26.169 +07:00 [INF] Executing OkObjectResult, writing value of type 'PelindoCarLoan.API.DTOs.ApiResponse`1[[System.Collections.Generic.IEnumerable`1[[PelindoCarLoan.API.DTOs.ScheduleDto, PelindoCarLoan.API, Version=1.0.0.0, Culture=neutral, PublicKeyToken=null]], System.Private.CoreLib, Version=8.0.0.0, Culture=neutral, PublicKeyToken=7cec85d7bea7798e]]'.
2026-01-07 17:44:26.183 +07:00 [INF] Executed action PelindoCarLoan.API.Controllers.SchedulesController.GetWaitingResources (PelindoCarLoan.API) in 90.45ms
2026-01-07 17:44:26.184 +07:00 [INF] Executing OkObjectResult, writing value of type 'PelindoCarLoan.API.DTOs.ApiResponse`1[[System.Collections.Generic.IEnumerable`1[[PelindoCarLoan.API.DTOs.ScheduleDto, PelindoCarLoan.API, Version=1.0.0.0, Culture=neutral, PublicKeyToken=null]], System.Private.CoreLib, Version=8.0.0.0, Culture=neutral, PublicKeyToken=7cec85d7bea7798e]]'.
2026-01-07 17:44:26.186 +07:00 [INF] Executed endpoint 'PelindoCarLoan.API.Controllers.SchedulesController.GetWaitingResources (PelindoCarLoan.API)'
2026-01-07 17:44:26.189 +07:00 [INF] Request finished HTTP/1.1 GET http://localhost:5000/api/schedules/waiting-resources - 200 null application/json; charset=utf-8 115.2062ms
2026-01-07 17:44:26.197 +07:00 [INF] Executed action PelindoCarLoan.API.Controllers.SchedulesController.GetAll (PelindoCarLoan.API) in 102.5383ms
2026-01-07 17:44:26.199 +07:00 [INF] Executed endpoint 'PelindoCarLoan.API.Controllers.SchedulesController.GetAll (PelindoCarLoan.API)'
2026-01-07 17:44:26.201 +07:00 [INF] Request finished HTTP/1.1 GET http://localhost:5000/api/schedules - 200 null application/json; charset=utf-8 131.0403ms
2026-01-07 17:44:26.780 +07:00 [INF] Request starting HTTP/1.1 OPTIONS http://localhost:5000/api/dashboard - null null
2026-01-07 17:44:26.784 +07:00 [INF] CORS policy execution successful.
2026-01-07 17:44:26.786 +07:00 [INF] Request finished HTTP/1.1 OPTIONS http://localhost:5000/api/dashboard - 204 null null 5.6627ms
2026-01-07 17:44:26.790 +07:00 [INF] Request starting HTTP/1.1 GET http://localhost:5000/api/dashboard - null null
2026-01-07 17:44:26.793 +07:00 [INF] CORS policy execution successful.
2026-01-07 17:44:26.797 +07:00 [INF] Executing endpoint 'PelindoCarLoan.API.Controllers.DashboardController.GetDashboard (PelindoCarLoan.API)'
2026-01-07 17:44:26.801 +07:00 [INF] Route matched with {action = "GetDashboard", controller = "Dashboard"}. Executing controller action with signature System.Threading.Tasks.Task`1[Microsoft.AspNetCore.Mvc.IActionResult] GetDashboard() on controller PelindoCarLoan.API.Controllers.DashboardController (PelindoCarLoan.API).
2026-01-07 17:44:26.838 +07:00 [INF] Executing OkObjectResult, writing value of type 'PelindoCarLoan.API.DTOs.ApiResponse`1[[PelindoCarLoan.API.DTOs.DashboardDto, PelindoCarLoan.API, Version=1.0.0.0, Culture=neutral, PublicKeyToken=null]]'.
2026-01-07 17:44:26.848 +07:00 [INF] Executed action PelindoCarLoan.API.Controllers.DashboardController.GetDashboard (PelindoCarLoan.API) in 44.4478ms
2026-01-07 17:44:26.850 +07:00 [INF] Executed endpoint 'PelindoCarLoan.API.Controllers.DashboardController.GetDashboard (PelindoCarLoan.API)'
2026-01-07 17:44:26.851 +07:00 [INF] Request finished HTTP/1.1 GET http://localhost:5000/api/dashboard - 200 null application/json; charset=utf-8 60.8203ms
2026-01-07 17:44:28.411 +07:00 [INF] Request starting HTTP/1.1 OPTIONS http://localhost:5000/api/vehicles - null null
2026-01-07 17:44:28.416 +07:00 [INF] CORS policy execution successful.
2026-01-07 17:44:28.418 +07:00 [INF] Request finished HTTP/1.1 OPTIONS http://localhost:5000/api/vehicles - 204 null null 7.2524ms
2026-01-07 17:44:28.423 +07:00 [INF] Request starting HTTP/1.1 GET http://localhost:5000/api/vehicles - null null
2026-01-07 17:44:28.426 +07:00 [INF] CORS policy execution successful.
2026-01-07 17:44:28.428 +07:00 [INF] Executing endpoint 'PelindoCarLoan.API.Controllers.VehiclesController.GetAll (PelindoCarLoan.API)'
2026-01-07 17:44:28.432 +07:00 [INF] Route matched with {action = "GetAll", controller = "Vehicles"}. Executing controller action with signature System.Threading.Tasks.Task`1[Microsoft.AspNetCore.Mvc.IActionResult] GetAll(System.String) on controller PelindoCarLoan.API.Controllers.VehiclesController (PelindoCarLoan.API).
2026-01-07 17:44:28.456 +07:00 [INF] Executing OkObjectResult, writing value of type 'PelindoCarLoan.API.DTOs.ApiResponse`1[[System.Collections.Generic.IEnumerable`1[[PelindoCarLoan.API.DTOs.VehicleDto, PelindoCarLoan.API, Version=1.0.0.0, Culture=neutral, PublicKeyToken=null]], System.Private.CoreLib, Version=8.0.0.0, Culture=neutral, PublicKeyToken=7cec85d7bea7798e]]'.
2026-01-07 17:44:28.462 +07:00 [INF] Executed action PelindoCarLoan.API.Controllers.VehiclesController.GetAll (PelindoCarLoan.API) in 27.2722ms
2026-01-07 17:44:28.463 +07:00 [INF] Executed endpoint 'PelindoCarLoan.API.Controllers.VehiclesController.GetAll (PelindoCarLoan.API)'
2026-01-07 17:44:28.464 +07:00 [INF] Request finished HTTP/1.1 GET http://localhost:5000/api/vehicles - 200 null application/json; charset=utf-8 41.7464ms
2026-01-07 17:44:39.731 +07:00 [INF] Request starting HTTP/1.1 OPTIONS http://localhost:5000/api/auth/login - null null
2026-01-07 17:44:39.735 +07:00 [INF] CORS policy execution successful.
2026-01-07 17:44:39.736 +07:00 [INF] Request finished HTTP/1.1 OPTIONS http://localhost:5000/api/auth/login - 204 null null 5.023ms
2026-01-07 17:44:39.740 +07:00 [INF] Request starting HTTP/1.1 POST http://localhost:5000/api/auth/login - application/json 59
2026-01-07 17:44:39.743 +07:00 [INF] CORS policy execution successful.
2026-01-07 17:44:39.744 +07:00 [INF] Executing endpoint 'PelindoCarLoan.API.Controllers.AuthController.Login (PelindoCarLoan.API)'
2026-01-07 17:44:39.748 +07:00 [INF] Route matched with {action = "Login", controller = "Auth"}. Executing controller action with signature System.Threading.Tasks.Task`1[Microsoft.AspNetCore.Mvc.IActionResult] Login(PelindoCarLoan.API.DTOs.LoginRequestDto) on controller PelindoCarLoan.API.Controllers.AuthController (PelindoCarLoan.API).
2026-01-07 17:44:39.787 +07:00 [INF] Login attempt for email: driver1@pelindo.co.id
2026-01-07 17:44:39.802 +07:00 [INF] User found: Joko Susilo, PasswordHash length: 60
2026-01-07 17:44:40.127 +07:00 [INF] User logged in successfully: driver1@pelindo.co.id
2026-01-07 17:44:40.129 +07:00 [INF] Executing OkObjectResult, writing value of type 'PelindoCarLoan.API.DTOs.ApiResponse`1[[PelindoCarLoan.API.DTOs.LoginResponseDto, PelindoCarLoan.API, Version=1.0.0.0, Culture=neutral, PublicKeyToken=null]]'.
2026-01-07 17:44:40.131 +07:00 [INF] Executed action PelindoCarLoan.API.Controllers.AuthController.Login (PelindoCarLoan.API) in 381.1524ms
2026-01-07 17:44:40.133 +07:00 [INF] Executed endpoint 'PelindoCarLoan.API.Controllers.AuthController.Login (PelindoCarLoan.API)'
2026-01-07 17:44:40.134 +07:00 [INF] Request finished HTTP/1.1 POST http://localhost:5000/api/auth/login - 200 null application/json; charset=utf-8 393.7567ms
2026-01-07 17:44:40.141 +07:00 [INF] Request starting HTTP/1.1 OPTIONS http://localhost:5000/api/schedules/my-schedules - null null
2026-01-07 17:44:40.141 +07:00 [INF] Request starting HTTP/1.1 OPTIONS http://localhost:5000/api/schedules/upcoming - null null
2026-01-07 17:44:40.143 +07:00 [INF] CORS policy execution successful.
2026-01-07 17:44:40.144 +07:00 [INF] CORS policy execution successful.
2026-01-07 17:44:40.145 +07:00 [INF] Request finished HTTP/1.1 OPTIONS http://localhost:5000/api/schedules/my-schedules - 204 null null 4.4496ms
2026-01-07 17:44:40.146 +07:00 [INF] Request finished HTTP/1.1 OPTIONS http://localhost:5000/api/schedules/upcoming - 204 null null 4.9181ms
2026-01-07 17:44:40.149 +07:00 [INF] Request starting HTTP/1.1 GET http://localhost:5000/api/schedules/my-schedules - null null
2026-01-07 17:44:40.152 +07:00 [INF] Request starting HTTP/1.1 GET http://localhost:5000/api/schedules/upcoming - null null
2026-01-07 17:44:40.154 +07:00 [INF] CORS policy execution successful.
2026-01-07 17:44:40.156 +07:00 [INF] CORS policy execution successful.
2026-01-07 17:44:40.157 +07:00 [INF] Executing endpoint 'PelindoCarLoan.API.Controllers.SchedulesController.GetMySchedules (PelindoCarLoan.API)'
2026-01-07 17:44:40.157 +07:00 [INF] Executing endpoint 'PelindoCarLoan.API.Controllers.SchedulesController.GetUpcomingSchedules (PelindoCarLoan.API)'
2026-01-07 17:44:40.160 +07:00 [INF] Route matched with {action = "GetMySchedules", controller = "Schedules"}. Executing controller action with signature System.Threading.Tasks.Task`1[Microsoft.AspNetCore.Mvc.IActionResult] GetMySchedules() on controller PelindoCarLoan.API.Controllers.SchedulesController (PelindoCarLoan.API).
2026-01-07 17:44:40.161 +07:00 [INF] Route matched with {action = "GetUpcomingSchedules", controller = "Schedules"}. Executing controller action with signature System.Threading.Tasks.Task`1[Microsoft.AspNetCore.Mvc.IActionResult] GetUpcomingSchedules() on controller PelindoCarLoan.API.Controllers.SchedulesController (PelindoCarLoan.API).
2026-01-07 17:44:40.207 +07:00 [INF] Executing OkObjectResult, writing value of type 'PelindoCarLoan.API.DTOs.ApiResponse`1[[System.Collections.Generic.IEnumerable`1[[PelindoCarLoan.API.DTOs.DriverScheduleDto, PelindoCarLoan.API, Version=1.0.0.0, Culture=neutral, PublicKeyToken=null]], System.Private.CoreLib, Version=8.0.0.0, Culture=neutral, PublicKeyToken=7cec85d7bea7798e]]'.
2026-01-07 17:44:40.211 +07:00 [INF] Executed action PelindoCarLoan.API.Controllers.SchedulesController.GetMySchedules (PelindoCarLoan.API) in 49.19ms
2026-01-07 17:44:40.213 +07:00 [INF] Executed endpoint 'PelindoCarLoan.API.Controllers.SchedulesController.GetMySchedules (PelindoCarLoan.API)'
2026-01-07 17:44:40.214 +07:00 [INF] Request finished HTTP/1.1 GET http://localhost:5000/api/schedules/my-schedules - 200 null application/json; charset=utf-8 64.3984ms
2026-01-07 17:44:40.245 +07:00 [INF] Executing OkObjectResult, writing value of type 'PelindoCarLoan.API.DTOs.ApiResponse`1[[System.Collections.Generic.IEnumerable`1[[PelindoCarLoan.API.DTOs.DriverScheduleDto, PelindoCarLoan.API, Version=1.0.0.0, Culture=neutral, PublicKeyToken=null]], System.Private.CoreLib, Version=8.0.0.0, Culture=neutral, PublicKeyToken=7cec85d7bea7798e]]'.
2026-01-07 17:44:40.248 +07:00 [INF] Executed action PelindoCarLoan.API.Controllers.SchedulesController.GetUpcomingSchedules (PelindoCarLoan.API) in 84.0962ms
2026-01-07 17:44:40.249 +07:00 [INF] Executed endpoint 'PelindoCarLoan.API.Controllers.SchedulesController.GetUpcomingSchedules (PelindoCarLoan.API)'
2026-01-07 17:44:40.250 +07:00 [INF] Request finished HTTP/1.1 GET http://localhost:5000/api/schedules/upcoming - 200 null application/json; charset=utf-8 98.0809ms
2026-01-07 17:45:06.240 +07:00 [INF] Request starting HTTP/1.1 OPTIONS http://localhost:5000/api/auth/login - null null
2026-01-07 17:45:06.243 +07:00 [INF] CORS policy execution successful.
2026-01-07 17:45:06.244 +07:00 [INF] Request finished HTTP/1.1 OPTIONS http://localhost:5000/api/auth/login - 204 null null 3.5035ms
2026-01-07 17:45:06.248 +07:00 [INF] Request starting HTTP/1.1 POST http://localhost:5000/api/auth/login - application/json 60
2026-01-07 17:45:06.249 +07:00 [INF] CORS policy execution successful.
2026-01-07 17:45:06.250 +07:00 [INF] Executing endpoint 'PelindoCarLoan.API.Controllers.AuthController.Login (PelindoCarLoan.API)'
2026-01-07 17:45:06.251 +07:00 [INF] Route matched with {action = "Login", controller = "Auth"}. Executing controller action with signature System.Threading.Tasks.Task`1[Microsoft.AspNetCore.Mvc.IActionResult] Login(PelindoCarLoan.API.DTOs.LoginRequestDto) on controller PelindoCarLoan.API.Controllers.AuthController (PelindoCarLoan.API).
2026-01-07 17:45:06.254 +07:00 [INF] Login attempt for email: pemohon1@pelindo.co.id
2026-01-07 17:45:06.256 +07:00 [INF] User found: Budi Santoso, PasswordHash length: 60
2026-01-07 17:45:06.532 +07:00 [INF] User logged in successfully: pemohon1@pelindo.co.id
2026-01-07 17:45:06.534 +07:00 [INF] Executing OkObjectResult, writing value of type 'PelindoCarLoan.API.DTOs.ApiResponse`1[[PelindoCarLoan.API.DTOs.LoginResponseDto, PelindoCarLoan.API, Version=1.0.0.0, Culture=neutral, PublicKeyToken=null]]'.
2026-01-07 17:45:06.535 +07:00 [INF] Executed action PelindoCarLoan.API.Controllers.AuthController.Login (PelindoCarLoan.API) in 282.5991ms
2026-01-07 17:45:06.536 +07:00 [INF] Executed endpoint 'PelindoCarLoan.API.Controllers.AuthController.Login (PelindoCarLoan.API)'
2026-01-07 17:45:06.538 +07:00 [INF] Request finished HTTP/1.1 POST http://localhost:5000/api/auth/login - 200 null application/json; charset=utf-8 290.0854ms
2026-01-07 17:45:06.544 +07:00 [INF] Request starting HTTP/1.1 OPTIONS http://localhost:5000/api/loanrequests/my-requests - null null
2026-01-07 17:45:06.547 +07:00 [INF] CORS policy execution successful.
2026-01-07 17:45:06.548 +07:00 [INF] Request finished HTTP/1.1 OPTIONS http://localhost:5000/api/loanrequests/my-requests - 204 null null 4.0864ms
2026-01-07 17:45:06.552 +07:00 [INF] Request starting HTTP/1.1 GET http://localhost:5000/api/loanrequests/my-requests - null null
2026-01-07 17:45:06.554 +07:00 [INF] CORS policy execution successful.
2026-01-07 17:45:06.555 +07:00 [INF] Executing endpoint 'PelindoCarLoan.API.Controllers.LoanRequestsController.GetMyRequests (PelindoCarLoan.API)'
2026-01-07 17:45:06.559 +07:00 [INF] Route matched with {action = "GetMyRequests", controller = "LoanRequests"}. Executing controller action with signature System.Threading.Tasks.Task`1[Microsoft.AspNetCore.Mvc.IActionResult] GetMyRequests() on controller PelindoCarLoan.API.Controllers.LoanRequestsController (PelindoCarLoan.API).
2026-01-07 17:45:06.573 +07:00 [INF] Executing OkObjectResult, writing value of type 'PelindoCarLoan.API.DTOs.ApiResponse`1[[System.Collections.Generic.IEnumerable`1[[PelindoCarLoan.API.DTOs.LoanRequestListDto, PelindoCarLoan.API, Version=1.0.0.0, Culture=neutral, PublicKeyToken=null]], System.Private.CoreLib, Version=8.0.0.0, Culture=neutral, PublicKeyToken=7cec85d7bea7798e]]'.
2026-01-07 17:45:06.577 +07:00 [INF] Executed action PelindoCarLoan.API.Controllers.LoanRequestsController.GetMyRequests (PelindoCarLoan.API) in 15.9547ms
2026-01-07 17:45:06.578 +07:00 [INF] Executed endpoint 'PelindoCarLoan.API.Controllers.LoanRequestsController.GetMyRequests (PelindoCarLoan.API)'
2026-01-07 17:45:06.579 +07:00 [INF] Request finished HTTP/1.1 GET http://localhost:5000/api/loanrequests/my-requests - 200 null application/json; charset=utf-8 27.4812ms
2026-01-07 17:45:41.092 +07:00 [INF] Request starting HTTP/1.1 OPTIONS http://localhost:5000/api/loanrequests - null null
2026-01-07 17:45:41.095 +07:00 [INF] CORS policy execution successful.
2026-01-07 17:45:41.096 +07:00 [INF] Request finished HTTP/1.1 OPTIONS http://localhost:5000/api/loanrequests - 204 null null 3.5363ms
2026-01-07 17:45:41.099 +07:00 [INF] Request starting HTTP/1.1 POST http://localhost:5000/api/loanrequests - application/json 161
2026-01-07 17:45:41.101 +07:00 [INF] CORS policy execution successful.
2026-01-07 17:45:41.102 +07:00 [INF] Executing endpoint 'PelindoCarLoan.API.Controllers.LoanRequestsController.Create (PelindoCarLoan.API)'
2026-01-07 17:45:41.107 +07:00 [INF] Route matched with {action = "Create", controller = "LoanRequests"}. Executing controller action with signature System.Threading.Tasks.Task`1[Microsoft.AspNetCore.Mvc.IActionResult] Create(PelindoCarLoan.API.DTOs.CreateLoanRequestDto) on controller PelindoCarLoan.API.Controllers.LoanRequestsController (PelindoCarLoan.API).
2026-01-07 17:45:41.133 +07:00 [INF] Executing BadRequestObjectResult, writing value of type 'Microsoft.AspNetCore.Mvc.ValidationProblemDetails'.
2026-01-07 17:45:41.143 +07:00 [INF] Executed action PelindoCarLoan.API.Controllers.LoanRequestsController.Create (PelindoCarLoan.API) in 34.403ms
2026-01-07 17:45:41.145 +07:00 [INF] Executed endpoint 'PelindoCarLoan.API.Controllers.LoanRequestsController.Create (PelindoCarLoan.API)'
2026-01-07 17:45:41.146 +07:00 [INF] Request finished HTTP/1.1 POST http://localhost:5000/api/loanrequests - 400 null application/problem+json; charset=utf-8 47.0683ms
2026-01-07 17:45:44.584 +07:00 [INF] Request starting HTTP/1.1 POST http://localhost:5000/api/loanrequests - application/json 161
2026-01-07 17:45:44.589 +07:00 [INF] CORS policy execution successful.
2026-01-07 17:45:44.590 +07:00 [INF] Executing endpoint 'PelindoCarLoan.API.Controllers.LoanRequestsController.Create (PelindoCarLoan.API)'
2026-01-07 17:45:44.591 +07:00 [INF] Route matched with {action = "Create", controller = "LoanRequests"}. Executing controller action with signature System.Threading.Tasks.Task`1[Microsoft.AspNetCore.Mvc.IActionResult] Create(PelindoCarLoan.API.DTOs.CreateLoanRequestDto) on controller PelindoCarLoan.API.Controllers.LoanRequestsController (PelindoCarLoan.API).
2026-01-07 17:45:44.594 +07:00 [INF] Executing BadRequestObjectResult, writing value of type 'Microsoft.AspNetCore.Mvc.ValidationProblemDetails'.
2026-01-07 17:45:44.596 +07:00 [INF] Executed action PelindoCarLoan.API.Controllers.LoanRequestsController.Create (PelindoCarLoan.API) in 2.8712ms
2026-01-07 17:45:44.596 +07:00 [INF] Executed endpoint 'PelindoCarLoan.API.Controllers.LoanRequestsController.Create (PelindoCarLoan.API)'
2026-01-07 17:45:44.597 +07:00 [INF] Request finished HTTP/1.1 POST http://localhost:5000/api/loanrequests - 400 null application/problem+json; charset=utf-8 13.0693ms
2026-01-07 17:45:48.579 +07:00 [INF] Application is shutting down...
2026-01-07 17:46:36.833 +07:00 [INF] Pelindo Car Loan API started successfully
2026-01-07 17:46:36.885 +07:00 [INF] User profile is available. Using 'C:\Users\abima\AppData\Local\ASP.NET\DataProtection-Keys' as key repository and Windows DPAPI to encrypt keys at rest.
2026-01-07 17:46:36.939 +07:00 [INF] Now listening on: http://localhost:5000
2026-01-07 17:46:36.942 +07:00 [INF] Application started. Press Ctrl+C to shut down.
2026-01-07 17:46:36.944 +07:00 [INF] Hosting environment: Production
2026-01-07 17:46:36.945 +07:00 [INF] Content root path: C:\Users\abima\Desktop\Project\Pelindo\pelindo-car-loan\backend\PelindoCarLoan.API
2026-01-07 17:47:02.408 +07:00 [INF] Request starting HTTP/1.1 OPTIONS http://localhost:5000/api/loanrequests - null null
2026-01-07 17:47:02.430 +07:00 [INF] CORS policy execution successful.
2026-01-07 17:47:02.435 +07:00 [INF] Request finished HTTP/1.1 OPTIONS http://localhost:5000/api/loanrequests - 204 null null 27.8541ms
2026-01-07 17:47:02.446 +07:00 [INF] Request starting HTTP/1.1 POST http://localhost:5000/api/loanrequests - application/json 161
2026-01-07 17:47:02.452 +07:00 [INF] CORS policy execution successful.
2026-01-07 17:47:02.454 +07:00 [WRN] Failed to determine the https port for redirect.
2026-01-07 17:47:02.527 +07:00 [INF] Executing endpoint 'PelindoCarLoan.API.Controllers.LoanRequestsController.Create (PelindoCarLoan.API)'
2026-01-07 17:47:02.545 +07:00 [INF] Route matched with {action = "Create", controller = "LoanRequests"}. Executing controller action with signature System.Threading.Tasks.Task`1[Microsoft.AspNetCore.Mvc.IActionResult] Create(PelindoCarLoan.API.DTOs.CreateLoanRequestDto) on controller PelindoCarLoan.API.Controllers.LoanRequestsController (PelindoCarLoan.API).
2026-01-07 17:47:02.624 +07:00 [INF] Executing BadRequestObjectResult, writing value of type 'Microsoft.AspNetCore.Mvc.ValidationProblemDetails'.
2026-01-07 17:47:02.648 +07:00 [INF] Executed action PelindoCarLoan.API.Controllers.LoanRequestsController.Create (PelindoCarLoan.API) in 96.5936ms
2026-01-07 17:47:02.650 +07:00 [INF] Executed endpoint 'PelindoCarLoan.API.Controllers.LoanRequestsController.Create (PelindoCarLoan.API)'
2026-01-07 17:47:02.651 +07:00 [INF] Request finished HTTP/1.1 POST http://localhost:5000/api/loanrequests - 400 null application/problem+json; charset=utf-8 204.7287ms
2026-01-07 17:47:02.945 +07:00 [INF] Request starting HTTP/1.1 POST http://localhost:5000/api/loanrequests - application/json 161
2026-01-07 17:47:02.949 +07:00 [INF] CORS policy execution successful.
2026-01-07 17:47:02.953 +07:00 [INF] Executing endpoint 'PelindoCarLoan.API.Controllers.LoanRequestsController.Create (PelindoCarLoan.API)'
2026-01-07 17:47:02.954 +07:00 [INF] Route matched with {action = "Create", controller = "LoanRequests"}. Executing controller action with signature System.Threading.Tasks.Task`1[Microsoft.AspNetCore.Mvc.IActionResult] Create(PelindoCarLoan.API.DTOs.CreateLoanRequestDto) on controller PelindoCarLoan.API.Controllers.LoanRequestsController (PelindoCarLoan.API).
2026-01-07 17:47:02.958 +07:00 [INF] Executing BadRequestObjectResult, writing value of type 'Microsoft.AspNetCore.Mvc.ValidationProblemDetails'.
2026-01-07 17:47:02.959 +07:00 [INF] Executed action PelindoCarLoan.API.Controllers.LoanRequestsController.Create (PelindoCarLoan.API) in 3.5811ms
2026-01-07 17:47:02.961 +07:00 [INF] Executed endpoint 'PelindoCarLoan.API.Controllers.LoanRequestsController.Create (PelindoCarLoan.API)'
2026-01-07 17:47:02.962 +07:00 [INF] Request finished HTTP/1.1 POST http://localhost:5000/api/loanrequests - 400 null application/problem+json; charset=utf-8 17.0473ms
2026-01-07 17:47:13.194 +07:00 [INF] Application is shutting down...
2026-01-07 20:38:37.291 +07:00 [INF] Pelindo Car Loan API started successfully
2026-01-07 20:38:37.398 +07:00 [INF] User profile is available. Using 'C:\Users\abima\AppData\Local\ASP.NET\DataProtection-Keys' as key repository and Windows DPAPI to encrypt keys at rest.
2026-01-07 20:38:37.537 +07:00 [INF] Now listening on: http://localhost:5000
2026-01-07 20:38:37.541 +07:00 [INF] Application started. Press Ctrl+C to shut down.
2026-01-07 20:38:37.543 +07:00 [INF] Hosting environment: Production
2026-01-07 20:38:37.546 +07:00 [INF] Content root path: C:\Users\abima\Desktop\Project\Pelindo\pelindo-car-loan\backend\PelindoCarLoan.API
2026-01-07 20:38:51.449 +07:00 [INF] Request starting HTTP/1.1 OPTIONS http://localhost:5000/api/auth/login - null null
2026-01-07 20:38:51.497 +07:00 [INF] CORS policy execution successful.
2026-01-07 20:38:51.508 +07:00 [INF] Request finished HTTP/1.1 OPTIONS http://localhost:5000/api/auth/login - 204 null null 62.3664ms
2026-01-07 20:38:51.525 +07:00 [INF] Request starting HTTP/1.1 POST http://localhost:5000/api/auth/login - application/json 60
2026-01-07 20:38:51.538 +07:00 [INF] CORS policy execution successful.
2026-01-07 20:38:51.542 +07:00 [WRN] Failed to determine the https port for redirect.
2026-01-07 20:38:51.598 +07:00 [INF] Executing endpoint 'PelindoCarLoan.API.Controllers.AuthController.Login (PelindoCarLoan.API)'
2026-01-07 20:38:51.644 +07:00 [INF] Route matched with {action = "Login", controller = "Auth"}. Executing controller action with signature System.Threading.Tasks.Task`1[Microsoft.AspNetCore.Mvc.IActionResult] Login(PelindoCarLoan.API.DTOs.LoginRequestDto) on controller PelindoCarLoan.API.Controllers.AuthController (PelindoCarLoan.API).
2026-01-07 20:38:51.746 +07:00 [INF] Login attempt for email: pemohon1@pelindo.co.id
2026-01-07 20:38:52.884 +07:00 [INF] User found: Budi Santoso, PasswordHash length: 60
2026-01-07 20:38:53.553 +07:00 [INF] User logged in successfully: pemohon1@pelindo.co.id
2026-01-07 20:38:53.563 +07:00 [INF] Executing OkObjectResult, writing value of type 'PelindoCarLoan.API.DTOs.ApiResponse`1[[PelindoCarLoan.API.DTOs.LoginResponseDto, PelindoCarLoan.API, Version=1.0.0.0, Culture=neutral, PublicKeyToken=null]]'.
2026-01-07 20:38:53.614 +07:00 [INF] Executed action PelindoCarLoan.API.Controllers.AuthController.Login (PelindoCarLoan.API) in 1959.6413ms
2026-01-07 20:38:53.617 +07:00 [INF] Executed endpoint 'PelindoCarLoan.API.Controllers.AuthController.Login (PelindoCarLoan.API)'
2026-01-07 20:38:53.622 +07:00 [INF] Request finished HTTP/1.1 POST http://localhost:5000/api/auth/login - 200 null application/json; charset=utf-8 2097.0447ms
2026-01-07 20:38:53.646 +07:00 [INF] Request starting HTTP/1.1 OPTIONS http://localhost:5000/api/loanrequests/my-requests - null null
2026-01-07 20:38:53.656 +07:00 [INF] CORS policy execution successful.
2026-01-07 20:38:53.658 +07:00 [INF] Request finished HTTP/1.1 OPTIONS http://localhost:5000/api/loanrequests/my-requests - 204 null null 12.3194ms
2026-01-07 20:38:53.665 +07:00 [INF] Request starting HTTP/1.1 GET http://localhost:5000/api/loanrequests/my-requests - null null
2026-01-07 20:38:53.670 +07:00 [INF] CORS policy execution successful.
2026-01-07 20:38:53.748 +07:00 [INF] Executing endpoint 'PelindoCarLoan.API.Controllers.LoanRequestsController.GetMyRequests (PelindoCarLoan.API)'
2026-01-07 20:38:53.756 +07:00 [INF] Route matched with {action = "GetMyRequests", controller = "LoanRequests"}. Executing controller action with signature System.Threading.Tasks.Task`1[Microsoft.AspNetCore.Mvc.IActionResult] GetMyRequests() on controller PelindoCarLoan.API.Controllers.LoanRequestsController (PelindoCarLoan.API).
2026-01-07 20:38:53.925 +07:00 [INF] Executing OkObjectResult, writing value of type 'PelindoCarLoan.API.DTOs.ApiResponse`1[[System.Collections.Generic.IEnumerable`1[[PelindoCarLoan.API.DTOs.LoanRequestListDto, PelindoCarLoan.API, Version=1.0.0.0, Culture=neutral, PublicKeyToken=null]], System.Private.CoreLib, Version=8.0.0.0, Culture=neutral, PublicKeyToken=7cec85d7bea7798e]]'.
2026-01-07 20:38:53.935 +07:00 [INF] Executed action PelindoCarLoan.API.Controllers.LoanRequestsController.GetMyRequests (PelindoCarLoan.API) in 174.9498ms
2026-01-07 20:38:53.938 +07:00 [INF] Executed endpoint 'PelindoCarLoan.API.Controllers.LoanRequestsController.GetMyRequests (PelindoCarLoan.API)'
2026-01-07 20:38:53.940 +07:00 [INF] Request finished HTTP/1.1 GET http://localhost:5000/api/loanrequests/my-requests - 200 null application/json; charset=utf-8 275.4873ms
2026-01-07 20:47:00.379 +07:00 [INF] Request starting HTTP/1.1 OPTIONS http://localhost:5000/api/loanrequests/my-requests - null null
2026-01-07 20:47:00.397 +07:00 [INF] CORS policy execution successful.
2026-01-07 20:47:00.403 +07:00 [INF] Request finished HTTP/1.1 OPTIONS http://localhost:5000/api/loanrequests/my-requests - 204 null null 23.8771ms
2026-01-07 20:47:00.426 +07:00 [INF] Request starting HTTP/1.1 GET http://localhost:5000/api/loanrequests/my-requests - null null
2026-01-07 20:47:00.444 +07:00 [INF] CORS policy execution successful.
2026-01-07 20:47:00.466 +07:00 [INF] Executing endpoint 'PelindoCarLoan.API.Controllers.LoanRequestsController.GetMyRequests (PelindoCarLoan.API)'
2026-01-07 20:47:00.475 +07:00 [INF] Route matched with {action = "GetMyRequests", controller = "LoanRequests"}. Executing controller action with signature System.Threading.Tasks.Task`1[Microsoft.AspNetCore.Mvc.IActionResult] GetMyRequests() on controller PelindoCarLoan.API.Controllers.LoanRequestsController (PelindoCarLoan.API).
2026-01-07 20:47:00.567 +07:00 [INF] Executing OkObjectResult, writing value of type 'PelindoCarLoan.API.DTOs.ApiResponse`1[[System.Collections.Generic.IEnumerable`1[[PelindoCarLoan.API.DTOs.LoanRequestListDto, PelindoCarLoan.API, Version=1.0.0.0, Culture=neutral, PublicKeyToken=null]], System.Private.CoreLib, Version=8.0.0.0, Culture=neutral, PublicKeyToken=7cec85d7bea7798e]]'.
2026-01-07 20:47:00.579 +07:00 [INF] Executed action PelindoCarLoan.API.Controllers.LoanRequestsController.GetMyRequests (PelindoCarLoan.API) in 90.8343ms
2026-01-07 20:47:00.589 +07:00 [INF] Executed endpoint 'PelindoCarLoan.API.Controllers.LoanRequestsController.GetMyRequests (PelindoCarLoan.API)'
2026-01-07 20:47:00.600 +07:00 [INF] Request finished HTTP/1.1 GET http://localhost:5000/api/loanrequests/my-requests - 200 null application/json; charset=utf-8 174.2483ms
2026-01-07 20:48:03.864 +07:00 [INF] Application is shutting down...
2026-01-07 20:48:36.728 +07:00 [INF] Pelindo Car Loan API started successfully
2026-01-07 20:48:36.799 +07:00 [INF] User profile is available. Using 'C:\Users\abima\AppData\Local\ASP.NET\DataProtection-Keys' as key repository and Windows DPAPI to encrypt keys at rest.
2026-01-07 20:48:36.865 +07:00 [INF] Now listening on: http://localhost:5000
2026-01-07 20:48:36.870 +07:00 [INF] Application started. Press Ctrl+C to shut down.
2026-01-07 20:48:36.872 +07:00 [INF] Hosting environment: Production
2026-01-07 20:48:36.875 +07:00 [INF] Content root path: C:\Users\abima\Desktop\Project\Pelindo\pelindo-car-loan\backend\PelindoCarLoan.API
2026-01-07 20:49:22.970 +07:00 [INF] Request starting HTTP/1.1 OPTIONS http://localhost:5000/api/loanrequests/my-requests - null null
2026-01-07 20:49:23.098 +07:00 [INF] CORS policy execution successful.
2026-01-07 20:49:23.123 +07:00 [INF] Request finished HTTP/1.1 OPTIONS http://localhost:5000/api/loanrequests/my-requests - 204 null null 156.6657ms
2026-01-07 20:49:23.163 +07:00 [INF] Request starting HTTP/1.1 GET http://localhost:5000/api/loanrequests/my-requests - null null
2026-01-07 20:49:23.190 +07:00 [INF] CORS policy execution successful.
2026-01-07 20:49:23.199 +07:00 [WRN] Failed to determine the https port for redirect.
2026-01-07 20:49:23.435 +07:00 [INF] Executing endpoint 'PelindoCarLoan.API.Controllers.LoanRequestsController.GetMyRequests (PelindoCarLoan.API)'
2026-01-07 20:49:23.457 +07:00 [INF] Route matched with {action = "GetMyRequests", controller = "LoanRequests"}. Executing controller action with signature System.Threading.Tasks.Task`1[Microsoft.AspNetCore.Mvc.IActionResult] GetMyRequests() on controller PelindoCarLoan.API.Controllers.LoanRequestsController (PelindoCarLoan.API).
2026-01-07 20:49:24.128 +07:00 [INF] Executed action PelindoCarLoan.API.Controllers.LoanRequestsController.GetMyRequests (PelindoCarLoan.API) in 661.817ms
2026-01-07 20:49:24.134 +07:00 [INF] Executed endpoint 'PelindoCarLoan.API.Controllers.LoanRequestsController.GetMyRequests (PelindoCarLoan.API)'
2026-01-07 20:49:24.137 +07:00 [ERR] An unhandled exception occurred
Oracle.ManagedDataAccess.Client.OracleException (0x80004005): ORA-00904: "LR"."SERVICE_LETTER_BASIS": invalid identifier
https://docs.oracle.com/error-help/db/ora-00904/
   at Oracle.ManagedDataAccess.Client.OracleCommand.<>c.<ExecuteDbDataReaderAsync>b__213_0(Task`1 result)
   at System.Threading.Tasks.ContinuationResultTaskFromResultTask`2.InnerInvoke()
   at System.Threading.ExecutionContext.RunInternal(ExecutionContext executionContext, ContextCallback callback, Object state)
--- End of stack trace from previous location ---
   at System.Threading.ExecutionContext.RunInternal(ExecutionContext executionContext, ContextCallback callback, Object state)
   at System.Threading.Tasks.Task.ExecuteWithThreadLocal(Task& currentTaskSlot, Thread threadPoolThread)
--- End of stack trace from previous location ---
   at Dapper.SqlMapper.MultiMapAsync[TFirst,TSecond,TThird,TFourth,TFifth,TSixth,TSeventh,TReturn](IDbConnection cnn, CommandDefinition command, Delegate map, String splitOn) in /_/Dapper/SqlMapper.Async.cs:line 940
   at PelindoCarLoan.API.Repositories.LoanRequestRepository.GetAllAsync(Nullable`1 userId, String status) in C:\Users\abima\Desktop\Project\Pelindo\pelindo-car-loan\backend\PelindoCarLoan.API\Repositories\LoanRequestRepository.cs:line 98
   at PelindoCarLoan.API.Services.LoanRequestService.GetMyRequestsAsync(Int32 userId) in C:\Users\abima\Desktop\Project\Pelindo\pelindo-car-loan\backend\PelindoCarLoan.API\Services\LoanRequestService.cs:line 60
   at PelindoCarLoan.API.Controllers.LoanRequestsController.GetMyRequests() in C:\Users\abima\Desktop\Project\Pelindo\pelindo-car-loan\backend\PelindoCarLoan.API\Controllers\LoanRequestsController.cs:line 58
   at Microsoft.AspNetCore.Mvc.Infrastructure.ActionMethodExecutor.TaskOfIActionResultExecutor.Execute(ActionContext actionContext, IActionResultTypeMapper mapper, ObjectMethodExecutor executor, Object controller, Object[] arguments)
   at Microsoft.AspNetCore.Mvc.Infrastructure.ControllerActionInvoker.<InvokeActionMethodAsync>g__Awaited|12_0(ControllerActionInvoker invoker, ValueTask`1 actionResultValueTask)
   at Microsoft.AspNetCore.Mvc.Infrastructure.ControllerActionInvoker.<InvokeNextActionFilterAsync>g__Awaited|10_0(ControllerActionInvoker invoker, Task lastTask, State next, Scope scope, Object state, Boolean isCompleted)
   at Microsoft.AspNetCore.Mvc.Infrastructure.ControllerActionInvoker.Rethrow(ActionExecutedContextSealed context)
   at Microsoft.AspNetCore.Mvc.Infrastructure.ControllerActionInvoker.Next(State& next, Scope& scope, Object& state, Boolean& isCompleted)
   at Microsoft.AspNetCore.Mvc.Infrastructure.ControllerActionInvoker.<InvokeInnerFilterAsync>g__Awaited|13_0(ControllerActionInvoker invoker, Task lastTask, State next, Scope scope, Object state, Boolean isCompleted)
   at Microsoft.AspNetCore.Mvc.Infrastructure.ResourceInvoker.<InvokeFilterPipelineAsync>g__Awaited|20_0(ResourceInvoker invoker, Task lastTask, State next, Scope scope, Object state, Boolean isCompleted)
   at Microsoft.AspNetCore.Mvc.Infrastructure.ResourceInvoker.<InvokeAsync>g__Logged|17_1(ResourceInvoker invoker)
   at Microsoft.AspNetCore.Mvc.Infrastructure.ResourceInvoker.<InvokeAsync>g__Logged|17_1(ResourceInvoker invoker)
   at Microsoft.AspNetCore.Routing.EndpointMiddleware.<Invoke>g__AwaitRequestTask|7_0(Endpoint endpoint, Task requestTask, ILogger logger)
   at Microsoft.AspNetCore.Authorization.AuthorizationMiddleware.Invoke(HttpContext context)
   at Microsoft.AspNetCore.Authentication.AuthenticationMiddleware.Invoke(HttpContext context)
   at PelindoCarLoan.API.Middleware.ExceptionMiddleware.InvokeAsync(HttpContext context) in C:\Users\abima\Desktop\Project\Pelindo\pelindo-car-loan\backend\PelindoCarLoan.API\Middleware\ExceptionMiddleware.cs:line 22
2026-01-07 20:49:24.251 +07:00 [INF] Request finished HTTP/1.1 GET http://localhost:5000/api/loanrequests/my-requests - 500 null application/json 1087.9647ms
2026-01-07 20:49:25.266 +07:00 [INF] Request starting HTTP/1.1 GET http://localhost:5000/api/loanrequests/my-requests - null null
2026-01-07 20:49:25.286 +07:00 [INF] CORS policy execution successful.
2026-01-07 20:49:25.304 +07:00 [INF] Executing endpoint 'PelindoCarLoan.API.Controllers.LoanRequestsController.GetMyRequests (PelindoCarLoan.API)'
2026-01-07 20:49:25.313 +07:00 [INF] Route matched with {action = "GetMyRequests", controller = "LoanRequests"}. Executing controller action with signature System.Threading.Tasks.Task`1[Microsoft.AspNetCore.Mvc.IActionResult] GetMyRequests() on controller PelindoCarLoan.API.Controllers.LoanRequestsController (PelindoCarLoan.API).
2026-01-07 20:49:25.363 +07:00 [INF] Executed action PelindoCarLoan.API.Controllers.LoanRequestsController.GetMyRequests (PelindoCarLoan.API) in 35.6401ms
2026-01-07 20:49:25.374 +07:00 [INF] Executed endpoint 'PelindoCarLoan.API.Controllers.LoanRequestsController.GetMyRequests (PelindoCarLoan.API)'
2026-01-07 20:49:25.384 +07:00 [ERR] An unhandled exception occurred
Oracle.ManagedDataAccess.Client.OracleException (0x80004005): ORA-00904: "LR"."SERVICE_LETTER_BASIS": invalid identifier
https://docs.oracle.com/error-help/db/ora-00904/
   at Oracle.ManagedDataAccess.Client.OracleCommand.<>c.<ExecuteDbDataReaderAsync>b__213_0(Task`1 result)
   at System.Threading.Tasks.ContinuationResultTaskFromResultTask`2.InnerInvoke()
   at System.Threading.ExecutionContext.RunInternal(ExecutionContext executionContext, ContextCallback callback, Object state)
--- End of stack trace from previous location ---
   at System.Threading.ExecutionContext.RunInternal(ExecutionContext executionContext, ContextCallback callback, Object state)
   at System.Threading.Tasks.Task.ExecuteWithThreadLocal(Task& currentTaskSlot, Thread threadPoolThread)
--- End of stack trace from previous location ---
   at Dapper.SqlMapper.MultiMapAsync[TFirst,TSecond,TThird,TFourth,TFifth,TSixth,TSeventh,TReturn](IDbConnection cnn, CommandDefinition command, Delegate map, String splitOn) in /_/Dapper/SqlMapper.Async.cs:line 940
   at PelindoCarLoan.API.Repositories.LoanRequestRepository.GetAllAsync(Nullable`1 userId, String status) in C:\Users\abima\Desktop\Project\Pelindo\pelindo-car-loan\backend\PelindoCarLoan.API\Repositories\LoanRequestRepository.cs:line 98
   at PelindoCarLoan.API.Services.LoanRequestService.GetMyRequestsAsync(Int32 userId) in C:\Users\abima\Desktop\Project\Pelindo\pelindo-car-loan\backend\PelindoCarLoan.API\Services\LoanRequestService.cs:line 60
   at PelindoCarLoan.API.Controllers.LoanRequestsController.GetMyRequests() in C:\Users\abima\Desktop\Project\Pelindo\pelindo-car-loan\backend\PelindoCarLoan.API\Controllers\LoanRequestsController.cs:line 58
   at Microsoft.AspNetCore.Mvc.Infrastructure.ActionMethodExecutor.TaskOfIActionResultExecutor.Execute(ActionContext actionContext, IActionResultTypeMapper mapper, ObjectMethodExecutor executor, Object controller, Object[] arguments)
   at Microsoft.AspNetCore.Mvc.Infrastructure.ControllerActionInvoker.<InvokeActionMethodAsync>g__Awaited|12_0(ControllerActionInvoker invoker, ValueTask`1 actionResultValueTask)
   at Microsoft.AspNetCore.Mvc.Infrastructure.ControllerActionInvoker.<InvokeNextActionFilterAsync>g__Awaited|10_0(ControllerActionInvoker invoker, Task lastTask, State next, Scope scope, Object state, Boolean isCompleted)
   at Microsoft.AspNetCore.Mvc.Infrastructure.ControllerActionInvoker.Rethrow(ActionExecutedContextSealed context)
   at Microsoft.AspNetCore.Mvc.Infrastructure.ControllerActionInvoker.Next(State& next, Scope& scope, Object& state, Boolean& isCompleted)
   at Microsoft.AspNetCore.Mvc.Infrastructure.ControllerActionInvoker.<InvokeInnerFilterAsync>g__Awaited|13_0(ControllerActionInvoker invoker, Task lastTask, State next, Scope scope, Object state, Boolean isCompleted)
   at Microsoft.AspNetCore.Mvc.Infrastructure.ResourceInvoker.<InvokeFilterPipelineAsync>g__Awaited|20_0(ResourceInvoker invoker, Task lastTask, State next, Scope scope, Object state, Boolean isCompleted)
   at Microsoft.AspNetCore.Mvc.Infrastructure.ResourceInvoker.<InvokeAsync>g__Logged|17_1(ResourceInvoker invoker)
   at Microsoft.AspNetCore.Mvc.Infrastructure.ResourceInvoker.<InvokeAsync>g__Logged|17_1(ResourceInvoker invoker)
   at Microsoft.AspNetCore.Routing.EndpointMiddleware.<Invoke>g__AwaitRequestTask|7_0(Endpoint endpoint, Task requestTask, ILogger logger)
   at Microsoft.AspNetCore.Authorization.AuthorizationMiddleware.Invoke(HttpContext context)
   at Microsoft.AspNetCore.Authentication.AuthenticationMiddleware.Invoke(HttpContext context)
   at PelindoCarLoan.API.Middleware.ExceptionMiddleware.InvokeAsync(HttpContext context) in C:\Users\abima\Desktop\Project\Pelindo\pelindo-car-loan\backend\PelindoCarLoan.API\Middleware\ExceptionMiddleware.cs:line 22
2026-01-07 20:49:25.439 +07:00 [INF] Request finished HTTP/1.1 GET http://localhost:5000/api/loanrequests/my-requests - 500 null application/json 173.386ms
2026-01-07 20:49:25.801 +07:00 [INF] Request starting HTTP/1.1 GET http://localhost:5000/api/loanrequests/my-requests - null null
2026-01-07 20:49:25.808 +07:00 [INF] CORS policy execution successful.
2026-01-07 20:49:25.815 +07:00 [INF] Executing endpoint 'PelindoCarLoan.API.Controllers.LoanRequestsController.GetMyRequests (PelindoCarLoan.API)'
2026-01-07 20:49:25.819 +07:00 [INF] Route matched with {action = "GetMyRequests", controller = "LoanRequests"}. Executing controller action with signature System.Threading.Tasks.Task`1[Microsoft.AspNetCore.Mvc.IActionResult] GetMyRequests() on controller PelindoCarLoan.API.Controllers.LoanRequestsController (PelindoCarLoan.API).
2026-01-07 20:49:25.832 +07:00 [INF] Executed action PelindoCarLoan.API.Controllers.LoanRequestsController.GetMyRequests (PelindoCarLoan.API) in 7.0633ms
2026-01-07 20:49:25.837 +07:00 [INF] Executed endpoint 'PelindoCarLoan.API.Controllers.LoanRequestsController.GetMyRequests (PelindoCarLoan.API)'
2026-01-07 20:49:25.839 +07:00 [ERR] An unhandled exception occurred
Oracle.ManagedDataAccess.Client.OracleException (0x80004005): ORA-00904: "LR"."SERVICE_LETTER_BASIS": invalid identifier
https://docs.oracle.com/error-help/db/ora-00904/
   at Oracle.ManagedDataAccess.Client.OracleCommand.<>c.<ExecuteDbDataReaderAsync>b__213_0(Task`1 result)
   at System.Threading.Tasks.ContinuationResultTaskFromResultTask`2.InnerInvoke()
   at System.Threading.ExecutionContext.RunInternal(ExecutionContext executionContext, ContextCallback callback, Object state)
--- End of stack trace from previous location ---
   at System.Threading.ExecutionContext.RunInternal(ExecutionContext executionContext, ContextCallback callback, Object state)
   at System.Threading.Tasks.Task.ExecuteWithThreadLocal(Task& currentTaskSlot, Thread threadPoolThread)
--- End of stack trace from previous location ---
   at Dapper.SqlMapper.MultiMapAsync[TFirst,TSecond,TThird,TFourth,TFifth,TSixth,TSeventh,TReturn](IDbConnection cnn, CommandDefinition command, Delegate map, String splitOn) in /_/Dapper/SqlMapper.Async.cs:line 940
   at PelindoCarLoan.API.Repositories.LoanRequestRepository.GetAllAsync(Nullable`1 userId, String status) in C:\Users\abima\Desktop\Project\Pelindo\pelindo-car-loan\backend\PelindoCarLoan.API\Repositories\LoanRequestRepository.cs:line 98
   at PelindoCarLoan.API.Services.LoanRequestService.GetMyRequestsAsync(Int32 userId) in C:\Users\abima\Desktop\Project\Pelindo\pelindo-car-loan\backend\PelindoCarLoan.API\Services\LoanRequestService.cs:line 60
   at PelindoCarLoan.API.Controllers.LoanRequestsController.GetMyRequests() in C:\Users\abima\Desktop\Project\Pelindo\pelindo-car-loan\backend\PelindoCarLoan.API\Controllers\LoanRequestsController.cs:line 58
   at Microsoft.AspNetCore.Mvc.Infrastructure.ActionMethodExecutor.TaskOfIActionResultExecutor.Execute(ActionContext actionContext, IActionResultTypeMapper mapper, ObjectMethodExecutor executor, Object controller, Object[] arguments)
   at Microsoft.AspNetCore.Mvc.Infrastructure.ControllerActionInvoker.<InvokeActionMethodAsync>g__Awaited|12_0(ControllerActionInvoker invoker, ValueTask`1 actionResultValueTask)
   at Microsoft.AspNetCore.Mvc.Infrastructure.ControllerActionInvoker.<InvokeNextActionFilterAsync>g__Awaited|10_0(ControllerActionInvoker invoker, Task lastTask, State next, Scope scope, Object state, Boolean isCompleted)
   at Microsoft.AspNetCore.Mvc.Infrastructure.ControllerActionInvoker.Rethrow(ActionExecutedContextSealed context)
   at Microsoft.AspNetCore.Mvc.Infrastructure.ControllerActionInvoker.Next(State& next, Scope& scope, Object& state, Boolean& isCompleted)
   at Microsoft.AspNetCore.Mvc.Infrastructure.ControllerActionInvoker.<InvokeInnerFilterAsync>g__Awaited|13_0(ControllerActionInvoker invoker, Task lastTask, State next, Scope scope, Object state, Boolean isCompleted)
   at Microsoft.AspNetCore.Mvc.Infrastructure.ResourceInvoker.<InvokeFilterPipelineAsync>g__Awaited|20_0(ResourceInvoker invoker, Task lastTask, State next, Scope scope, Object state, Boolean isCompleted)
   at Microsoft.AspNetCore.Mvc.Infrastructure.ResourceInvoker.<InvokeAsync>g__Logged|17_1(ResourceInvoker invoker)
   at Microsoft.AspNetCore.Mvc.Infrastructure.ResourceInvoker.<InvokeAsync>g__Logged|17_1(ResourceInvoker invoker)
   at Microsoft.AspNetCore.Routing.EndpointMiddleware.<Invoke>g__AwaitRequestTask|7_0(Endpoint endpoint, Task requestTask, ILogger logger)
   at Microsoft.AspNetCore.Authorization.AuthorizationMiddleware.Invoke(HttpContext context)
   at Microsoft.AspNetCore.Authentication.AuthenticationMiddleware.Invoke(HttpContext context)
   at PelindoCarLoan.API.Middleware.ExceptionMiddleware.InvokeAsync(HttpContext context) in C:\Users\abima\Desktop\Project\Pelindo\pelindo-car-loan\backend\PelindoCarLoan.API\Middleware\ExceptionMiddleware.cs:line 22
2026-01-07 20:49:25.857 +07:00 [INF] Request finished HTTP/1.1 GET http://localhost:5000/api/loanrequests/my-requests - 500 null application/json 55.9314ms
2026-01-07 20:49:26.867 +07:00 [INF] Request starting HTTP/1.1 GET http://localhost:5000/api/loanrequests/my-requests - null null
2026-01-07 20:49:26.886 +07:00 [INF] CORS policy execution successful.
2026-01-07 20:49:26.893 +07:00 [INF] Executing endpoint 'PelindoCarLoan.API.Controllers.LoanRequestsController.GetMyRequests (PelindoCarLoan.API)'
2026-01-07 20:49:26.902 +07:00 [INF] Route matched with {action = "GetMyRequests", controller = "LoanRequests"}. Executing controller action with signature System.Threading.Tasks.Task`1[Microsoft.AspNetCore.Mvc.IActionResult] GetMyRequests() on controller PelindoCarLoan.API.Controllers.LoanRequestsController (PelindoCarLoan.API).
2026-01-07 20:49:26.925 +07:00 [INF] Executed action PelindoCarLoan.API.Controllers.LoanRequestsController.GetMyRequests (PelindoCarLoan.API) in 9.5348ms
2026-01-07 20:49:26.935 +07:00 [INF] Executed endpoint 'PelindoCarLoan.API.Controllers.LoanRequestsController.GetMyRequests (PelindoCarLoan.API)'
2026-01-07 20:49:26.942 +07:00 [ERR] An unhandled exception occurred
Oracle.ManagedDataAccess.Client.OracleException (0x80004005): ORA-00904: "LR"."SERVICE_LETTER_BASIS": invalid identifier
https://docs.oracle.com/error-help/db/ora-00904/
   at Oracle.ManagedDataAccess.Client.OracleCommand.<>c.<ExecuteDbDataReaderAsync>b__213_0(Task`1 result)
   at System.Threading.Tasks.ContinuationResultTaskFromResultTask`2.InnerInvoke()
   at System.Threading.ExecutionContext.RunInternal(ExecutionContext executionContext, ContextCallback callback, Object state)
--- End of stack trace from previous location ---
   at System.Threading.ExecutionContext.RunInternal(ExecutionContext executionContext, ContextCallback callback, Object state)
   at System.Threading.Tasks.Task.ExecuteWithThreadLocal(Task& currentTaskSlot, Thread threadPoolThread)
--- End of stack trace from previous location ---
   at Dapper.SqlMapper.MultiMapAsync[TFirst,TSecond,TThird,TFourth,TFifth,TSixth,TSeventh,TReturn](IDbConnection cnn, CommandDefinition command, Delegate map, String splitOn) in /_/Dapper/SqlMapper.Async.cs:line 940
   at PelindoCarLoan.API.Repositories.LoanRequestRepository.GetAllAsync(Nullable`1 userId, String status) in C:\Users\abima\Desktop\Project\Pelindo\pelindo-car-loan\backend\PelindoCarLoan.API\Repositories\LoanRequestRepository.cs:line 98
   at PelindoCarLoan.API.Services.LoanRequestService.GetMyRequestsAsync(Int32 userId) in C:\Users\abima\Desktop\Project\Pelindo\pelindo-car-loan\backend\PelindoCarLoan.API\Services\LoanRequestService.cs:line 60
   at PelindoCarLoan.API.Controllers.LoanRequestsController.GetMyRequests() in C:\Users\abima\Desktop\Project\Pelindo\pelindo-car-loan\backend\PelindoCarLoan.API\Controllers\LoanRequestsController.cs:line 58
   at Microsoft.AspNetCore.Mvc.Infrastructure.ActionMethodExecutor.TaskOfIActionResultExecutor.Execute(ActionContext actionContext, IActionResultTypeMapper mapper, ObjectMethodExecutor executor, Object controller, Object[] arguments)
   at Microsoft.AspNetCore.Mvc.Infrastructure.ControllerActionInvoker.<InvokeActionMethodAsync>g__Awaited|12_0(ControllerActionInvoker invoker, ValueTask`1 actionResultValueTask)
   at Microsoft.AspNetCore.Mvc.Infrastructure.ControllerActionInvoker.<InvokeNextActionFilterAsync>g__Awaited|10_0(ControllerActionInvoker invoker, Task lastTask, State next, Scope scope, Object state, Boolean isCompleted)
   at Microsoft.AspNetCore.Mvc.Infrastructure.ControllerActionInvoker.Rethrow(ActionExecutedContextSealed context)
   at Microsoft.AspNetCore.Mvc.Infrastructure.ControllerActionInvoker.Next(State& next, Scope& scope, Object& state, Boolean& isCompleted)
   at Microsoft.AspNetCore.Mvc.Infrastructure.ControllerActionInvoker.<InvokeInnerFilterAsync>g__Awaited|13_0(ControllerActionInvoker invoker, Task lastTask, State next, Scope scope, Object state, Boolean isCompleted)
   at Microsoft.AspNetCore.Mvc.Infrastructure.ResourceInvoker.<InvokeFilterPipelineAsync>g__Awaited|20_0(ResourceInvoker invoker, Task lastTask, State next, Scope scope, Object state, Boolean isCompleted)
   at Microsoft.AspNetCore.Mvc.Infrastructure.ResourceInvoker.<InvokeAsync>g__Logged|17_1(ResourceInvoker invoker)
   at Microsoft.AspNetCore.Mvc.Infrastructure.ResourceInvoker.<InvokeAsync>g__Logged|17_1(ResourceInvoker invoker)
   at Microsoft.AspNetCore.Routing.EndpointMiddleware.<Invoke>g__AwaitRequestTask|7_0(Endpoint endpoint, Task requestTask, ILogger logger)
   at Microsoft.AspNetCore.Authorization.AuthorizationMiddleware.Invoke(HttpContext context)
   at Microsoft.AspNetCore.Authentication.AuthenticationMiddleware.Invoke(HttpContext context)
   at PelindoCarLoan.API.Middleware.ExceptionMiddleware.InvokeAsync(HttpContext context) in C:\Users\abima\Desktop\Project\Pelindo\pelindo-car-loan\backend\PelindoCarLoan.API\Middleware\ExceptionMiddleware.cs:line 22
2026-01-07 20:49:26.989 +07:00 [INF] Request finished HTTP/1.1 GET http://localhost:5000/api/loanrequests/my-requests - 500 null application/json 121.7766ms
2026-01-07 20:49:35.922 +07:00 [INF] Request starting HTTP/1.1 OPTIONS http://localhost:5000/api/auth/login - null null
2026-01-07 20:49:35.936 +07:00 [INF] CORS policy execution successful.
2026-01-07 20:49:35.940 +07:00 [INF] Request finished HTTP/1.1 OPTIONS http://localhost:5000/api/auth/login - 204 null null 18.4416ms
2026-01-07 20:49:35.956 +07:00 [INF] Request starting HTTP/1.1 POST http://localhost:5000/api/auth/login - application/json 60
2026-01-07 20:49:35.972 +07:00 [INF] CORS policy execution successful.
2026-01-07 20:49:35.977 +07:00 [INF] Executing endpoint 'PelindoCarLoan.API.Controllers.AuthController.Login (PelindoCarLoan.API)'
2026-01-07 20:49:36.002 +07:00 [INF] Route matched with {action = "Login", controller = "Auth"}. Executing controller action with signature System.Threading.Tasks.Task`1[Microsoft.AspNetCore.Mvc.IActionResult] Login(PelindoCarLoan.API.DTOs.LoginRequestDto) on controller PelindoCarLoan.API.Controllers.AuthController (PelindoCarLoan.API).
2026-01-07 20:49:36.116 +07:00 [INF] Login attempt for email: pemohon1@pelindo.co.id
2026-01-07 20:49:36.291 +07:00 [INF] User found: Budi Santoso, PasswordHash length: 60
2026-01-07 20:49:36.757 +07:00 [INF] User logged in successfully: pemohon1@pelindo.co.id
2026-01-07 20:49:36.765 +07:00 [INF] Executing OkObjectResult, writing value of type 'PelindoCarLoan.API.DTOs.ApiResponse`1[[PelindoCarLoan.API.DTOs.LoginResponseDto, PelindoCarLoan.API, Version=1.0.0.0, Culture=neutral, PublicKeyToken=null]]'.
2026-01-07 20:49:36.783 +07:00 [INF] Executed action PelindoCarLoan.API.Controllers.AuthController.Login (PelindoCarLoan.API) in 770.8525ms
2026-01-07 20:49:36.787 +07:00 [INF] Executed endpoint 'PelindoCarLoan.API.Controllers.AuthController.Login (PelindoCarLoan.API)'
2026-01-07 20:49:36.789 +07:00 [INF] Request finished HTTP/1.1 POST http://localhost:5000/api/auth/login - 200 null application/json; charset=utf-8 832.8587ms
2026-01-07 20:49:36.802 +07:00 [INF] Request starting HTTP/1.1 OPTIONS http://localhost:5000/api/loanrequests/my-requests - null null
2026-01-07 20:49:36.808 +07:00 [INF] CORS policy execution successful.
2026-01-07 20:49:36.809 +07:00 [INF] Request finished HTTP/1.1 OPTIONS http://localhost:5000/api/loanrequests/my-requests - 204 null null 7.0019ms
2026-01-07 20:49:36.819 +07:00 [INF] Request starting HTTP/1.1 GET http://localhost:5000/api/loanrequests/my-requests - null null
2026-01-07 20:49:36.826 +07:00 [INF] CORS policy execution successful.
2026-01-07 20:49:36.828 +07:00 [INF] Executing endpoint 'PelindoCarLoan.API.Controllers.LoanRequestsController.GetMyRequests (PelindoCarLoan.API)'
2026-01-07 20:49:36.831 +07:00 [INF] Route matched with {action = "GetMyRequests", controller = "LoanRequests"}. Executing controller action with signature System.Threading.Tasks.Task`1[Microsoft.AspNetCore.Mvc.IActionResult] GetMyRequests() on controller PelindoCarLoan.API.Controllers.LoanRequestsController (PelindoCarLoan.API).
2026-01-07 20:49:36.839 +07:00 [INF] Executed action PelindoCarLoan.API.Controllers.LoanRequestsController.GetMyRequests (PelindoCarLoan.API) in 4.0029ms
2026-01-07 20:49:36.843 +07:00 [INF] Executed endpoint 'PelindoCarLoan.API.Controllers.LoanRequestsController.GetMyRequests (PelindoCarLoan.API)'
2026-01-07 20:49:36.845 +07:00 [ERR] An unhandled exception occurred
Oracle.ManagedDataAccess.Client.OracleException (0x80004005): ORA-00904: "LR"."SERVICE_LETTER_BASIS": invalid identifier
https://docs.oracle.com/error-help/db/ora-00904/
   at Oracle.ManagedDataAccess.Client.OracleCommand.<>c.<ExecuteDbDataReaderAsync>b__213_0(Task`1 result)
   at System.Threading.Tasks.ContinuationResultTaskFromResultTask`2.InnerInvoke()
   at System.Threading.ExecutionContext.RunInternal(ExecutionContext executionContext, ContextCallback callback, Object state)
--- End of stack trace from previous location ---
   at System.Threading.ExecutionContext.RunInternal(ExecutionContext executionContext, ContextCallback callback, Object state)
   at System.Threading.Tasks.Task.ExecuteWithThreadLocal(Task& currentTaskSlot, Thread threadPoolThread)
--- End of stack trace from previous location ---
   at Dapper.SqlMapper.MultiMapAsync[TFirst,TSecond,TThird,TFourth,TFifth,TSixth,TSeventh,TReturn](IDbConnection cnn, CommandDefinition command, Delegate map, String splitOn) in /_/Dapper/SqlMapper.Async.cs:line 940
   at PelindoCarLoan.API.Repositories.LoanRequestRepository.GetAllAsync(Nullable`1 userId, String status) in C:\Users\abima\Desktop\Project\Pelindo\pelindo-car-loan\backend\PelindoCarLoan.API\Repositories\LoanRequestRepository.cs:line 98
   at PelindoCarLoan.API.Services.LoanRequestService.GetMyRequestsAsync(Int32 userId) in C:\Users\abima\Desktop\Project\Pelindo\pelindo-car-loan\backend\PelindoCarLoan.API\Services\LoanRequestService.cs:line 60
   at PelindoCarLoan.API.Controllers.LoanRequestsController.GetMyRequests() in C:\Users\abima\Desktop\Project\Pelindo\pelindo-car-loan\backend\PelindoCarLoan.API\Controllers\LoanRequestsController.cs:line 58
   at Microsoft.AspNetCore.Mvc.Infrastructure.ActionMethodExecutor.TaskOfIActionResultExecutor.Execute(ActionContext actionContext, IActionResultTypeMapper mapper, ObjectMethodExecutor executor, Object controller, Object[] arguments)
   at Microsoft.AspNetCore.Mvc.Infrastructure.ControllerActionInvoker.<InvokeActionMethodAsync>g__Awaited|12_0(ControllerActionInvoker invoker, ValueTask`1 actionResultValueTask)
   at Microsoft.AspNetCore.Mvc.Infrastructure.ControllerActionInvoker.<InvokeNextActionFilterAsync>g__Awaited|10_0(ControllerActionInvoker invoker, Task lastTask, State next, Scope scope, Object state, Boolean isCompleted)
   at Microsoft.AspNetCore.Mvc.Infrastructure.ControllerActionInvoker.Rethrow(ActionExecutedContextSealed context)
   at Microsoft.AspNetCore.Mvc.Infrastructure.ControllerActionInvoker.Next(State& next, Scope& scope, Object& state, Boolean& isCompleted)
   at Microsoft.AspNetCore.Mvc.Infrastructure.ControllerActionInvoker.<InvokeInnerFilterAsync>g__Awaited|13_0(ControllerActionInvoker invoker, Task lastTask, State next, Scope scope, Object state, Boolean isCompleted)
   at Microsoft.AspNetCore.Mvc.Infrastructure.ResourceInvoker.<InvokeFilterPipelineAsync>g__Awaited|20_0(ResourceInvoker invoker, Task lastTask, State next, Scope scope, Object state, Boolean isCompleted)
   at Microsoft.AspNetCore.Mvc.Infrastructure.ResourceInvoker.<InvokeAsync>g__Logged|17_1(ResourceInvoker invoker)
   at Microsoft.AspNetCore.Mvc.Infrastructure.ResourceInvoker.<InvokeAsync>g__Logged|17_1(ResourceInvoker invoker)
   at Microsoft.AspNetCore.Routing.EndpointMiddleware.<Invoke>g__AwaitRequestTask|7_0(Endpoint endpoint, Task requestTask, ILogger logger)
   at Microsoft.AspNetCore.Authorization.AuthorizationMiddleware.Invoke(HttpContext context)
   at Microsoft.AspNetCore.Authentication.AuthenticationMiddleware.Invoke(HttpContext context)
   at PelindoCarLoan.API.Middleware.ExceptionMiddleware.InvokeAsync(HttpContext context) in C:\Users\abima\Desktop\Project\Pelindo\pelindo-car-loan\backend\PelindoCarLoan.API\Middleware\ExceptionMiddleware.cs:line 22
2026-01-07 20:49:36.858 +07:00 [INF] Request finished HTTP/1.1 GET http://localhost:5000/api/loanrequests/my-requests - 500 null application/json 39.0369ms
2026-01-07 20:49:37.867 +07:00 [INF] Request starting HTTP/1.1 GET http://localhost:5000/api/loanrequests/my-requests - null null
2026-01-07 20:49:37.884 +07:00 [INF] CORS policy execution successful.
2026-01-07 20:49:37.891 +07:00 [INF] Executing endpoint 'PelindoCarLoan.API.Controllers.LoanRequestsController.GetMyRequests (PelindoCarLoan.API)'
2026-01-07 20:49:37.899 +07:00 [INF] Route matched with {action = "GetMyRequests", controller = "LoanRequests"}. Executing controller action with signature System.Threading.Tasks.Task`1[Microsoft.AspNetCore.Mvc.IActionResult] GetMyRequests() on controller PelindoCarLoan.API.Controllers.LoanRequestsController (PelindoCarLoan.API).
2026-01-07 20:49:37.920 +07:00 [INF] Executed action PelindoCarLoan.API.Controllers.LoanRequestsController.GetMyRequests (PelindoCarLoan.API) in 8.0697ms
2026-01-07 20:49:37.931 +07:00 [INF] Executed endpoint 'PelindoCarLoan.API.Controllers.LoanRequestsController.GetMyRequests (PelindoCarLoan.API)'
2026-01-07 20:49:37.939 +07:00 [ERR] An unhandled exception occurred
Oracle.ManagedDataAccess.Client.OracleException (0x80004005): ORA-00904: "LR"."SERVICE_LETTER_BASIS": invalid identifier
https://docs.oracle.com/error-help/db/ora-00904/
   at Oracle.ManagedDataAccess.Client.OracleCommand.<>c.<ExecuteDbDataReaderAsync>b__213_0(Task`1 result)
   at System.Threading.Tasks.ContinuationResultTaskFromResultTask`2.InnerInvoke()
   at System.Threading.ExecutionContext.RunInternal(ExecutionContext executionContext, ContextCallback callback, Object state)
--- End of stack trace from previous location ---
   at System.Threading.ExecutionContext.RunInternal(ExecutionContext executionContext, ContextCallback callback, Object state)
   at System.Threading.Tasks.Task.ExecuteWithThreadLocal(Task& currentTaskSlot, Thread threadPoolThread)
--- End of stack trace from previous location ---
   at Dapper.SqlMapper.MultiMapAsync[TFirst,TSecond,TThird,TFourth,TFifth,TSixth,TSeventh,TReturn](IDbConnection cnn, CommandDefinition command, Delegate map, String splitOn) in /_/Dapper/SqlMapper.Async.cs:line 940
   at PelindoCarLoan.API.Repositories.LoanRequestRepository.GetAllAsync(Nullable`1 userId, String status) in C:\Users\abima\Desktop\Project\Pelindo\pelindo-car-loan\backend\PelindoCarLoan.API\Repositories\LoanRequestRepository.cs:line 98
   at PelindoCarLoan.API.Services.LoanRequestService.GetMyRequestsAsync(Int32 userId) in C:\Users\abima\Desktop\Project\Pelindo\pelindo-car-loan\backend\PelindoCarLoan.API\Services\LoanRequestService.cs:line 60
   at PelindoCarLoan.API.Controllers.LoanRequestsController.GetMyRequests() in C:\Users\abima\Desktop\Project\Pelindo\pelindo-car-loan\backend\PelindoCarLoan.API\Controllers\LoanRequestsController.cs:line 58
   at Microsoft.AspNetCore.Mvc.Infrastructure.ActionMethodExecutor.TaskOfIActionResultExecutor.Execute(ActionContext actionContext, IActionResultTypeMapper mapper, ObjectMethodExecutor executor, Object controller, Object[] arguments)
   at Microsoft.AspNetCore.Mvc.Infrastructure.ControllerActionInvoker.<InvokeActionMethodAsync>g__Awaited|12_0(ControllerActionInvoker invoker, ValueTask`1 actionResultValueTask)
   at Microsoft.AspNetCore.Mvc.Infrastructure.ControllerActionInvoker.<InvokeNextActionFilterAsync>g__Awaited|10_0(ControllerActionInvoker invoker, Task lastTask, State next, Scope scope, Object state, Boolean isCompleted)
   at Microsoft.AspNetCore.Mvc.Infrastructure.ControllerActionInvoker.Rethrow(ActionExecutedContextSealed context)
   at Microsoft.AspNetCore.Mvc.Infrastructure.ControllerActionInvoker.Next(State& next, Scope& scope, Object& state, Boolean& isCompleted)
   at Microsoft.AspNetCore.Mvc.Infrastructure.ControllerActionInvoker.<InvokeInnerFilterAsync>g__Awaited|13_0(ControllerActionInvoker invoker, Task lastTask, State next, Scope scope, Object state, Boolean isCompleted)
   at Microsoft.AspNetCore.Mvc.Infrastructure.ResourceInvoker.<InvokeFilterPipelineAsync>g__Awaited|20_0(ResourceInvoker invoker, Task lastTask, State next, Scope scope, Object state, Boolean isCompleted)
   at Microsoft.AspNetCore.Mvc.Infrastructure.ResourceInvoker.<InvokeAsync>g__Logged|17_1(ResourceInvoker invoker)
   at Microsoft.AspNetCore.Mvc.Infrastructure.ResourceInvoker.<InvokeAsync>g__Logged|17_1(ResourceInvoker invoker)
   at Microsoft.AspNetCore.Routing.EndpointMiddleware.<Invoke>g__AwaitRequestTask|7_0(Endpoint endpoint, Task requestTask, ILogger logger)
   at Microsoft.AspNetCore.Authorization.AuthorizationMiddleware.Invoke(HttpContext context)
   at Microsoft.AspNetCore.Authentication.AuthenticationMiddleware.Invoke(HttpContext context)
   at PelindoCarLoan.API.Middleware.ExceptionMiddleware.InvokeAsync(HttpContext context) in C:\Users\abima\Desktop\Project\Pelindo\pelindo-car-loan\backend\PelindoCarLoan.API\Middleware\ExceptionMiddleware.cs:line 22
2026-01-07 20:49:37.987 +07:00 [INF] Request finished HTTP/1.1 GET http://localhost:5000/api/loanrequests/my-requests - 500 null application/json 120.2498ms
2026-01-07 20:49:40.552 +07:00 [INF] Request starting HTTP/1.1 GET http://localhost:5000/api/loanrequests/my-requests - null null
2026-01-07 20:49:40.569 +07:00 [INF] CORS policy execution successful.
2026-01-07 20:49:40.576 +07:00 [INF] Executing endpoint 'PelindoCarLoan.API.Controllers.LoanRequestsController.GetMyRequests (PelindoCarLoan.API)'
2026-01-07 20:49:40.583 +07:00 [INF] Route matched with {action = "GetMyRequests", controller = "LoanRequests"}. Executing controller action with signature System.Threading.Tasks.Task`1[Microsoft.AspNetCore.Mvc.IActionResult] GetMyRequests() on controller PelindoCarLoan.API.Controllers.LoanRequestsController (PelindoCarLoan.API).
2026-01-07 20:49:40.603 +07:00 [INF] Executed action PelindoCarLoan.API.Controllers.LoanRequestsController.GetMyRequests (PelindoCarLoan.API) in 8.4895ms
2026-01-07 20:49:40.612 +07:00 [INF] Executed endpoint 'PelindoCarLoan.API.Controllers.LoanRequestsController.GetMyRequests (PelindoCarLoan.API)'
2026-01-07 20:49:40.620 +07:00 [ERR] An unhandled exception occurred
Oracle.ManagedDataAccess.Client.OracleException (0x80004005): ORA-00904: "LR"."SERVICE_LETTER_BASIS": invalid identifier
https://docs.oracle.com/error-help/db/ora-00904/
   at Oracle.ManagedDataAccess.Client.OracleCommand.<>c.<ExecuteDbDataReaderAsync>b__213_0(Task`1 result)
   at System.Threading.Tasks.ContinuationResultTaskFromResultTask`2.InnerInvoke()
   at System.Threading.ExecutionContext.RunInternal(ExecutionContext executionContext, ContextCallback callback, Object state)
--- End of stack trace from previous location ---
   at System.Threading.ExecutionContext.RunInternal(ExecutionContext executionContext, ContextCallback callback, Object state)
   at System.Threading.Tasks.Task.ExecuteWithThreadLocal(Task& currentTaskSlot, Thread threadPoolThread)
--- End of stack trace from previous location ---
   at Dapper.SqlMapper.MultiMapAsync[TFirst,TSecond,TThird,TFourth,TFifth,TSixth,TSeventh,TReturn](IDbConnection cnn, CommandDefinition command, Delegate map, String splitOn) in /_/Dapper/SqlMapper.Async.cs:line 940
   at PelindoCarLoan.API.Repositories.LoanRequestRepository.GetAllAsync(Nullable`1 userId, String status) in C:\Users\abima\Desktop\Project\Pelindo\pelindo-car-loan\backend\PelindoCarLoan.API\Repositories\LoanRequestRepository.cs:line 98
   at PelindoCarLoan.API.Services.LoanRequestService.GetMyRequestsAsync(Int32 userId) in C:\Users\abima\Desktop\Project\Pelindo\pelindo-car-loan\backend\PelindoCarLoan.API\Services\LoanRequestService.cs:line 60
   at PelindoCarLoan.API.Controllers.LoanRequestsController.GetMyRequests() in C:\Users\abima\Desktop\Project\Pelindo\pelindo-car-loan\backend\PelindoCarLoan.API\Controllers\LoanRequestsController.cs:line 58
   at Microsoft.AspNetCore.Mvc.Infrastructure.ActionMethodExecutor.TaskOfIActionResultExecutor.Execute(ActionContext actionContext, IActionResultTypeMapper mapper, ObjectMethodExecutor executor, Object controller, Object[] arguments)
   at Microsoft.AspNetCore.Mvc.Infrastructure.ControllerActionInvoker.<InvokeActionMethodAsync>g__Awaited|12_0(ControllerActionInvoker invoker, ValueTask`1 actionResultValueTask)
   at Microsoft.AspNetCore.Mvc.Infrastructure.ControllerActionInvoker.<InvokeNextActionFilterAsync>g__Awaited|10_0(ControllerActionInvoker invoker, Task lastTask, State next, Scope scope, Object state, Boolean isCompleted)
   at Microsoft.AspNetCore.Mvc.Infrastructure.ControllerActionInvoker.Rethrow(ActionExecutedContextSealed context)
   at Microsoft.AspNetCore.Mvc.Infrastructure.ControllerActionInvoker.Next(State& next, Scope& scope, Object& state, Boolean& isCompleted)
   at Microsoft.AspNetCore.Mvc.Infrastructure.ControllerActionInvoker.<InvokeInnerFilterAsync>g__Awaited|13_0(ControllerActionInvoker invoker, Task lastTask, State next, Scope scope, Object state, Boolean isCompleted)
   at Microsoft.AspNetCore.Mvc.Infrastructure.ResourceInvoker.<InvokeFilterPipelineAsync>g__Awaited|20_0(ResourceInvoker invoker, Task lastTask, State next, Scope scope, Object state, Boolean isCompleted)
   at Microsoft.AspNetCore.Mvc.Infrastructure.ResourceInvoker.<InvokeAsync>g__Logged|17_1(ResourceInvoker invoker)
   at Microsoft.AspNetCore.Mvc.Infrastructure.ResourceInvoker.<InvokeAsync>g__Logged|17_1(ResourceInvoker invoker)
   at Microsoft.AspNetCore.Routing.EndpointMiddleware.<Invoke>g__AwaitRequestTask|7_0(Endpoint endpoint, Task requestTask, ILogger logger)
   at Microsoft.AspNetCore.Authorization.AuthorizationMiddleware.Invoke(HttpContext context)
   at Microsoft.AspNetCore.Authentication.AuthenticationMiddleware.Invoke(HttpContext context)
   at PelindoCarLoan.API.Middleware.ExceptionMiddleware.InvokeAsync(HttpContext context) in C:\Users\abima\Desktop\Project\Pelindo\pelindo-car-loan\backend\PelindoCarLoan.API\Middleware\ExceptionMiddleware.cs:line 22
2026-01-07 20:49:40.668 +07:00 [INF] Request finished HTTP/1.1 GET http://localhost:5000/api/loanrequests/my-requests - 500 null application/json 115.6089ms
2026-01-07 20:49:58.183 +07:00 [INF] Pelindo Car Loan API started successfully
2026-01-07 20:49:58.256 +07:00 [INF] User profile is available. Using 'C:\Users\abima\AppData\Local\ASP.NET\DataProtection-Keys' as key repository and Windows DPAPI to encrypt keys at rest.
2026-01-07 20:49:58.326 +07:00 [INF] Now listening on: http://localhost:5000
2026-01-07 20:49:58.329 +07:00 [INF] Application started. Press Ctrl+C to shut down.
2026-01-07 20:49:58.333 +07:00 [INF] Hosting environment: Production
2026-01-07 20:49:58.336 +07:00 [INF] Content root path: C:\Users\abima\Desktop\Project\Pelindo\pelindo-car-loan\backend\PelindoCarLoan.API
2026-01-07 20:49:59.819 +07:00 [INF] Request starting HTTP/1.1 OPTIONS http://localhost:5000/api/loanrequests/my-requests - null null
2026-01-07 20:49:59.861 +07:00 [INF] CORS policy execution successful.
2026-01-07 20:49:59.870 +07:00 [INF] Request finished HTTP/1.1 OPTIONS http://localhost:5000/api/loanrequests/my-requests - 204 null null 52.4759ms
2026-01-07 20:49:59.887 +07:00 [INF] Request starting HTTP/1.1 GET http://localhost:5000/api/loanrequests/my-requests - null null
2026-01-07 20:49:59.900 +07:00 [INF] CORS policy execution successful.
2026-01-07 20:49:59.903 +07:00 [WRN] Failed to determine the https port for redirect.
2026-01-07 20:50:00.045 +07:00 [INF] Executing endpoint 'PelindoCarLoan.API.Controllers.LoanRequestsController.GetMyRequests (PelindoCarLoan.API)'
2026-01-07 20:50:00.072 +07:00 [INF] Route matched with {action = "GetMyRequests", controller = "LoanRequests"}. Executing controller action with signature System.Threading.Tasks.Task`1[Microsoft.AspNetCore.Mvc.IActionResult] GetMyRequests() on controller PelindoCarLoan.API.Controllers.LoanRequestsController (PelindoCarLoan.API).
2026-01-07 20:50:01.052 +07:00 [INF] Executed action PelindoCarLoan.API.Controllers.LoanRequestsController.GetMyRequests (PelindoCarLoan.API) in 966.6616ms
2026-01-07 20:50:01.061 +07:00 [INF] Executed endpoint 'PelindoCarLoan.API.Controllers.LoanRequestsController.GetMyRequests (PelindoCarLoan.API)'
2026-01-07 20:50:01.070 +07:00 [ERR] An unhandled exception occurred
Oracle.ManagedDataAccess.Client.OracleException (0x80004005): ORA-00904: "LR"."SERVICE_LETTER_BASIS": invalid identifier
https://docs.oracle.com/error-help/db/ora-00904/
   at Oracle.ManagedDataAccess.Client.OracleCommand.<>c.<ExecuteDbDataReaderAsync>b__213_0(Task`1 result)
   at System.Threading.Tasks.ContinuationResultTaskFromResultTask`2.InnerInvoke()
   at System.Threading.ExecutionContext.RunInternal(ExecutionContext executionContext, ContextCallback callback, Object state)
--- End of stack trace from previous location ---
   at System.Threading.ExecutionContext.RunInternal(ExecutionContext executionContext, ContextCallback callback, Object state)
   at System.Threading.Tasks.Task.ExecuteWithThreadLocal(Task& currentTaskSlot, Thread threadPoolThread)
--- End of stack trace from previous location ---
   at Dapper.SqlMapper.MultiMapAsync[TFirst,TSecond,TThird,TFourth,TFifth,TSixth,TSeventh,TReturn](IDbConnection cnn, CommandDefinition command, Delegate map, String splitOn) in /_/Dapper/SqlMapper.Async.cs:line 940
   at PelindoCarLoan.API.Repositories.LoanRequestRepository.GetAllAsync(Nullable`1 userId, String status) in C:\Users\abima\Desktop\Project\Pelindo\pelindo-car-loan\backend\PelindoCarLoan.API\Repositories\LoanRequestRepository.cs:line 98
   at PelindoCarLoan.API.Services.LoanRequestService.GetMyRequestsAsync(Int32 userId) in C:\Users\abima\Desktop\Project\Pelindo\pelindo-car-loan\backend\PelindoCarLoan.API\Services\LoanRequestService.cs:line 60
   at PelindoCarLoan.API.Controllers.LoanRequestsController.GetMyRequests() in C:\Users\abima\Desktop\Project\Pelindo\pelindo-car-loan\backend\PelindoCarLoan.API\Controllers\LoanRequestsController.cs:line 58
   at Microsoft.AspNetCore.Mvc.Infrastructure.ActionMethodExecutor.TaskOfIActionResultExecutor.Execute(ActionContext actionContext, IActionResultTypeMapper mapper, ObjectMethodExecutor executor, Object controller, Object[] arguments)
   at Microsoft.AspNetCore.Mvc.Infrastructure.ControllerActionInvoker.<InvokeActionMethodAsync>g__Awaited|12_0(ControllerActionInvoker invoker, ValueTask`1 actionResultValueTask)
   at Microsoft.AspNetCore.Mvc.Infrastructure.ControllerActionInvoker.<InvokeNextActionFilterAsync>g__Awaited|10_0(ControllerActionInvoker invoker, Task lastTask, State next, Scope scope, Object state, Boolean isCompleted)
   at Microsoft.AspNetCore.Mvc.Infrastructure.ControllerActionInvoker.Rethrow(ActionExecutedContextSealed context)
   at Microsoft.AspNetCore.Mvc.Infrastructure.ControllerActionInvoker.Next(State& next, Scope& scope, Object& state, Boolean& isCompleted)
   at Microsoft.AspNetCore.Mvc.Infrastructure.ControllerActionInvoker.<InvokeInnerFilterAsync>g__Awaited|13_0(ControllerActionInvoker invoker, Task lastTask, State next, Scope scope, Object state, Boolean isCompleted)
   at Microsoft.AspNetCore.Mvc.Infrastructure.ResourceInvoker.<InvokeFilterPipelineAsync>g__Awaited|20_0(ResourceInvoker invoker, Task lastTask, State next, Scope scope, Object state, Boolean isCompleted)
   at Microsoft.AspNetCore.Mvc.Infrastructure.ResourceInvoker.<InvokeAsync>g__Logged|17_1(ResourceInvoker invoker)
   at Microsoft.AspNetCore.Mvc.Infrastructure.ResourceInvoker.<InvokeAsync>g__Logged|17_1(ResourceInvoker invoker)
   at Microsoft.AspNetCore.Routing.EndpointMiddleware.<Invoke>g__AwaitRequestTask|7_0(Endpoint endpoint, Task requestTask, ILogger logger)
   at Microsoft.AspNetCore.Authorization.AuthorizationMiddleware.Invoke(HttpContext context)
   at Microsoft.AspNetCore.Authentication.AuthenticationMiddleware.Invoke(HttpContext context)
   at PelindoCarLoan.API.Middleware.ExceptionMiddleware.InvokeAsync(HttpContext context) in C:\Users\abima\Desktop\Project\Pelindo\pelindo-car-loan\backend\PelindoCarLoan.API\Middleware\ExceptionMiddleware.cs:line 22
2026-01-07 20:50:01.183 +07:00 [INF] Request finished HTTP/1.1 GET http://localhost:5000/api/loanrequests/my-requests - 500 null application/json 1296.0465ms
2026-01-07 20:50:01.415 +07:00 [INF] Request starting HTTP/1.1 GET http://localhost:5000/api/loanrequests/my-requests - null null
2026-01-07 20:50:01.425 +07:00 [INF] CORS policy execution successful.
2026-01-07 20:50:01.435 +07:00 [INF] Executing endpoint 'PelindoCarLoan.API.Controllers.LoanRequestsController.GetMyRequests (PelindoCarLoan.API)'
2026-01-07 20:50:01.440 +07:00 [INF] Route matched with {action = "GetMyRequests", controller = "LoanRequests"}. Executing controller action with signature System.Threading.Tasks.Task`1[Microsoft.AspNetCore.Mvc.IActionResult] GetMyRequests() on controller PelindoCarLoan.API.Controllers.LoanRequestsController (PelindoCarLoan.API).
2026-01-07 20:50:01.466 +07:00 [INF] Executed action PelindoCarLoan.API.Controllers.LoanRequestsController.GetMyRequests (PelindoCarLoan.API) in 18.7254ms
2026-01-07 20:50:01.486 +07:00 [INF] Executed endpoint 'PelindoCarLoan.API.Controllers.LoanRequestsController.GetMyRequests (PelindoCarLoan.API)'
2026-01-07 20:50:01.491 +07:00 [ERR] An unhandled exception occurred
Oracle.ManagedDataAccess.Client.OracleException (0x80004005): ORA-00904: "LR"."SERVICE_LETTER_BASIS": invalid identifier
https://docs.oracle.com/error-help/db/ora-00904/
   at Oracle.ManagedDataAccess.Client.OracleCommand.<>c.<ExecuteDbDataReaderAsync>b__213_0(Task`1 result)
   at System.Threading.Tasks.ContinuationResultTaskFromResultTask`2.InnerInvoke()
   at System.Threading.ExecutionContext.RunInternal(ExecutionContext executionContext, ContextCallback callback, Object state)
--- End of stack trace from previous location ---
   at System.Threading.ExecutionContext.RunInternal(ExecutionContext executionContext, ContextCallback callback, Object state)
   at System.Threading.Tasks.Task.ExecuteWithThreadLocal(Task& currentTaskSlot, Thread threadPoolThread)
--- End of stack trace from previous location ---
   at Dapper.SqlMapper.MultiMapAsync[TFirst,TSecond,TThird,TFourth,TFifth,TSixth,TSeventh,TReturn](IDbConnection cnn, CommandDefinition command, Delegate map, String splitOn) in /_/Dapper/SqlMapper.Async.cs:line 940
   at PelindoCarLoan.API.Repositories.LoanRequestRepository.GetAllAsync(Nullable`1 userId, String status) in C:\Users\abima\Desktop\Project\Pelindo\pelindo-car-loan\backend\PelindoCarLoan.API\Repositories\LoanRequestRepository.cs:line 98
   at PelindoCarLoan.API.Services.LoanRequestService.GetMyRequestsAsync(Int32 userId) in C:\Users\abima\Desktop\Project\Pelindo\pelindo-car-loan\backend\PelindoCarLoan.API\Services\LoanRequestService.cs:line 60
   at PelindoCarLoan.API.Controllers.LoanRequestsController.GetMyRequests() in C:\Users\abima\Desktop\Project\Pelindo\pelindo-car-loan\backend\PelindoCarLoan.API\Controllers\LoanRequestsController.cs:line 58
   at Microsoft.AspNetCore.Mvc.Infrastructure.ActionMethodExecutor.TaskOfIActionResultExecutor.Execute(ActionContext actionContext, IActionResultTypeMapper mapper, ObjectMethodExecutor executor, Object controller, Object[] arguments)
   at Microsoft.AspNetCore.Mvc.Infrastructure.ControllerActionInvoker.<InvokeActionMethodAsync>g__Awaited|12_0(ControllerActionInvoker invoker, ValueTask`1 actionResultValueTask)
   at Microsoft.AspNetCore.Mvc.Infrastructure.ControllerActionInvoker.<InvokeNextActionFilterAsync>g__Awaited|10_0(ControllerActionInvoker invoker, Task lastTask, State next, Scope scope, Object state, Boolean isCompleted)
   at Microsoft.AspNetCore.Mvc.Infrastructure.ControllerActionInvoker.Rethrow(ActionExecutedContextSealed context)
   at Microsoft.AspNetCore.Mvc.Infrastructure.ControllerActionInvoker.Next(State& next, Scope& scope, Object& state, Boolean& isCompleted)
   at Microsoft.AspNetCore.Mvc.Infrastructure.ControllerActionInvoker.<InvokeInnerFilterAsync>g__Awaited|13_0(ControllerActionInvoker invoker, Task lastTask, State next, Scope scope, Object state, Boolean isCompleted)
   at Microsoft.AspNetCore.Mvc.Infrastructure.ResourceInvoker.<InvokeFilterPipelineAsync>g__Awaited|20_0(ResourceInvoker invoker, Task lastTask, State next, Scope scope, Object state, Boolean isCompleted)
   at Microsoft.AspNetCore.Mvc.Infrastructure.ResourceInvoker.<InvokeAsync>g__Logged|17_1(ResourceInvoker invoker)
   at Microsoft.AspNetCore.Mvc.Infrastructure.ResourceInvoker.<InvokeAsync>g__Logged|17_1(ResourceInvoker invoker)
   at Microsoft.AspNetCore.Routing.EndpointMiddleware.<Invoke>g__AwaitRequestTask|7_0(Endpoint endpoint, Task requestTask, ILogger logger)
   at Microsoft.AspNetCore.Authorization.AuthorizationMiddleware.Invoke(HttpContext context)
   at Microsoft.AspNetCore.Authentication.AuthenticationMiddleware.Invoke(HttpContext context)
   at PelindoCarLoan.API.Middleware.ExceptionMiddleware.InvokeAsync(HttpContext context) in C:\Users\abima\Desktop\Project\Pelindo\pelindo-car-loan\backend\PelindoCarLoan.API\Middleware\ExceptionMiddleware.cs:line 22
2026-01-07 20:50:01.544 +07:00 [INF] Request finished HTTP/1.1 GET http://localhost:5000/api/loanrequests/my-requests - 500 null application/json 129.2078ms
2026-01-07 20:50:06.725 +07:00 [INF] Request starting HTTP/1.1 OPTIONS http://localhost:5000/api/loanrequests/my-requests - null null
2026-01-07 20:50:06.731 +07:00 [INF] CORS policy execution successful.
2026-01-07 20:50:06.733 +07:00 [INF] Request finished HTTP/1.1 OPTIONS http://localhost:5000/api/loanrequests/my-requests - 204 null null 7.7954ms
2026-01-07 20:50:06.739 +07:00 [INF] Request starting HTTP/1.1 GET http://localhost:5000/api/loanrequests/my-requests - null null
2026-01-07 20:50:06.743 +07:00 [INF] CORS policy execution successful.
2026-01-07 20:50:06.748 +07:00 [INF] Executing endpoint 'PelindoCarLoan.API.Controllers.LoanRequestsController.GetMyRequests (PelindoCarLoan.API)'
2026-01-07 20:50:06.751 +07:00 [INF] Route matched with {action = "GetMyRequests", controller = "LoanRequests"}. Executing controller action with signature System.Threading.Tasks.Task`1[Microsoft.AspNetCore.Mvc.IActionResult] GetMyRequests() on controller PelindoCarLoan.API.Controllers.LoanRequestsController (PelindoCarLoan.API).
2026-01-07 20:50:06.762 +07:00 [INF] Executed action PelindoCarLoan.API.Controllers.LoanRequestsController.GetMyRequests (PelindoCarLoan.API) in 7.2384ms
2026-01-07 20:50:06.765 +07:00 [INF] Executed endpoint 'PelindoCarLoan.API.Controllers.LoanRequestsController.GetMyRequests (PelindoCarLoan.API)'
2026-01-07 20:50:06.767 +07:00 [ERR] An unhandled exception occurred
Oracle.ManagedDataAccess.Client.OracleException (0x80004005): ORA-00904: "LR"."SERVICE_LETTER_BASIS": invalid identifier
https://docs.oracle.com/error-help/db/ora-00904/
   at Oracle.ManagedDataAccess.Client.OracleCommand.<>c.<ExecuteDbDataReaderAsync>b__213_0(Task`1 result)
   at System.Threading.Tasks.ContinuationResultTaskFromResultTask`2.InnerInvoke()
   at System.Threading.ExecutionContext.RunInternal(ExecutionContext executionContext, ContextCallback callback, Object state)
--- End of stack trace from previous location ---
   at System.Threading.ExecutionContext.RunInternal(ExecutionContext executionContext, ContextCallback callback, Object state)
   at System.Threading.Tasks.Task.ExecuteWithThreadLocal(Task& currentTaskSlot, Thread threadPoolThread)
--- End of stack trace from previous location ---
   at Dapper.SqlMapper.MultiMapAsync[TFirst,TSecond,TThird,TFourth,TFifth,TSixth,TSeventh,TReturn](IDbConnection cnn, CommandDefinition command, Delegate map, String splitOn) in /_/Dapper/SqlMapper.Async.cs:line 940
   at PelindoCarLoan.API.Repositories.LoanRequestRepository.GetAllAsync(Nullable`1 userId, String status) in C:\Users\abima\Desktop\Project\Pelindo\pelindo-car-loan\backend\PelindoCarLoan.API\Repositories\LoanRequestRepository.cs:line 98
   at PelindoCarLoan.API.Services.LoanRequestService.GetMyRequestsAsync(Int32 userId) in C:\Users\abima\Desktop\Project\Pelindo\pelindo-car-loan\backend\PelindoCarLoan.API\Services\LoanRequestService.cs:line 60
   at PelindoCarLoan.API.Controllers.LoanRequestsController.GetMyRequests() in C:\Users\abima\Desktop\Project\Pelindo\pelindo-car-loan\backend\PelindoCarLoan.API\Controllers\LoanRequestsController.cs:line 58
   at Microsoft.AspNetCore.Mvc.Infrastructure.ActionMethodExecutor.TaskOfIActionResultExecutor.Execute(ActionContext actionContext, IActionResultTypeMapper mapper, ObjectMethodExecutor executor, Object controller, Object[] arguments)
   at Microsoft.AspNetCore.Mvc.Infrastructure.ControllerActionInvoker.<InvokeActionMethodAsync>g__Awaited|12_0(ControllerActionInvoker invoker, ValueTask`1 actionResultValueTask)
   at Microsoft.AspNetCore.Mvc.Infrastructure.ControllerActionInvoker.<InvokeNextActionFilterAsync>g__Awaited|10_0(ControllerActionInvoker invoker, Task lastTask, State next, Scope scope, Object state, Boolean isCompleted)
   at Microsoft.AspNetCore.Mvc.Infrastructure.ControllerActionInvoker.Rethrow(ActionExecutedContextSealed context)
   at Microsoft.AspNetCore.Mvc.Infrastructure.ControllerActionInvoker.Next(State& next, Scope& scope, Object& state, Boolean& isCompleted)
   at Microsoft.AspNetCore.Mvc.Infrastructure.ControllerActionInvoker.<InvokeInnerFilterAsync>g__Awaited|13_0(ControllerActionInvoker invoker, Task lastTask, State next, Scope scope, Object state, Boolean isCompleted)
   at Microsoft.AspNetCore.Mvc.Infrastructure.ResourceInvoker.<InvokeFilterPipelineAsync>g__Awaited|20_0(ResourceInvoker invoker, Task lastTask, State next, Scope scope, Object state, Boolean isCompleted)
   at Microsoft.AspNetCore.Mvc.Infrastructure.ResourceInvoker.<InvokeAsync>g__Logged|17_1(ResourceInvoker invoker)
   at Microsoft.AspNetCore.Mvc.Infrastructure.ResourceInvoker.<InvokeAsync>g__Logged|17_1(ResourceInvoker invoker)
   at Microsoft.AspNetCore.Routing.EndpointMiddleware.<Invoke>g__AwaitRequestTask|7_0(Endpoint endpoint, Task requestTask, ILogger logger)
   at Microsoft.AspNetCore.Authorization.AuthorizationMiddleware.Invoke(HttpContext context)
   at Microsoft.AspNetCore.Authentication.AuthenticationMiddleware.Invoke(HttpContext context)
   at PelindoCarLoan.API.Middleware.ExceptionMiddleware.InvokeAsync(HttpContext context) in C:\Users\abima\Desktop\Project\Pelindo\pelindo-car-loan\backend\PelindoCarLoan.API\Middleware\ExceptionMiddleware.cs:line 22
2026-01-07 20:50:06.793 +07:00 [INF] Request finished HTTP/1.1 GET http://localhost:5000/api/loanrequests/my-requests - 500 null application/json 54.3039ms
2026-01-07 20:50:18.557 +07:00 [INF] Request starting HTTP/1.1 OPTIONS http://localhost:5000/api/loanrequests/my-requests - null null
2026-01-07 20:50:18.566 +07:00 [INF] CORS policy execution successful.
2026-01-07 20:50:18.569 +07:00 [INF] Request finished HTTP/1.1 OPTIONS http://localhost:5000/api/loanrequests/my-requests - 204 null null 12.2497ms
2026-01-07 20:50:18.581 +07:00 [INF] Request starting HTTP/1.1 GET http://localhost:5000/api/loanrequests/my-requests - null null
2026-01-07 20:50:18.590 +07:00 [INF] CORS policy execution successful.
2026-01-07 20:50:18.594 +07:00 [INF] Executing endpoint 'PelindoCarLoan.API.Controllers.LoanRequestsController.GetMyRequests (PelindoCarLoan.API)'
2026-01-07 20:50:18.597 +07:00 [INF] Route matched with {action = "GetMyRequests", controller = "LoanRequests"}. Executing controller action with signature System.Threading.Tasks.Task`1[Microsoft.AspNetCore.Mvc.IActionResult] GetMyRequests() on controller PelindoCarLoan.API.Controllers.LoanRequestsController (PelindoCarLoan.API).
2026-01-07 20:50:18.604 +07:00 [INF] Executed action PelindoCarLoan.API.Controllers.LoanRequestsController.GetMyRequests (PelindoCarLoan.API) in 3.9787ms
2026-01-07 20:50:18.608 +07:00 [INF] Executed endpoint 'PelindoCarLoan.API.Controllers.LoanRequestsController.GetMyRequests (PelindoCarLoan.API)'
2026-01-07 20:50:18.611 +07:00 [ERR] An unhandled exception occurred
Oracle.ManagedDataAccess.Client.OracleException (0x80004005): ORA-00904: "LR"."SERVICE_LETTER_BASIS": invalid identifier
https://docs.oracle.com/error-help/db/ora-00904/
   at Oracle.ManagedDataAccess.Client.OracleCommand.<>c.<ExecuteDbDataReaderAsync>b__213_0(Task`1 result)
   at System.Threading.Tasks.ContinuationResultTaskFromResultTask`2.InnerInvoke()
   at System.Threading.ExecutionContext.RunInternal(ExecutionContext executionContext, ContextCallback callback, Object state)
--- End of stack trace from previous location ---
   at System.Threading.ExecutionContext.RunInternal(ExecutionContext executionContext, ContextCallback callback, Object state)
   at System.Threading.Tasks.Task.ExecuteWithThreadLocal(Task& currentTaskSlot, Thread threadPoolThread)
--- End of stack trace from previous location ---
   at Dapper.SqlMapper.MultiMapAsync[TFirst,TSecond,TThird,TFourth,TFifth,TSixth,TSeventh,TReturn](IDbConnection cnn, CommandDefinition command, Delegate map, String splitOn) in /_/Dapper/SqlMapper.Async.cs:line 940
   at PelindoCarLoan.API.Repositories.LoanRequestRepository.GetAllAsync(Nullable`1 userId, String status) in C:\Users\abima\Desktop\Project\Pelindo\pelindo-car-loan\backend\PelindoCarLoan.API\Repositories\LoanRequestRepository.cs:line 98
   at PelindoCarLoan.API.Services.LoanRequestService.GetMyRequestsAsync(Int32 userId) in C:\Users\abima\Desktop\Project\Pelindo\pelindo-car-loan\backend\PelindoCarLoan.API\Services\LoanRequestService.cs:line 60
   at PelindoCarLoan.API.Controllers.LoanRequestsController.GetMyRequests() in C:\Users\abima\Desktop\Project\Pelindo\pelindo-car-loan\backend\PelindoCarLoan.API\Controllers\LoanRequestsController.cs:line 58
   at Microsoft.AspNetCore.Mvc.Infrastructure.ActionMethodExecutor.TaskOfIActionResultExecutor.Execute(ActionContext actionContext, IActionResultTypeMapper mapper, ObjectMethodExecutor executor, Object controller, Object[] arguments)
   at Microsoft.AspNetCore.Mvc.Infrastructure.ControllerActionInvoker.<InvokeActionMethodAsync>g__Awaited|12_0(ControllerActionInvoker invoker, ValueTask`1 actionResultValueTask)
   at Microsoft.AspNetCore.Mvc.Infrastructure.ControllerActionInvoker.<InvokeNextActionFilterAsync>g__Awaited|10_0(ControllerActionInvoker invoker, Task lastTask, State next, Scope scope, Object state, Boolean isCompleted)
   at Microsoft.AspNetCore.Mvc.Infrastructure.ControllerActionInvoker.Rethrow(ActionExecutedContextSealed context)
   at Microsoft.AspNetCore.Mvc.Infrastructure.ControllerActionInvoker.Next(State& next, Scope& scope, Object& state, Boolean& isCompleted)
   at Microsoft.AspNetCore.Mvc.Infrastructure.ControllerActionInvoker.<InvokeInnerFilterAsync>g__Awaited|13_0(ControllerActionInvoker invoker, Task lastTask, State next, Scope scope, Object state, Boolean isCompleted)
   at Microsoft.AspNetCore.Mvc.Infrastructure.ResourceInvoker.<InvokeFilterPipelineAsync>g__Awaited|20_0(ResourceInvoker invoker, Task lastTask, State next, Scope scope, Object state, Boolean isCompleted)
   at Microsoft.AspNetCore.Mvc.Infrastructure.ResourceInvoker.<InvokeAsync>g__Logged|17_1(ResourceInvoker invoker)
   at Microsoft.AspNetCore.Mvc.Infrastructure.ResourceInvoker.<InvokeAsync>g__Logged|17_1(ResourceInvoker invoker)
   at Microsoft.AspNetCore.Routing.EndpointMiddleware.<Invoke>g__AwaitRequestTask|7_0(Endpoint endpoint, Task requestTask, ILogger logger)
   at Microsoft.AspNetCore.Authorization.AuthorizationMiddleware.Invoke(HttpContext context)
   at Microsoft.AspNetCore.Authentication.AuthenticationMiddleware.Invoke(HttpContext context)
   at PelindoCarLoan.API.Middleware.ExceptionMiddleware.InvokeAsync(HttpContext context) in C:\Users\abima\Desktop\Project\Pelindo\pelindo-car-loan\backend\PelindoCarLoan.API\Middleware\ExceptionMiddleware.cs:line 22
2026-01-07 20:50:18.627 +07:00 [INF] Request finished HTTP/1.1 GET http://localhost:5000/api/loanrequests/my-requests - 500 null application/json 45.9344ms
2026-01-07 20:50:19.639 +07:00 [INF] Request starting HTTP/1.1 GET http://localhost:5000/api/loanrequests/my-requests - null null
2026-01-07 20:50:19.654 +07:00 [INF] CORS policy execution successful.
2026-01-07 20:50:19.662 +07:00 [INF] Executing endpoint 'PelindoCarLoan.API.Controllers.LoanRequestsController.GetMyRequests (PelindoCarLoan.API)'
2026-01-07 20:50:19.670 +07:00 [INF] Route matched with {action = "GetMyRequests", controller = "LoanRequests"}. Executing controller action with signature System.Threading.Tasks.Task`1[Microsoft.AspNetCore.Mvc.IActionResult] GetMyRequests() on controller PelindoCarLoan.API.Controllers.LoanRequestsController (PelindoCarLoan.API).
2026-01-07 20:50:19.691 +07:00 [INF] Executed action PelindoCarLoan.API.Controllers.LoanRequestsController.GetMyRequests (PelindoCarLoan.API) in 9.4613ms
2026-01-07 20:50:19.702 +07:00 [INF] Executed endpoint 'PelindoCarLoan.API.Controllers.LoanRequestsController.GetMyRequests (PelindoCarLoan.API)'
2026-01-07 20:50:19.711 +07:00 [ERR] An unhandled exception occurred
Oracle.ManagedDataAccess.Client.OracleException (0x80004005): ORA-00904: "LR"."SERVICE_LETTER_BASIS": invalid identifier
https://docs.oracle.com/error-help/db/ora-00904/
   at Oracle.ManagedDataAccess.Client.OracleCommand.<>c.<ExecuteDbDataReaderAsync>b__213_0(Task`1 result)
   at System.Threading.Tasks.ContinuationResultTaskFromResultTask`2.InnerInvoke()
   at System.Threading.ExecutionContext.RunInternal(ExecutionContext executionContext, ContextCallback callback, Object state)
--- End of stack trace from previous location ---
   at System.Threading.ExecutionContext.RunInternal(ExecutionContext executionContext, ContextCallback callback, Object state)
   at System.Threading.Tasks.Task.ExecuteWithThreadLocal(Task& currentTaskSlot, Thread threadPoolThread)
--- End of stack trace from previous location ---
   at Dapper.SqlMapper.MultiMapAsync[TFirst,TSecond,TThird,TFourth,TFifth,TSixth,TSeventh,TReturn](IDbConnection cnn, CommandDefinition command, Delegate map, String splitOn) in /_/Dapper/SqlMapper.Async.cs:line 940
   at PelindoCarLoan.API.Repositories.LoanRequestRepository.GetAllAsync(Nullable`1 userId, String status) in C:\Users\abima\Desktop\Project\Pelindo\pelindo-car-loan\backend\PelindoCarLoan.API\Repositories\LoanRequestRepository.cs:line 98
   at PelindoCarLoan.API.Services.LoanRequestService.GetMyRequestsAsync(Int32 userId) in C:\Users\abima\Desktop\Project\Pelindo\pelindo-car-loan\backend\PelindoCarLoan.API\Services\LoanRequestService.cs:line 60
   at PelindoCarLoan.API.Controllers.LoanRequestsController.GetMyRequests() in C:\Users\abima\Desktop\Project\Pelindo\pelindo-car-loan\backend\PelindoCarLoan.API\Controllers\LoanRequestsController.cs:line 58
   at Microsoft.AspNetCore.Mvc.Infrastructure.ActionMethodExecutor.TaskOfIActionResultExecutor.Execute(ActionContext actionContext, IActionResultTypeMapper mapper, ObjectMethodExecutor executor, Object controller, Object[] arguments)
   at Microsoft.AspNetCore.Mvc.Infrastructure.ControllerActionInvoker.<InvokeActionMethodAsync>g__Awaited|12_0(ControllerActionInvoker invoker, ValueTask`1 actionResultValueTask)
   at Microsoft.AspNetCore.Mvc.Infrastructure.ControllerActionInvoker.<InvokeNextActionFilterAsync>g__Awaited|10_0(ControllerActionInvoker invoker, Task lastTask, State next, Scope scope, Object state, Boolean isCompleted)
   at Microsoft.AspNetCore.Mvc.Infrastructure.ControllerActionInvoker.Rethrow(ActionExecutedContextSealed context)
   at Microsoft.AspNetCore.Mvc.Infrastructure.ControllerActionInvoker.Next(State& next, Scope& scope, Object& state, Boolean& isCompleted)
   at Microsoft.AspNetCore.Mvc.Infrastructure.ControllerActionInvoker.<InvokeInnerFilterAsync>g__Awaited|13_0(ControllerActionInvoker invoker, Task lastTask, State next, Scope scope, Object state, Boolean isCompleted)
   at Microsoft.AspNetCore.Mvc.Infrastructure.ResourceInvoker.<InvokeFilterPipelineAsync>g__Awaited|20_0(ResourceInvoker invoker, Task lastTask, State next, Scope scope, Object state, Boolean isCompleted)
   at Microsoft.AspNetCore.Mvc.Infrastructure.ResourceInvoker.<InvokeAsync>g__Logged|17_1(ResourceInvoker invoker)
   at Microsoft.AspNetCore.Mvc.Infrastructure.ResourceInvoker.<InvokeAsync>g__Logged|17_1(ResourceInvoker invoker)
   at Microsoft.AspNetCore.Routing.EndpointMiddleware.<Invoke>g__AwaitRequestTask|7_0(Endpoint endpoint, Task requestTask, ILogger logger)
   at Microsoft.AspNetCore.Authorization.AuthorizationMiddleware.Invoke(HttpContext context)
   at Microsoft.AspNetCore.Authentication.AuthenticationMiddleware.Invoke(HttpContext context)
   at PelindoCarLoan.API.Middleware.ExceptionMiddleware.InvokeAsync(HttpContext context) in C:\Users\abima\Desktop\Project\Pelindo\pelindo-car-loan\backend\PelindoCarLoan.API\Middleware\ExceptionMiddleware.cs:line 22
2026-01-07 20:50:19.754 +07:00 [INF] Request finished HTTP/1.1 GET http://localhost:5000/api/loanrequests/my-requests - 500 null application/json 115.8105ms
2026-01-07 20:50:23.664 +07:00 [INF] Application is shutting down...
2026-01-07 20:59:25.825 +07:00 [INF] Pelindo Car Loan API started successfully
2026-01-07 20:59:25.899 +07:00 [INF] User profile is available. Using 'C:\Users\abima\AppData\Local\ASP.NET\DataProtection-Keys' as key repository and Windows DPAPI to encrypt keys at rest.
2026-01-07 20:59:25.991 +07:00 [INF] Now listening on: http://localhost:5000
2026-01-07 20:59:25.995 +07:00 [INF] Application started. Press Ctrl+C to shut down.
2026-01-07 20:59:25.996 +07:00 [INF] Hosting environment: Production
2026-01-07 20:59:25.998 +07:00 [INF] Content root path: C:\Users\abima\Desktop\Project\Pelindo\pelindo-car-loan\backend\PelindoCarLoan.API
2026-01-07 20:59:35.681 +07:00 [INF] Request starting HTTP/1.1 OPTIONS http://localhost:5000/api/loanrequests/my-requests - null null
2026-01-07 20:59:35.716 +07:00 [INF] CORS policy execution successful.
2026-01-07 20:59:35.724 +07:00 [INF] Request finished HTTP/1.1 OPTIONS http://localhost:5000/api/loanrequests/my-requests - 204 null null 44.8213ms
2026-01-07 20:59:35.738 +07:00 [INF] Request starting HTTP/1.1 GET http://localhost:5000/api/loanrequests/my-requests - null null
2026-01-07 20:59:35.746 +07:00 [INF] CORS policy execution successful.
2026-01-07 20:59:35.749 +07:00 [WRN] Failed to determine the https port for redirect.
2026-01-07 20:59:35.956 +07:00 [INF] Executing endpoint 'PelindoCarLoan.API.Controllers.LoanRequestsController.GetMyRequests (PelindoCarLoan.API)'
2026-01-07 20:59:35.979 +07:00 [INF] Route matched with {action = "GetMyRequests", controller = "LoanRequests"}. Executing controller action with signature System.Threading.Tasks.Task`1[Microsoft.AspNetCore.Mvc.IActionResult] GetMyRequests() on controller PelindoCarLoan.API.Controllers.LoanRequestsController (PelindoCarLoan.API).
2026-01-07 20:59:37.016 +07:00 [INF] Executing OkObjectResult, writing value of type 'PelindoCarLoan.API.DTOs.ApiResponse`1[[System.Collections.Generic.IEnumerable`1[[PelindoCarLoan.API.DTOs.LoanRequestListDto, PelindoCarLoan.API, Version=1.0.0.0, Culture=neutral, PublicKeyToken=null]], System.Private.CoreLib, Version=8.0.0.0, Culture=neutral, PublicKeyToken=7cec85d7bea7798e]]'.
2026-01-07 20:59:37.067 +07:00 [INF] Executed action PelindoCarLoan.API.Controllers.LoanRequestsController.GetMyRequests (PelindoCarLoan.API) in 1079.013ms
2026-01-07 20:59:37.071 +07:00 [INF] Executed endpoint 'PelindoCarLoan.API.Controllers.LoanRequestsController.GetMyRequests (PelindoCarLoan.API)'
2026-01-07 20:59:37.075 +07:00 [INF] Request finished HTTP/1.1 GET http://localhost:5000/api/loanrequests/my-requests - 200 null application/json; charset=utf-8 1336.2594ms
2026-01-07 21:06:23.486 +07:00 [INF] Request starting HTTP/1.1 OPTIONS http://localhost:5000/api/loanrequests - null null
2026-01-07 21:06:23.508 +07:00 [INF] CORS policy execution successful.
2026-01-07 21:06:23.516 +07:00 [INF] Request finished HTTP/1.1 OPTIONS http://localhost:5000/api/loanrequests - 204 null null 29.8358ms
2026-01-07 21:06:23.540 +07:00 [INF] Request starting HTTP/1.1 POST http://localhost:5000/api/loanrequests - application/json 209
2026-01-07 21:06:23.560 +07:00 [INF] CORS policy execution successful.
2026-01-07 21:06:23.577 +07:00 [INF] Executing endpoint 'PelindoCarLoan.API.Controllers.LoanRequestsController.Create (PelindoCarLoan.API)'
2026-01-07 21:06:23.616 +07:00 [INF] Route matched with {action = "Create", controller = "LoanRequests"}. Executing controller action with signature System.Threading.Tasks.Task`1[Microsoft.AspNetCore.Mvc.IActionResult] Create(PelindoCarLoan.API.DTOs.CreateLoanRequestDto) on controller PelindoCarLoan.API.Controllers.LoanRequestsController (PelindoCarLoan.API).
2026-01-07 21:06:23.843 +07:00 [INF] Executing BadRequestObjectResult, writing value of type 'Microsoft.AspNetCore.Mvc.ValidationProblemDetails'.
2026-01-07 21:06:23.868 +07:00 [INF] Executed action PelindoCarLoan.API.Controllers.LoanRequestsController.Create (PelindoCarLoan.API) in 237.0882ms
2026-01-07 21:06:23.871 +07:00 [INF] Executed endpoint 'PelindoCarLoan.API.Controllers.LoanRequestsController.Create (PelindoCarLoan.API)'
2026-01-07 21:06:23.873 +07:00 [INF] Request finished HTTP/1.1 POST http://localhost:5000/api/loanrequests - 400 null application/problem+json; charset=utf-8 333.2529ms
2026-01-07 21:08:49.362 +07:00 [INF] Application is shutting down...
2026-01-07 21:09:04.637 +07:00 [INF] Pelindo Car Loan API started successfully
2026-01-07 21:09:04.709 +07:00 [INF] User profile is available. Using 'C:\Users\abima\AppData\Local\ASP.NET\DataProtection-Keys' as key repository and Windows DPAPI to encrypt keys at rest.
2026-01-07 21:09:04.784 +07:00 [INF] Now listening on: http://localhost:5000
2026-01-07 21:09:04.789 +07:00 [INF] Application started. Press Ctrl+C to shut down.
2026-01-07 21:09:04.790 +07:00 [INF] Hosting environment: Production
2026-01-07 21:09:04.792 +07:00 [INF] Content root path: C:\Users\abima\Desktop\Project\Pelindo\pelindo-car-loan\backend\PelindoCarLoan.API
2026-01-07 21:09:19.591 +07:00 [INF] Request starting HTTP/1.1 OPTIONS http://localhost:5000/api/loanrequests - null null
2026-01-07 21:09:19.626 +07:00 [INF] CORS policy execution successful.
2026-01-07 21:09:19.635 +07:00 [INF] Request finished HTTP/1.1 OPTIONS http://localhost:5000/api/loanrequests - 204 null null 45.9962ms
2026-01-07 21:09:19.647 +07:00 [INF] Request starting HTTP/1.1 POST http://localhost:5000/api/loanrequests - application/json 202
2026-01-07 21:09:19.656 +07:00 [INF] CORS policy execution successful.
2026-01-07 21:09:19.659 +07:00 [WRN] Failed to determine the https port for redirect.
2026-01-07 21:09:19.774 +07:00 [INF] Executing endpoint 'PelindoCarLoan.API.Controllers.LoanRequestsController.Create (PelindoCarLoan.API)'
2026-01-07 21:09:19.800 +07:00 [INF] Route matched with {action = "Create", controller = "LoanRequests"}. Executing controller action with signature System.Threading.Tasks.Task`1[Microsoft.AspNetCore.Mvc.IActionResult] Create(PelindoCarLoan.API.DTOs.CreateLoanRequestDto) on controller PelindoCarLoan.API.Controllers.LoanRequestsController (PelindoCarLoan.API).
2026-01-07 21:09:20.712 +07:00 [INF] Loan request created: LR-20260107-000021 by user 2
2026-01-07 21:09:20.856 +07:00 [INF] Executing CreatedAtActionResult, writing value of type 'PelindoCarLoan.API.DTOs.ApiResponse`1[[PelindoCarLoan.API.DTOs.LoanRequestDto, PelindoCarLoan.API, Version=1.0.0.0, Culture=neutral, PublicKeyToken=null]]'.
2026-01-07 21:09:20.932 +07:00 [INF] Executed action PelindoCarLoan.API.Controllers.LoanRequestsController.Create (PelindoCarLoan.API) in 1122.0211ms
2026-01-07 21:09:20.936 +07:00 [INF] Executed endpoint 'PelindoCarLoan.API.Controllers.LoanRequestsController.Create (PelindoCarLoan.API)'
2026-01-07 21:09:20.940 +07:00 [INF] Request finished HTTP/1.1 POST http://localhost:5000/api/loanrequests - 201 null application/json; charset=utf-8 1292.255ms
2026-01-07 21:09:20.960 +07:00 [INF] Request starting HTTP/1.1 OPTIONS http://localhost:5000/api/loanrequests/my-requests - null null
2026-01-07 21:09:20.967 +07:00 [INF] CORS policy execution successful.
2026-01-07 21:09:20.969 +07:00 [INF] Request finished HTTP/1.1 OPTIONS http://localhost:5000/api/loanrequests/my-requests - 204 null null 9.1782ms
2026-01-07 21:09:20.975 +07:00 [INF] Request starting HTTP/1.1 GET http://localhost:5000/api/loanrequests/my-requests - null null
2026-01-07 21:09:20.979 +07:00 [INF] CORS policy execution successful.
2026-01-07 21:09:20.984 +07:00 [INF] Executing endpoint 'PelindoCarLoan.API.Controllers.LoanRequestsController.GetMyRequests (PelindoCarLoan.API)'
2026-01-07 21:09:20.991 +07:00 [INF] Route matched with {action = "GetMyRequests", controller = "LoanRequests"}. Executing controller action with signature System.Threading.Tasks.Task`1[Microsoft.AspNetCore.Mvc.IActionResult] GetMyRequests() on controller PelindoCarLoan.API.Controllers.LoanRequestsController (PelindoCarLoan.API).
2026-01-07 21:09:21.010 +07:00 [INF] Executing OkObjectResult, writing value of type 'PelindoCarLoan.API.DTOs.ApiResponse`1[[System.Collections.Generic.IEnumerable`1[[PelindoCarLoan.API.DTOs.LoanRequestListDto, PelindoCarLoan.API, Version=1.0.0.0, Culture=neutral, PublicKeyToken=null]], System.Private.CoreLib, Version=8.0.0.0, Culture=neutral, PublicKeyToken=7cec85d7bea7798e]]'.
2026-01-07 21:09:21.021 +07:00 [INF] Executed action PelindoCarLoan.API.Controllers.LoanRequestsController.GetMyRequests (PelindoCarLoan.API) in 24.0116ms
2026-01-07 21:09:21.026 +07:00 [INF] Executed endpoint 'PelindoCarLoan.API.Controllers.LoanRequestsController.GetMyRequests (PelindoCarLoan.API)'
2026-01-07 21:09:21.028 +07:00 [INF] Request finished HTTP/1.1 GET http://localhost:5000/api/loanrequests/my-requests - 200 null application/json; charset=utf-8 53.3975ms
2026-01-07 21:09:26.025 +07:00 [INF] Request starting HTTP/1.1 OPTIONS http://localhost:5000/api/loanrequests/22 - null null
2026-01-07 21:09:26.030 +07:00 [INF] Request starting HTTP/1.1 OPTIONS http://localhost:5000/api/approvals/history/22 - null null
2026-01-07 21:09:26.044 +07:00 [INF] CORS policy execution successful.
2026-01-07 21:09:26.060 +07:00 [INF] CORS policy execution successful.
2026-01-07 21:09:26.066 +07:00 [INF] Request finished HTTP/1.1 OPTIONS http://localhost:5000/api/loanrequests/22 - 204 null null 40.4103ms
2026-01-07 21:09:26.071 +07:00 [INF] Request finished HTTP/1.1 OPTIONS http://localhost:5000/api/approvals/history/22 - 204 null null 41.3595ms
2026-01-07 21:09:26.094 +07:00 [INF] Request starting HTTP/1.1 GET http://localhost:5000/api/loanrequests/22 - null null
2026-01-07 21:09:26.118 +07:00 [INF] Request starting HTTP/1.1 GET http://localhost:5000/api/approvals/history/22 - null null
2026-01-07 21:09:26.136 +07:00 [INF] CORS policy execution successful.
2026-01-07 21:09:26.157 +07:00 [INF] CORS policy execution successful.
2026-01-07 21:09:26.172 +07:00 [INF] Executing endpoint 'PelindoCarLoan.API.Controllers.LoanRequestsController.GetById (PelindoCarLoan.API)'
2026-01-07 21:09:26.172 +07:00 [INF] Executing endpoint 'PelindoCarLoan.API.Controllers.ApprovalsController.GetHistory (PelindoCarLoan.API)'
2026-01-07 21:09:26.197 +07:00 [INF] Route matched with {action = "GetById", controller = "LoanRequests"}. Executing controller action with signature System.Threading.Tasks.Task`1[Microsoft.AspNetCore.Mvc.IActionResult] GetById(Int32) on controller PelindoCarLoan.API.Controllers.LoanRequestsController (PelindoCarLoan.API).
2026-01-07 21:09:26.202 +07:00 [INF] Route matched with {action = "GetHistory", controller = "Approvals"}. Executing controller action with signature System.Threading.Tasks.Task`1[Microsoft.AspNetCore.Mvc.IActionResult] GetHistory(Int32) on controller PelindoCarLoan.API.Controllers.ApprovalsController (PelindoCarLoan.API).
2026-01-07 21:09:26.252 +07:00 [INF] Executing OkObjectResult, writing value of type 'PelindoCarLoan.API.DTOs.ApiResponse`1[[PelindoCarLoan.API.DTOs.LoanRequestDto, PelindoCarLoan.API, Version=1.0.0.0, Culture=neutral, PublicKeyToken=null]]'.
2026-01-07 21:09:26.263 +07:00 [INF] Executed action PelindoCarLoan.API.Controllers.LoanRequestsController.GetById (PelindoCarLoan.API) in 51.8798ms
2026-01-07 21:09:26.273 +07:00 [INF] Executed endpoint 'PelindoCarLoan.API.Controllers.LoanRequestsController.GetById (PelindoCarLoan.API)'
2026-01-07 21:09:26.281 +07:00 [INF] Request finished HTTP/1.1 GET http://localhost:5000/api/loanrequests/22 - 200 null application/json; charset=utf-8 186.3707ms
2026-01-07 21:09:26.362 +07:00 [INF] Executing OkObjectResult, writing value of type 'PelindoCarLoan.API.DTOs.ApiResponse`1[[System.Collections.Generic.IEnumerable`1[[PelindoCarLoan.API.DTOs.ApprovalDto, PelindoCarLoan.API, Version=1.0.0.0, Culture=neutral, PublicKeyToken=null]], System.Private.CoreLib, Version=8.0.0.0, Culture=neutral, PublicKeyToken=7cec85d7bea7798e]]'.
2026-01-07 21:09:26.381 +07:00 [INF] Executed action PelindoCarLoan.API.Controllers.ApprovalsController.GetHistory (PelindoCarLoan.API) in 156.4641ms
2026-01-07 21:09:26.391 +07:00 [INF] Executed endpoint 'PelindoCarLoan.API.Controllers.ApprovalsController.GetHistory (PelindoCarLoan.API)'
2026-01-07 21:09:26.399 +07:00 [INF] Request finished HTTP/1.1 GET http://localhost:5000/api/approvals/history/22 - 200 null application/json; charset=utf-8 281.4837ms
2026-01-07 21:10:44.645 +07:00 [INF] Request starting HTTP/1.1 OPTIONS http://localhost:5000/api/loanrequests - null null
2026-01-07 21:10:44.662 +07:00 [INF] CORS policy execution successful.
2026-01-07 21:10:44.668 +07:00 [INF] Request finished HTTP/1.1 OPTIONS http://localhost:5000/api/loanrequests - 204 null null 23.7999ms
2026-01-07 21:10:44.690 +07:00 [INF] Request starting HTTP/1.1 POST http://localhost:5000/api/loanrequests - application/json 212
2026-01-07 21:10:44.706 +07:00 [INF] CORS policy execution successful.
2026-01-07 21:10:44.713 +07:00 [INF] Executing endpoint 'PelindoCarLoan.API.Controllers.LoanRequestsController.Create (PelindoCarLoan.API)'
2026-01-07 21:10:44.720 +07:00 [INF] Route matched with {action = "Create", controller = "LoanRequests"}. Executing controller action with signature System.Threading.Tasks.Task`1[Microsoft.AspNetCore.Mvc.IActionResult] Create(PelindoCarLoan.API.DTOs.CreateLoanRequestDto) on controller PelindoCarLoan.API.Controllers.LoanRequestsController (PelindoCarLoan.API).
2026-01-07 21:10:44.748 +07:00 [INF] Loan request created: LR-20260107-000023 by user 2
2026-01-07 21:10:44.774 +07:00 [INF] Executing CreatedAtActionResult, writing value of type 'PelindoCarLoan.API.DTOs.ApiResponse`1[[PelindoCarLoan.API.DTOs.LoanRequestDto, PelindoCarLoan.API, Version=1.0.0.0, Culture=neutral, PublicKeyToken=null]]'.
2026-01-07 21:10:44.785 +07:00 [INF] Executed action PelindoCarLoan.API.Controllers.LoanRequestsController.Create (PelindoCarLoan.API) in 51.8246ms
2026-01-07 21:10:44.795 +07:00 [INF] Executed endpoint 'PelindoCarLoan.API.Controllers.LoanRequestsController.Create (PelindoCarLoan.API)'
2026-01-07 21:10:44.803 +07:00 [INF] Request finished HTTP/1.1 POST http://localhost:5000/api/loanrequests - 201 null application/json; charset=utf-8 112.9255ms
2026-01-07 21:10:51.540 +07:00 [INF] Request starting HTTP/1.1 OPTIONS http://localhost:5000/api/loanrequests/my-requests - null null
2026-01-07 21:10:51.545 +07:00 [INF] CORS policy execution successful.
2026-01-07 21:10:51.546 +07:00 [INF] Request finished HTTP/1.1 OPTIONS http://localhost:5000/api/loanrequests/my-requests - 204 null null 5.2467ms
2026-01-07 21:10:51.551 +07:00 [INF] Request starting HTTP/1.1 GET http://localhost:5000/api/loanrequests/my-requests - null null
2026-01-07 21:10:51.556 +07:00 [INF] CORS policy execution successful.
2026-01-07 21:10:51.557 +07:00 [INF] Executing endpoint 'PelindoCarLoan.API.Controllers.LoanRequestsController.GetMyRequests (PelindoCarLoan.API)'
2026-01-07 21:10:51.559 +07:00 [INF] Route matched with {action = "GetMyRequests", controller = "LoanRequests"}. Executing controller action with signature System.Threading.Tasks.Task`1[Microsoft.AspNetCore.Mvc.IActionResult] GetMyRequests() on controller PelindoCarLoan.API.Controllers.LoanRequestsController (PelindoCarLoan.API).
2026-01-07 21:10:51.565 +07:00 [INF] Executing OkObjectResult, writing value of type 'PelindoCarLoan.API.DTOs.ApiResponse`1[[System.Collections.Generic.IEnumerable`1[[PelindoCarLoan.API.DTOs.LoanRequestListDto, PelindoCarLoan.API, Version=1.0.0.0, Culture=neutral, PublicKeyToken=null]], System.Private.CoreLib, Version=8.0.0.0, Culture=neutral, PublicKeyToken=7cec85d7bea7798e]]'.
2026-01-07 21:10:51.567 +07:00 [INF] Executed action PelindoCarLoan.API.Controllers.LoanRequestsController.GetMyRequests (PelindoCarLoan.API) in 5.3596ms
2026-01-07 21:10:51.570 +07:00 [INF] Executed endpoint 'PelindoCarLoan.API.Controllers.LoanRequestsController.GetMyRequests (PelindoCarLoan.API)'
2026-01-07 21:10:51.572 +07:00 [INF] Request finished HTTP/1.1 GET http://localhost:5000/api/loanrequests/my-requests - 200 null application/json; charset=utf-8 20.9294ms
2026-01-07 21:10:59.107 +07:00 [INF] Request starting HTTP/1.1 OPTIONS http://localhost:5000/api/loanrequests/24 - null null
2026-01-07 21:10:59.109 +07:00 [INF] Request starting HTTP/1.1 OPTIONS http://localhost:5000/api/approvals/history/24 - null null
2026-01-07 21:10:59.125 +07:00 [INF] CORS policy execution successful.
2026-01-07 21:10:59.142 +07:00 [INF] CORS policy execution successful.
2026-01-07 21:10:59.147 +07:00 [INF] Request finished HTTP/1.1 OPTIONS http://localhost:5000/api/loanrequests/24 - 204 null null 39.9831ms
2026-01-07 21:10:59.152 +07:00 [INF] Request finished HTTP/1.1 OPTIONS http://localhost:5000/api/approvals/history/24 - 204 null null 42.8792ms
2026-01-07 21:10:59.174 +07:00 [INF] Request starting HTTP/1.1 GET http://localhost:5000/api/loanrequests/24 - null null
2026-01-07 21:10:59.198 +07:00 [INF] Request starting HTTP/1.1 GET http://localhost:5000/api/approvals/history/24 - null null
2026-01-07 21:10:59.216 +07:00 [INF] CORS policy execution successful.
2026-01-07 21:10:59.235 +07:00 [INF] CORS policy execution successful.
2026-01-07 21:10:59.241 +07:00 [INF] Executing endpoint 'PelindoCarLoan.API.Controllers.LoanRequestsController.GetById (PelindoCarLoan.API)'
2026-01-07 21:10:59.246 +07:00 [INF] Executing endpoint 'PelindoCarLoan.API.Controllers.ApprovalsController.GetHistory (PelindoCarLoan.API)'
2026-01-07 21:10:59.252 +07:00 [INF] Route matched with {action = "GetById", controller = "LoanRequests"}. Executing controller action with signature System.Threading.Tasks.Task`1[Microsoft.AspNetCore.Mvc.IActionResult] GetById(Int32) on controller PelindoCarLoan.API.Controllers.LoanRequestsController (PelindoCarLoan.API).
2026-01-07 21:10:59.260 +07:00 [INF] Route matched with {action = "GetHistory", controller = "Approvals"}. Executing controller action with signature System.Threading.Tasks.Task`1[Microsoft.AspNetCore.Mvc.IActionResult] GetHistory(Int32) on controller PelindoCarLoan.API.Controllers.ApprovalsController (PelindoCarLoan.API).
2026-01-07 21:10:59.287 +07:00 [INF] Executing OkObjectResult, writing value of type 'PelindoCarLoan.API.DTOs.ApiResponse`1[[PelindoCarLoan.API.DTOs.LoanRequestDto, PelindoCarLoan.API, Version=1.0.0.0, Culture=neutral, PublicKeyToken=null]]'.
2026-01-07 21:10:59.293 +07:00 [INF] Executing OkObjectResult, writing value of type 'PelindoCarLoan.API.DTOs.ApiResponse`1[[System.Collections.Generic.IEnumerable`1[[PelindoCarLoan.API.DTOs.ApprovalDto, PelindoCarLoan.API, Version=1.0.0.0, Culture=neutral, PublicKeyToken=null]], System.Private.CoreLib, Version=8.0.0.0, Culture=neutral, PublicKeyToken=7cec85d7bea7798e]]'.
2026-01-07 21:10:59.298 +07:00 [INF] Executed action PelindoCarLoan.API.Controllers.LoanRequestsController.GetById (PelindoCarLoan.API) in 25.3333ms
2026-01-07 21:10:59.307 +07:00 [INF] Executed action PelindoCarLoan.API.Controllers.ApprovalsController.GetHistory (PelindoCarLoan.API) in 21.7168ms
2026-01-07 21:10:59.316 +07:00 [INF] Executed endpoint 'PelindoCarLoan.API.Controllers.LoanRequestsController.GetById (PelindoCarLoan.API)'
2026-01-07 21:10:59.326 +07:00 [INF] Executed endpoint 'PelindoCarLoan.API.Controllers.ApprovalsController.GetHistory (PelindoCarLoan.API)'
2026-01-07 21:10:59.335 +07:00 [INF] Request finished HTTP/1.1 GET http://localhost:5000/api/loanrequests/24 - 200 null application/json; charset=utf-8 160.8412ms
2026-01-07 21:10:59.341 +07:00 [INF] Request finished HTTP/1.1 GET http://localhost:5000/api/approvals/history/24 - 200 null application/json; charset=utf-8 143.1076ms
2026-01-07 21:11:42.123 +07:00 [INF] Request starting HTTP/1.1 OPTIONS http://localhost:5000/api/auth/login - null null
2026-01-07 21:11:42.142 +07:00 [INF] CORS policy execution successful.
2026-01-07 21:11:42.148 +07:00 [INF] Request finished HTTP/1.1 OPTIONS http://localhost:5000/api/auth/login - 204 null null 24.9057ms
2026-01-07 21:11:42.168 +07:00 [INF] Request starting HTTP/1.1 POST http://localhost:5000/api/auth/login - application/json 65
2026-01-07 21:11:42.190 +07:00 [INF] CORS policy execution successful.
2026-01-07 21:11:42.196 +07:00 [INF] Executing endpoint 'PelindoCarLoan.API.Controllers.AuthController.Login (PelindoCarLoan.API)'
2026-01-07 21:11:42.217 +07:00 [INF] Route matched with {action = "Login", controller = "Auth"}. Executing controller action with signature System.Threading.Tasks.Task`1[Microsoft.AspNetCore.Mvc.IActionResult] Login(PelindoCarLoan.API.DTOs.LoginRequestDto) on controller PelindoCarLoan.API.Controllers.AuthController (PelindoCarLoan.API).
2026-01-07 21:11:42.256 +07:00 [INF] Login attempt for email: approver.l1.1@pelindo.co.id
2026-01-07 21:11:42.462 +07:00 [INF] User found: Agus Wijaya, PasswordHash length: 60
2026-01-07 21:11:43.011 +07:00 [INF] User logged in successfully: approver.l1.1@pelindo.co.id
2026-01-07 21:11:43.014 +07:00 [INF] Executing OkObjectResult, writing value of type 'PelindoCarLoan.API.DTOs.ApiResponse`1[[PelindoCarLoan.API.DTOs.LoginResponseDto, PelindoCarLoan.API, Version=1.0.0.0, Culture=neutral, PublicKeyToken=null]]'.
2026-01-07 21:11:43.020 +07:00 [INF] Executed action PelindoCarLoan.API.Controllers.AuthController.Login (PelindoCarLoan.API) in 790.6708ms
2026-01-07 21:11:43.022 +07:00 [INF] Executed endpoint 'PelindoCarLoan.API.Controllers.AuthController.Login (PelindoCarLoan.API)'
2026-01-07 21:11:43.024 +07:00 [INF] Request finished HTTP/1.1 POST http://localhost:5000/api/auth/login - 200 null application/json; charset=utf-8 855.9889ms
2026-01-07 21:11:43.040 +07:00 [INF] Request starting HTTP/1.1 OPTIONS http://localhost:5000/api/approvals/pending/l1 - null null
2026-01-07 21:11:43.041 +07:00 [INF] Request starting HTTP/1.1 OPTIONS http://localhost:5000/api/approvals/pending/count - null null
2026-01-07 21:11:43.044 +07:00 [INF] CORS policy execution successful.
2026-01-07 21:11:43.051 +07:00 [INF] CORS policy execution successful.
2026-01-07 21:11:43.051 +07:00 [INF] Request finished HTTP/1.1 OPTIONS http://localhost:5000/api/approvals/pending/l1 - 204 null null 11.6047ms
2026-01-07 21:11:43.053 +07:00 [INF] Request finished HTTP/1.1 OPTIONS http://localhost:5000/api/approvals/pending/count - 204 null null 12.4107ms
2026-01-07 21:11:43.060 +07:00 [INF] Request starting HTTP/1.1 GET http://localhost:5000/api/approvals/pending/l1 - null null
2026-01-07 21:11:43.067 +07:00 [INF] Request starting HTTP/1.1 GET http://localhost:5000/api/approvals/pending/count - null null
2026-01-07 21:11:43.071 +07:00 [INF] CORS policy execution successful.
2026-01-07 21:11:43.075 +07:00 [INF] CORS policy execution successful.
2026-01-07 21:11:43.078 +07:00 [INF] Executing endpoint 'PelindoCarLoan.API.Controllers.ApprovalsController.GetPendingL1 (PelindoCarLoan.API)'
2026-01-07 21:11:43.079 +07:00 [INF] Executing endpoint 'PelindoCarLoan.API.Controllers.ApprovalsController.GetPendingCount (PelindoCarLoan.API)'
2026-01-07 21:11:43.085 +07:00 [INF] Route matched with {action = "GetPendingL1", controller = "Approvals"}. Executing controller action with signature System.Threading.Tasks.Task`1[Microsoft.AspNetCore.Mvc.IActionResult] GetPendingL1() on controller PelindoCarLoan.API.Controllers.ApprovalsController (PelindoCarLoan.API).
2026-01-07 21:11:43.087 +07:00 [INF] Route matched with {action = "GetPendingCount", controller = "Approvals"}. Executing controller action with signature System.Threading.Tasks.Task`1[Microsoft.AspNetCore.Mvc.IActionResult] GetPendingCount() on controller PelindoCarLoan.API.Controllers.ApprovalsController (PelindoCarLoan.API).
2026-01-07 21:11:43.116 +07:00 [INF] Executing OkObjectResult, writing value of type 'PelindoCarLoan.API.DTOs.ApiResponse`1[[System.Collections.Generic.IEnumerable`1[[PelindoCarLoan.API.DTOs.PendingApprovalDto, PelindoCarLoan.API, Version=1.0.0.0, Culture=neutral, PublicKeyToken=null]], System.Private.CoreLib, Version=8.0.0.0, Culture=neutral, PublicKeyToken=7cec85d7bea7798e]]'.
2026-01-07 21:11:43.121 +07:00 [INF] Executing OkObjectResult, writing value of type 'PelindoCarLoan.API.DTOs.ApiResponse`1[[System.Object, System.Private.CoreLib, Version=8.0.0.0, Culture=neutral, PublicKeyToken=7cec85d7bea7798e]]'.
2026-01-07 21:11:43.127 +07:00 [INF] Executed action PelindoCarLoan.API.Controllers.ApprovalsController.GetPendingL1 (PelindoCarLoan.API) in 38.415ms
2026-01-07 21:11:43.131 +07:00 [INF] Executed endpoint 'PelindoCarLoan.API.Controllers.ApprovalsController.GetPendingL1 (PelindoCarLoan.API)'
2026-01-07 21:11:43.134 +07:00 [INF] Request finished HTTP/1.1 GET http://localhost:5000/api/approvals/pending/l1 - 200 null application/json; charset=utf-8 74.2531ms
2026-01-07 21:11:43.135 +07:00 [INF] Executed action PelindoCarLoan.API.Controllers.ApprovalsController.GetPendingCount (PelindoCarLoan.API) in 41.0054ms
2026-01-07 21:11:43.146 +07:00 [INF] Executed endpoint 'PelindoCarLoan.API.Controllers.ApprovalsController.GetPendingCount (PelindoCarLoan.API)'
2026-01-07 21:11:43.148 +07:00 [INF] Request finished HTTP/1.1 GET http://localhost:5000/api/approvals/pending/count - 200 null application/json; charset=utf-8 80.8532ms
2026-01-07 21:11:58.315 +07:00 [INF] Request starting HTTP/1.1 OPTIONS http://localhost:5000/api/approvals/process/l1 - null null
2026-01-07 21:11:58.334 +07:00 [INF] CORS policy execution successful.
2026-01-07 21:11:58.340 +07:00 [INF] Request finished HTTP/1.1 OPTIONS http://localhost:5000/api/approvals/process/l1 - 204 null null 24.8263ms
2026-01-07 21:11:58.364 +07:00 [INF] Request starting HTTP/1.1 POST http://localhost:5000/api/approvals/process/l1 - application/json 53
2026-01-07 21:11:58.384 +07:00 [INF] CORS policy execution successful.
2026-01-07 21:11:58.391 +07:00 [INF] Executing endpoint 'PelindoCarLoan.API.Controllers.ApprovalsController.ProcessL1 (PelindoCarLoan.API)'
2026-01-07 21:11:58.412 +07:00 [INF] Route matched with {action = "ProcessL1", controller = "Approvals"}. Executing controller action with signature System.Threading.Tasks.Task`1[Microsoft.AspNetCore.Mvc.IActionResult] ProcessL1(PelindoCarLoan.API.DTOs.ProcessApprovalDto) on controller PelindoCarLoan.API.Controllers.ApprovalsController (PelindoCarLoan.API).
2026-01-07 21:11:58.502 +07:00 [INF] Executed action PelindoCarLoan.API.Controllers.ApprovalsController.ProcessL1 (PelindoCarLoan.API) in 76.9096ms
2026-01-07 21:11:58.513 +07:00 [INF] Executed endpoint 'PelindoCarLoan.API.Controllers.ApprovalsController.ProcessL1 (PelindoCarLoan.API)'
2026-01-07 21:11:58.521 +07:00 [ERR] An unhandled exception occurred
Oracle.ManagedDataAccess.Client.OracleException (0x80004005): ORA-01745: invalid host/bind variable name
https://docs.oracle.com/error-help/db/ora-01745/
   at Oracle.ManagedDataAccess.Client.OracleCommand.<>c.<ExecuteDbDataReaderAsync>b__213_0(Task`1 result)
   at System.Threading.Tasks.ContinuationResultTaskFromResultTask`2.InnerInvoke()
   at System.Threading.ExecutionContext.RunInternal(ExecutionContext executionContext, ContextCallback callback, Object state)
--- End of stack trace from previous location ---
   at System.Threading.ExecutionContext.RunInternal(ExecutionContext executionContext, ContextCallback callback, Object state)
   at System.Threading.Tasks.Task.ExecuteWithThreadLocal(Task& currentTaskSlot, Thread threadPoolThread)
--- End of stack trace from previous location ---
   at Dapper.SqlMapper.QueryRowAsync[T](IDbConnection cnn, Row row, Type effectiveType, CommandDefinition command) in /_/Dapper/SqlMapper.Async.cs:line 489
   at PelindoCarLoan.API.Repositories.ApprovalRepository.GetByLoanRequestAndLevelAsync(Int32 loanRequestId, Int32 level) in C:\Users\abima\Desktop\Project\Pelindo\pelindo-car-loan\backend\PelindoCarLoan.API\Repositories\ApprovalRepository.cs:line 90
   at PelindoCarLoan.API.Services.ApprovalService.ProcessApprovalAsync(Int32 approverId, ProcessApprovalDto dto, Int32 level) in C:\Users\abima\Desktop\Project\Pelindo\pelindo-car-loan\backend\PelindoCarLoan.API\Services\ApprovalService.cs:line 110
   at PelindoCarLoan.API.Services.ApprovalService.ProcessApprovalL1Async(Int32 approverId, ProcessApprovalDto dto) in C:\Users\abima\Desktop\Project\Pelindo\pelindo-car-loan\backend\PelindoCarLoan.API\Services\ApprovalService.cs:line 62
   at PelindoCarLoan.API.Controllers.ApprovalsController.ProcessL1(ProcessApprovalDto dto) in C:\Users\abima\Desktop\Project\Pelindo\pelindo-car-loan\backend\PelindoCarLoan.API\Controllers\ApprovalsController.cs:line 62
   at Microsoft.AspNetCore.Mvc.Infrastructure.ActionMethodExecutor.TaskOfIActionResultExecutor.Execute(ActionContext actionContext, IActionResultTypeMapper mapper, ObjectMethodExecutor executor, Object controller, Object[] arguments)
   at Microsoft.AspNetCore.Mvc.Infrastructure.ControllerActionInvoker.<InvokeActionMethodAsync>g__Awaited|12_0(ControllerActionInvoker invoker, ValueTask`1 actionResultValueTask)
   at Microsoft.AspNetCore.Mvc.Infrastructure.ControllerActionInvoker.<InvokeNextActionFilterAsync>g__Awaited|10_0(ControllerActionInvoker invoker, Task lastTask, State next, Scope scope, Object state, Boolean isCompleted)
   at Microsoft.AspNetCore.Mvc.Infrastructure.ControllerActionInvoker.Rethrow(ActionExecutedContextSealed context)
   at Microsoft.AspNetCore.Mvc.Infrastructure.ControllerActionInvoker.Next(State& next, Scope& scope, Object& state, Boolean& isCompleted)
   at Microsoft.AspNetCore.Mvc.Infrastructure.ControllerActionInvoker.<InvokeInnerFilterAsync>g__Awaited|13_0(ControllerActionInvoker invoker, Task lastTask, State next, Scope scope, Object state, Boolean isCompleted)
   at Microsoft.AspNetCore.Mvc.Infrastructure.ResourceInvoker.<InvokeFilterPipelineAsync>g__Awaited|20_0(ResourceInvoker invoker, Task lastTask, State next, Scope scope, Object state, Boolean isCompleted)
   at Microsoft.AspNetCore.Mvc.Infrastructure.ResourceInvoker.<InvokeAsync>g__Logged|17_1(ResourceInvoker invoker)
   at Microsoft.AspNetCore.Mvc.Infrastructure.ResourceInvoker.<InvokeAsync>g__Logged|17_1(ResourceInvoker invoker)
   at Microsoft.AspNetCore.Routing.EndpointMiddleware.<Invoke>g__AwaitRequestTask|7_0(Endpoint endpoint, Task requestTask, ILogger logger)
   at Microsoft.AspNetCore.Authorization.AuthorizationMiddleware.Invoke(HttpContext context)
   at Microsoft.AspNetCore.Authentication.AuthenticationMiddleware.Invoke(HttpContext context)
   at PelindoCarLoan.API.Middleware.ExceptionMiddleware.InvokeAsync(HttpContext context) in C:\Users\abima\Desktop\Project\Pelindo\pelindo-car-loan\backend\PelindoCarLoan.API\Middleware\ExceptionMiddleware.cs:line 22
2026-01-07 21:11:58.660 +07:00 [INF] Request finished HTTP/1.1 POST http://localhost:5000/api/approvals/process/l1 - 500 null application/json 296.5075ms
2026-01-07 21:12:21.708 +07:00 [INF] Request starting HTTP/1.1 OPTIONS http://localhost:5000/api/auth/login - null null
2026-01-07 21:12:21.725 +07:00 [INF] CORS policy execution successful.
2026-01-07 21:12:21.731 +07:00 [INF] Request finished HTTP/1.1 OPTIONS http://localhost:5000/api/auth/login - 204 null null 23.2373ms
2026-01-07 21:12:21.750 +07:00 [INF] Request starting HTTP/1.1 POST http://localhost:5000/api/auth/login - application/json 60
2026-01-07 21:12:21.763 +07:00 [INF] CORS policy execution successful.
2026-01-07 21:12:21.768 +07:00 [INF] Executing endpoint 'PelindoCarLoan.API.Controllers.AuthController.Login (PelindoCarLoan.API)'
2026-01-07 21:12:21.777 +07:00 [INF] Route matched with {action = "Login", controller = "Auth"}. Executing controller action with signature System.Threading.Tasks.Task`1[Microsoft.AspNetCore.Mvc.IActionResult] Login(PelindoCarLoan.API.DTOs.LoginRequestDto) on controller PelindoCarLoan.API.Controllers.AuthController (PelindoCarLoan.API).
2026-01-07 21:12:21.794 +07:00 [INF] Login attempt for email: pemohon1@pelindo.co.id
2026-01-07 21:12:21.805 +07:00 [INF] User found: Budi Santoso, PasswordHash length: 60
2026-01-07 21:12:22.238 +07:00 [INF] User logged in successfully: pemohon1@pelindo.co.id
2026-01-07 21:12:22.242 +07:00 [INF] Executing OkObjectResult, writing value of type 'PelindoCarLoan.API.DTOs.ApiResponse`1[[PelindoCarLoan.API.DTOs.LoginResponseDto, PelindoCarLoan.API, Version=1.0.0.0, Culture=neutral, PublicKeyToken=null]]'.
2026-01-07 21:12:22.244 +07:00 [INF] Executed action PelindoCarLoan.API.Controllers.AuthController.Login (PelindoCarLoan.API) in 453.8932ms
2026-01-07 21:12:22.246 +07:00 [INF] Executed endpoint 'PelindoCarLoan.API.Controllers.AuthController.Login (PelindoCarLoan.API)'
2026-01-07 21:12:22.247 +07:00 [INF] Request finished HTTP/1.1 POST http://localhost:5000/api/auth/login - 200 null application/json; charset=utf-8 497.5936ms
2026-01-07 21:42:11.196 +07:00 [INF] Request starting HTTP/1.1 OPTIONS http://localhost:5000/api/vehicles - null null
2026-01-07 21:42:11.197 +07:00 [INF] Request starting HTTP/1.1 OPTIONS http://localhost:5000/api/drivers - null null
2026-01-07 21:42:11.209 +07:00 [INF] CORS policy execution successful.
2026-01-07 21:42:11.214 +07:00 [INF] CORS policy execution successful.
2026-01-07 21:42:11.216 +07:00 [INF] Request finished HTTP/1.1 OPTIONS http://localhost:5000/api/vehicles - 204 null null 20.0546ms
2026-01-07 21:42:11.218 +07:00 [INF] Request finished HTTP/1.1 OPTIONS http://localhost:5000/api/drivers - 204 null null 20.9402ms
2026-01-07 21:42:11.223 +07:00 [INF] Request starting HTTP/1.1 GET http://localhost:5000/api/vehicles - null null
2026-01-07 21:42:11.227 +07:00 [INF] Request starting HTTP/1.1 GET http://localhost:5000/api/drivers - null null
2026-01-07 21:42:11.231 +07:00 [INF] CORS policy execution successful.
2026-01-07 21:42:11.235 +07:00 [INF] CORS policy execution successful.
2026-01-07 21:42:11.236 +07:00 [INF] Executing endpoint 'PelindoCarLoan.API.Controllers.VehiclesController.GetAll (PelindoCarLoan.API)'
2026-01-07 21:42:11.237 +07:00 [INF] Executing endpoint 'PelindoCarLoan.API.Controllers.DriversController.GetAll (PelindoCarLoan.API)'
2026-01-07 21:42:11.243 +07:00 [INF] Route matched with {action = "GetAll", controller = "Vehicles"}. Executing controller action with signature System.Threading.Tasks.Task`1[Microsoft.AspNetCore.Mvc.IActionResult] GetAll(System.String) on controller PelindoCarLoan.API.Controllers.VehiclesController (PelindoCarLoan.API).
2026-01-07 21:42:11.244 +07:00 [INF] Route matched with {action = "GetAll", controller = "Drivers"}. Executing controller action with signature System.Threading.Tasks.Task`1[Microsoft.AspNetCore.Mvc.IActionResult] GetAll(System.String) on controller PelindoCarLoan.API.Controllers.DriversController (PelindoCarLoan.API).
2026-01-07 21:42:11.323 +07:00 [INF] Executing OkObjectResult, writing value of type 'PelindoCarLoan.API.DTOs.ApiResponse`1[[System.Collections.Generic.IEnumerable`1[[PelindoCarLoan.API.DTOs.DriverDto, PelindoCarLoan.API, Version=1.0.0.0, Culture=neutral, PublicKeyToken=null]], System.Private.CoreLib, Version=8.0.0.0, Culture=neutral, PublicKeyToken=7cec85d7bea7798e]]'.
2026-01-07 21:42:11.335 +07:00 [INF] Executing OkObjectResult, writing value of type 'PelindoCarLoan.API.DTOs.ApiResponse`1[[System.Collections.Generic.IEnumerable`1[[PelindoCarLoan.API.DTOs.VehicleDto, PelindoCarLoan.API, Version=1.0.0.0, Culture=neutral, PublicKeyToken=null]], System.Private.CoreLib, Version=8.0.0.0, Culture=neutral, PublicKeyToken=7cec85d7bea7798e]]'.
2026-01-07 21:42:11.337 +07:00 [INF] Executed action PelindoCarLoan.API.Controllers.DriversController.GetAll (PelindoCarLoan.API) in 87.802ms
2026-01-07 21:42:11.342 +07:00 [INF] Executed endpoint 'PelindoCarLoan.API.Controllers.DriversController.GetAll (PelindoCarLoan.API)'
2026-01-07 21:42:11.345 +07:00 [INF] Request finished HTTP/1.1 GET http://localhost:5000/api/drivers - 200 null application/json; charset=utf-8 117.9881ms
2026-01-07 21:42:11.346 +07:00 [INF] Executed action PelindoCarLoan.API.Controllers.VehiclesController.GetAll (PelindoCarLoan.API) in 100.1423ms
2026-01-07 21:42:11.355 +07:00 [INF] Executed endpoint 'PelindoCarLoan.API.Controllers.VehiclesController.GetAll (PelindoCarLoan.API)'
2026-01-07 21:42:11.358 +07:00 [INF] Request finished HTTP/1.1 GET http://localhost:5000/api/vehicles - 200 null application/json; charset=utf-8 135.1969ms
2026-01-07 21:46:24.510 +07:00 [INF] Request starting HTTP/1.1 OPTIONS http://localhost:5000/api/vehicles - null null
2026-01-07 21:46:24.510 +07:00 [INF] Request starting HTTP/1.1 OPTIONS http://localhost:5000/api/drivers - null null
2026-01-07 21:46:24.516 +07:00 [INF] CORS policy execution successful.
2026-01-07 21:46:24.520 +07:00 [INF] CORS policy execution successful.
2026-01-07 21:46:24.522 +07:00 [INF] Request finished HTTP/1.1 OPTIONS http://localhost:5000/api/vehicles - 204 null null 12.5698ms
2026-01-07 21:46:24.524 +07:00 [INF] Request finished HTTP/1.1 OPTIONS http://localhost:5000/api/drivers - 204 null null 13.6771ms
2026-01-07 21:46:24.530 +07:00 [INF] Request starting HTTP/1.1 GET http://localhost:5000/api/vehicles - null null
2026-01-07 21:46:24.536 +07:00 [INF] Request starting HTTP/1.1 GET http://localhost:5000/api/drivers - null null
2026-01-07 21:46:24.541 +07:00 [INF] CORS policy execution successful.
2026-01-07 21:46:24.548 +07:00 [INF] CORS policy execution successful.
2026-01-07 21:46:24.550 +07:00 [INF] Executing endpoint 'PelindoCarLoan.API.Controllers.VehiclesController.GetAll (PelindoCarLoan.API)'
2026-01-07 21:46:24.551 +07:00 [INF] Executing endpoint 'PelindoCarLoan.API.Controllers.DriversController.GetAll (PelindoCarLoan.API)'
2026-01-07 21:46:24.552 +07:00 [INF] Route matched with {action = "GetAll", controller = "Vehicles"}. Executing controller action with signature System.Threading.Tasks.Task`1[Microsoft.AspNetCore.Mvc.IActionResult] GetAll(System.String) on controller PelindoCarLoan.API.Controllers.VehiclesController (PelindoCarLoan.API).
2026-01-07 21:46:24.553 +07:00 [INF] Route matched with {action = "GetAll", controller = "Drivers"}. Executing controller action with signature System.Threading.Tasks.Task`1[Microsoft.AspNetCore.Mvc.IActionResult] GetAll(System.String) on controller PelindoCarLoan.API.Controllers.DriversController (PelindoCarLoan.API).
2026-01-07 21:46:24.558 +07:00 [INF] Executing OkObjectResult, writing value of type 'PelindoCarLoan.API.DTOs.ApiResponse`1[[System.Collections.Generic.IEnumerable`1[[PelindoCarLoan.API.DTOs.VehicleDto, PelindoCarLoan.API, Version=1.0.0.0, Culture=neutral, PublicKeyToken=null]], System.Private.CoreLib, Version=8.0.0.0, Culture=neutral, PublicKeyToken=7cec85d7bea7798e]]'.
2026-01-07 21:46:24.560 +07:00 [INF] Executing OkObjectResult, writing value of type 'PelindoCarLoan.API.DTOs.ApiResponse`1[[System.Collections.Generic.IEnumerable`1[[PelindoCarLoan.API.DTOs.DriverDto, PelindoCarLoan.API, Version=1.0.0.0, Culture=neutral, PublicKeyToken=null]], System.Private.CoreLib, Version=8.0.0.0, Culture=neutral, PublicKeyToken=7cec85d7bea7798e]]'.
2026-01-07 21:46:24.560 +07:00 [INF] Executed action PelindoCarLoan.API.Controllers.VehiclesController.GetAll (PelindoCarLoan.API) in 4.5944ms
2026-01-07 21:46:24.562 +07:00 [INF] Executed action PelindoCarLoan.API.Controllers.DriversController.GetAll (PelindoCarLoan.API) in 3.826ms
2026-01-07 21:46:24.564 +07:00 [INF] Executed endpoint 'PelindoCarLoan.API.Controllers.VehiclesController.GetAll (PelindoCarLoan.API)'
2026-01-07 21:46:24.565 +07:00 [INF] Executed endpoint 'PelindoCarLoan.API.Controllers.DriversController.GetAll (PelindoCarLoan.API)'
2026-01-07 21:46:24.567 +07:00 [INF] Request finished HTTP/1.1 GET http://localhost:5000/api/vehicles - 200 null application/json; charset=utf-8 36.4129ms
2026-01-07 21:46:24.568 +07:00 [INF] Request finished HTTP/1.1 GET http://localhost:5000/api/drivers - 200 null application/json; charset=utf-8 32.4374ms
2026-01-07 21:50:24.433 +07:00 [INF] Request starting HTTP/1.1 OPTIONS http://localhost:5000/api/vehicles - null null
2026-01-07 21:50:24.434 +07:00 [INF] Request starting HTTP/1.1 OPTIONS http://localhost:5000/api/drivers - null null
2026-01-07 21:50:24.440 +07:00 [INF] CORS policy execution successful.
2026-01-07 21:50:24.444 +07:00 [INF] CORS policy execution successful.
2026-01-07 21:50:24.445 +07:00 [INF] Request finished HTTP/1.1 OPTIONS http://localhost:5000/api/vehicles - 204 null null 12.6898ms
2026-01-07 21:50:24.447 +07:00 [INF] Request finished HTTP/1.1 OPTIONS http://localhost:5000/api/drivers - 204 null null 13.1183ms
2026-01-07 21:50:24.455 +07:00 [INF] Request starting HTTP/1.1 GET http://localhost:5000/api/vehicles - null null
2026-01-07 21:50:24.460 +07:00 [INF] Request starting HTTP/1.1 GET http://localhost:5000/api/drivers - null null
2026-01-07 21:50:24.463 +07:00 [INF] CORS policy execution successful.
2026-01-07 21:50:24.468 +07:00 [INF] CORS policy execution successful.
2026-01-07 21:50:24.470 +07:00 [INF] Executing endpoint 'PelindoCarLoan.API.Controllers.VehiclesController.GetAll (PelindoCarLoan.API)'
2026-01-07 21:50:24.471 +07:00 [INF] Executing endpoint 'PelindoCarLoan.API.Controllers.DriversController.GetAll (PelindoCarLoan.API)'
2026-01-07 21:50:24.473 +07:00 [INF] Route matched with {action = "GetAll", controller = "Vehicles"}. Executing controller action with signature System.Threading.Tasks.Task`1[Microsoft.AspNetCore.Mvc.IActionResult] GetAll(System.String) on controller PelindoCarLoan.API.Controllers.VehiclesController (PelindoCarLoan.API).
2026-01-07 21:50:24.475 +07:00 [INF] Route matched with {action = "GetAll", controller = "Drivers"}. Executing controller action with signature System.Threading.Tasks.Task`1[Microsoft.AspNetCore.Mvc.IActionResult] GetAll(System.String) on controller PelindoCarLoan.API.Controllers.DriversController (PelindoCarLoan.API).
2026-01-07 21:50:24.482 +07:00 [INF] Executing OkObjectResult, writing value of type 'PelindoCarLoan.API.DTOs.ApiResponse`1[[System.Collections.Generic.IEnumerable`1[[PelindoCarLoan.API.DTOs.VehicleDto, PelindoCarLoan.API, Version=1.0.0.0, Culture=neutral, PublicKeyToken=null]], System.Private.CoreLib, Version=8.0.0.0, Culture=neutral, PublicKeyToken=7cec85d7bea7798e]]'.
2026-01-07 21:50:24.485 +07:00 [INF] Executed action PelindoCarLoan.API.Controllers.VehiclesController.GetAll (PelindoCarLoan.API) in 6.7334ms
2026-01-07 21:50:24.485 +07:00 [INF] Executing OkObjectResult, writing value of type 'PelindoCarLoan.API.DTOs.ApiResponse`1[[System.Collections.Generic.IEnumerable`1[[PelindoCarLoan.API.DTOs.DriverDto, PelindoCarLoan.API, Version=1.0.0.0, Culture=neutral, PublicKeyToken=null]], System.Private.CoreLib, Version=8.0.0.0, Culture=neutral, PublicKeyToken=7cec85d7bea7798e]]'.
2026-01-07 21:50:24.489 +07:00 [INF] Request starting HTTP/1.1 GET http://localhost:5000/api/vehicles - null null
2026-01-07 21:50:24.490 +07:00 [INF] Executed endpoint 'PelindoCarLoan.API.Controllers.VehiclesController.GetAll (PelindoCarLoan.API)'
2026-01-07 21:50:24.494 +07:00 [INF] Executed action PelindoCarLoan.API.Controllers.DriversController.GetAll (PelindoCarLoan.API) in 11.333ms
2026-01-07 21:50:24.498 +07:00 [INF] CORS policy execution successful.
2026-01-07 21:50:24.500 +07:00 [INF] Request finished HTTP/1.1 GET http://localhost:5000/api/vehicles - 200 null application/json; charset=utf-8 45.1849ms
2026-01-07 21:50:24.500 +07:00 [INF] Request starting HTTP/1.1 GET http://localhost:5000/api/drivers - null null
2026-01-07 21:50:24.503 +07:00 [INF] Executed endpoint 'PelindoCarLoan.API.Controllers.DriversController.GetAll (PelindoCarLoan.API)'
2026-01-07 21:50:24.506 +07:00 [INF] Executing endpoint 'PelindoCarLoan.API.Controllers.VehiclesController.GetAll (PelindoCarLoan.API)'
2026-01-07 21:50:24.519 +07:00 [INF] CORS policy execution successful.
2026-01-07 21:50:24.522 +07:00 [INF] Request finished HTTP/1.1 GET http://localhost:5000/api/drivers - 200 null application/json; charset=utf-8 62.2287ms
2026-01-07 21:50:24.525 +07:00 [INF] Route matched with {action = "GetAll", controller = "Vehicles"}. Executing controller action with signature System.Threading.Tasks.Task`1[Microsoft.AspNetCore.Mvc.IActionResult] GetAll(System.String) on controller PelindoCarLoan.API.Controllers.VehiclesController (PelindoCarLoan.API).
2026-01-07 21:50:24.528 +07:00 [INF] Executing endpoint 'PelindoCarLoan.API.Controllers.DriversController.GetAll (PelindoCarLoan.API)'
2026-01-07 21:50:24.544 +07:00 [INF] Executing OkObjectResult, writing value of type 'PelindoCarLoan.API.DTOs.ApiResponse`1[[System.Collections.Generic.IEnumerable`1[[PelindoCarLoan.API.DTOs.VehicleDto, PelindoCarLoan.API, Version=1.0.0.0, Culture=neutral, PublicKeyToken=null]], System.Private.CoreLib, Version=8.0.0.0, Culture=neutral, PublicKeyToken=7cec85d7bea7798e]]'.
2026-01-07 21:50:24.544 +07:00 [INF] Route matched with {action = "GetAll", controller = "Drivers"}. Executing controller action with signature System.Threading.Tasks.Task`1[Microsoft.AspNetCore.Mvc.IActionResult] GetAll(System.String) on controller PelindoCarLoan.API.Controllers.DriversController (PelindoCarLoan.API).
2026-01-07 21:50:24.547 +07:00 [INF] Executed action PelindoCarLoan.API.Controllers.VehiclesController.GetAll (PelindoCarLoan.API) in 5.9925ms
2026-01-07 21:50:24.554 +07:00 [INF] Executing OkObjectResult, writing value of type 'PelindoCarLoan.API.DTOs.ApiResponse`1[[System.Collections.Generic.IEnumerable`1[[PelindoCarLoan.API.DTOs.DriverDto, PelindoCarLoan.API, Version=1.0.0.0, Culture=neutral, PublicKeyToken=null]], System.Private.CoreLib, Version=8.0.0.0, Culture=neutral, PublicKeyToken=7cec85d7bea7798e]]'.
2026-01-07 21:50:24.556 +07:00 [INF] Executed endpoint 'PelindoCarLoan.API.Controllers.VehiclesController.GetAll (PelindoCarLoan.API)'
2026-01-07 21:50:24.561 +07:00 [INF] Executed action PelindoCarLoan.API.Controllers.DriversController.GetAll (PelindoCarLoan.API) in 8.7883ms
2026-01-07 21:50:24.563 +07:00 [INF] Request finished HTTP/1.1 GET http://localhost:5000/api/vehicles - 200 null application/json; charset=utf-8 74.5687ms
2026-01-07 21:50:24.567 +07:00 [INF] Executed endpoint 'PelindoCarLoan.API.Controllers.DriversController.GetAll (PelindoCarLoan.API)'
2026-01-07 21:50:24.579 +07:00 [INF] Request finished HTTP/1.1 GET http://localhost:5000/api/drivers - 200 null application/json; charset=utf-8 78.7831ms
2026-01-07 21:50:35.470 +07:00 [INF] Request starting HTTP/1.1 OPTIONS http://localhost:5000/api/vehicles - null null
2026-01-07 21:50:35.471 +07:00 [INF] Request starting HTTP/1.1 OPTIONS http://localhost:5000/api/drivers - null null
2026-01-07 21:50:35.475 +07:00 [INF] CORS policy execution successful.
2026-01-07 21:50:35.481 +07:00 [INF] CORS policy execution successful.
2026-01-07 21:50:35.484 +07:00 [INF] Request finished HTTP/1.1 OPTIONS http://localhost:5000/api/vehicles - 204 null null 13.2455ms
2026-01-07 21:50:35.486 +07:00 [INF] Request finished HTTP/1.1 OPTIONS http://localhost:5000/api/drivers - 204 null null 14.8151ms
2026-01-07 21:50:35.492 +07:00 [INF] Request starting HTTP/1.1 GET http://localhost:5000/api/vehicles - null null
2026-01-07 21:50:35.498 +07:00 [INF] Request starting HTTP/1.1 GET http://localhost:5000/api/drivers - null null
2026-01-07 21:50:35.503 +07:00 [INF] CORS policy execution successful.
2026-01-07 21:50:35.509 +07:00 [INF] CORS policy execution successful.
2026-01-07 21:50:35.511 +07:00 [INF] Executing endpoint 'PelindoCarLoan.API.Controllers.VehiclesController.GetAll (PelindoCarLoan.API)'
2026-01-07 21:50:35.513 +07:00 [INF] Executing endpoint 'PelindoCarLoan.API.Controllers.DriversController.GetAll (PelindoCarLoan.API)'
2026-01-07 21:50:35.515 +07:00 [INF] Route matched with {action = "GetAll", controller = "Vehicles"}. Executing controller action with signature System.Threading.Tasks.Task`1[Microsoft.AspNetCore.Mvc.IActionResult] GetAll(System.String) on controller PelindoCarLoan.API.Controllers.VehiclesController (PelindoCarLoan.API).
2026-01-07 21:50:35.517 +07:00 [INF] Route matched with {action = "GetAll", controller = "Drivers"}. Executing controller action with signature System.Threading.Tasks.Task`1[Microsoft.AspNetCore.Mvc.IActionResult] GetAll(System.String) on controller PelindoCarLoan.API.Controllers.DriversController (PelindoCarLoan.API).
2026-01-07 21:50:35.523 +07:00 [INF] Executing OkObjectResult, writing value of type 'PelindoCarLoan.API.DTOs.ApiResponse`1[[System.Collections.Generic.IEnumerable`1[[PelindoCarLoan.API.DTOs.VehicleDto, PelindoCarLoan.API, Version=1.0.0.0, Culture=neutral, PublicKeyToken=null]], System.Private.CoreLib, Version=8.0.0.0, Culture=neutral, PublicKeyToken=7cec85d7bea7798e]]'.
2026-01-07 21:50:35.526 +07:00 [INF] Executing OkObjectResult, writing value of type 'PelindoCarLoan.API.DTOs.ApiResponse`1[[System.Collections.Generic.IEnumerable`1[[PelindoCarLoan.API.DTOs.DriverDto, PelindoCarLoan.API, Version=1.0.0.0, Culture=neutral, PublicKeyToken=null]], System.Private.CoreLib, Version=8.0.0.0, Culture=neutral, PublicKeyToken=7cec85d7bea7798e]]'.
2026-01-07 21:50:35.528 +07:00 [INF] Executed action PelindoCarLoan.API.Controllers.VehiclesController.GetAll (PelindoCarLoan.API) in 7.963ms
2026-01-07 21:50:35.530 +07:00 [INF] Request starting HTTP/1.1 GET http://localhost:5000/api/vehicles - null null
2026-01-07 21:50:35.531 +07:00 [INF] Executed action PelindoCarLoan.API.Controllers.DriversController.GetAll (PelindoCarLoan.API) in 6.7886ms
2026-01-07 21:50:35.533 +07:00 [INF] Request starting HTTP/1.1 GET http://localhost:5000/api/drivers - null null
2026-01-07 21:50:35.534 +07:00 [INF] Executed endpoint 'PelindoCarLoan.API.Controllers.VehiclesController.GetAll (PelindoCarLoan.API)'
2026-01-07 21:50:35.540 +07:00 [INF] CORS policy execution successful.
2026-01-07 21:50:35.543 +07:00 [INF] Executed endpoint 'PelindoCarLoan.API.Controllers.DriversController.GetAll (PelindoCarLoan.API)'
2026-01-07 21:50:35.547 +07:00 [INF] CORS policy execution successful.
2026-01-07 21:50:35.548 +07:00 [INF] Request finished HTTP/1.1 GET http://localhost:5000/api/vehicles - 200 null application/json; charset=utf-8 56.5534ms
2026-01-07 21:50:35.550 +07:00 [INF] Executing endpoint 'PelindoCarLoan.API.Controllers.VehiclesController.GetAll (PelindoCarLoan.API)'
2026-01-07 21:50:35.551 +07:00 [INF] Request finished HTTP/1.1 GET http://localhost:5000/api/drivers - 200 null application/json; charset=utf-8 53.2359ms
2026-01-07 21:50:35.553 +07:00 [INF] Executing endpoint 'PelindoCarLoan.API.Controllers.DriversController.GetAll (PelindoCarLoan.API)'
2026-01-07 21:50:35.560 +07:00 [INF] Route matched with {action = "GetAll", controller = "Vehicles"}. Executing controller action with signature System.Threading.Tasks.Task`1[Microsoft.AspNetCore.Mvc.IActionResult] GetAll(System.String) on controller PelindoCarLoan.API.Controllers.VehiclesController (PelindoCarLoan.API).
2026-01-07 21:50:35.567 +07:00 [INF] Route matched with {action = "GetAll", controller = "Drivers"}. Executing controller action with signature System.Threading.Tasks.Task`1[Microsoft.AspNetCore.Mvc.IActionResult] GetAll(System.String) on controller PelindoCarLoan.API.Controllers.DriversController (PelindoCarLoan.API).
2026-01-07 21:50:35.572 +07:00 [INF] Executing OkObjectResult, writing value of type 'PelindoCarLoan.API.DTOs.ApiResponse`1[[System.Collections.Generic.IEnumerable`1[[PelindoCarLoan.API.DTOs.VehicleDto, PelindoCarLoan.API, Version=1.0.0.0, Culture=neutral, PublicKeyToken=null]], System.Private.CoreLib, Version=8.0.0.0, Culture=neutral, PublicKeyToken=7cec85d7bea7798e]]'.
2026-01-07 21:50:35.575 +07:00 [INF] Executing OkObjectResult, writing value of type 'PelindoCarLoan.API.DTOs.ApiResponse`1[[System.Collections.Generic.IEnumerable`1[[PelindoCarLoan.API.DTOs.DriverDto, PelindoCarLoan.API, Version=1.0.0.0, Culture=neutral, PublicKeyToken=null]], System.Private.CoreLib, Version=8.0.0.0, Culture=neutral, PublicKeyToken=7cec85d7bea7798e]]'.
2026-01-07 21:50:35.576 +07:00 [INF] Executed action PelindoCarLoan.API.Controllers.VehiclesController.GetAll (PelindoCarLoan.API) in 6.8225ms
2026-01-07 21:50:35.579 +07:00 [INF] Executed action PelindoCarLoan.API.Controllers.DriversController.GetAll (PelindoCarLoan.API) in 5.8133ms
2026-01-07 21:50:35.581 +07:00 [INF] Executed endpoint 'PelindoCarLoan.API.Controllers.VehiclesController.GetAll (PelindoCarLoan.API)'
2026-01-07 21:50:35.582 +07:00 [INF] Executed endpoint 'PelindoCarLoan.API.Controllers.DriversController.GetAll (PelindoCarLoan.API)'
2026-01-07 21:50:35.583 +07:00 [INF] Request finished HTTP/1.1 GET http://localhost:5000/api/vehicles - 200 null application/json; charset=utf-8 53.434ms
2026-01-07 21:50:35.585 +07:00 [INF] Request finished HTTP/1.1 GET http://localhost:5000/api/drivers - 200 null application/json; charset=utf-8 52.2366ms
2026-01-07 21:54:10.959 +07:00 [INF] Application is shutting down...
2026-01-07 21:58:18.575 +07:00 [INF] Pelindo Car Loan API started successfully
2026-01-07 21:58:18.645 +07:00 [INF] User profile is available. Using 'C:\Users\abima\AppData\Local\ASP.NET\DataProtection-Keys' as key repository and Windows DPAPI to encrypt keys at rest.
2026-01-07 21:58:18.713 +07:00 [INF] Now listening on: http://localhost:5000
2026-01-07 21:58:18.717 +07:00 [INF] Application started. Press Ctrl+C to shut down.
2026-01-07 21:58:18.720 +07:00 [INF] Hosting environment: Production
2026-01-07 21:58:18.722 +07:00 [INF] Content root path: C:\Users\abima\Desktop\Project\Pelindo\pelindo-car-loan\backend\PelindoCarLoan.API
2026-01-07 21:58:51.305 +07:00 [INF] Request starting HTTP/1.1 OPTIONS http://localhost:5000/api/drivers - null null
2026-01-07 21:58:51.305 +07:00 [INF] Request starting HTTP/1.1 OPTIONS http://localhost:5000/api/vehicles - null null
2026-01-07 21:58:51.342 +07:00 [INF] CORS policy execution successful.
2026-01-07 21:58:51.342 +07:00 [INF] CORS policy execution successful.
2026-01-07 21:58:51.350 +07:00 [INF] Request finished HTTP/1.1 OPTIONS http://localhost:5000/api/drivers - 204 null null 47.1896ms
2026-01-07 21:58:51.350 +07:00 [INF] Request finished HTTP/1.1 OPTIONS http://localhost:5000/api/vehicles - 204 null null 47.1705ms
2026-01-07 21:58:51.366 +07:00 [INF] Request starting HTTP/1.1 GET http://localhost:5000/api/vehicles - null null
2026-01-07 21:58:51.372 +07:00 [INF] Request starting HTTP/1.1 GET http://localhost:5000/api/drivers - null null
2026-01-07 21:58:51.379 +07:00 [INF] CORS policy execution successful.
2026-01-07 21:58:51.381 +07:00 [INF] CORS policy execution successful.
2026-01-07 21:58:51.383 +07:00 [WRN] Failed to determine the https port for redirect.
2026-01-07 21:58:51.656 +07:00 [INF] Executing endpoint 'PelindoCarLoan.API.Controllers.VehiclesController.GetAll (PelindoCarLoan.API)'
2026-01-07 21:58:51.656 +07:00 [INF] Executing endpoint 'PelindoCarLoan.API.Controllers.DriversController.GetAll (PelindoCarLoan.API)'
2026-01-07 21:58:51.734 +07:00 [INF] Route matched with {action = "GetAll", controller = "Drivers"}. Executing controller action with signature System.Threading.Tasks.Task`1[Microsoft.AspNetCore.Mvc.IActionResult] GetAll(System.String) on controller PelindoCarLoan.API.Controllers.DriversController (PelindoCarLoan.API).
2026-01-07 21:58:51.734 +07:00 [INF] Route matched with {action = "GetAll", controller = "Vehicles"}. Executing controller action with signature System.Threading.Tasks.Task`1[Microsoft.AspNetCore.Mvc.IActionResult] GetAll(System.String) on controller PelindoCarLoan.API.Controllers.VehiclesController (PelindoCarLoan.API).
2026-01-07 21:58:52.606 +07:00 [INF] Executing OkObjectResult, writing value of type 'PelindoCarLoan.API.DTOs.ApiResponse`1[[System.Collections.Generic.IEnumerable`1[[PelindoCarLoan.API.DTOs.DriverDto, PelindoCarLoan.API, Version=1.0.0.0, Culture=neutral, PublicKeyToken=null]], System.Private.CoreLib, Version=8.0.0.0, Culture=neutral, PublicKeyToken=7cec85d7bea7798e]]'.
2026-01-07 21:58:52.606 +07:00 [INF] Executing OkObjectResult, writing value of type 'PelindoCarLoan.API.DTOs.ApiResponse`1[[System.Collections.Generic.IEnumerable`1[[PelindoCarLoan.API.DTOs.VehicleDto, PelindoCarLoan.API, Version=1.0.0.0, Culture=neutral, PublicKeyToken=null]], System.Private.CoreLib, Version=8.0.0.0, Culture=neutral, PublicKeyToken=7cec85d7bea7798e]]'.
2026-01-07 21:58:52.659 +07:00 [INF] Executed action PelindoCarLoan.API.Controllers.DriversController.GetAll (PelindoCarLoan.API) in 910.7885ms
2026-01-07 21:58:52.659 +07:00 [INF] Executed action PelindoCarLoan.API.Controllers.VehiclesController.GetAll (PelindoCarLoan.API) in 874.7905ms
2026-01-07 21:58:52.664 +07:00 [INF] Executed endpoint 'PelindoCarLoan.API.Controllers.DriversController.GetAll (PelindoCarLoan.API)'
2026-01-07 21:58:52.666 +07:00 [INF] Executed endpoint 'PelindoCarLoan.API.Controllers.VehiclesController.GetAll (PelindoCarLoan.API)'
2026-01-07 21:58:52.670 +07:00 [INF] Request finished HTTP/1.1 GET http://localhost:5000/api/drivers - 200 null application/json; charset=utf-8 1297.8059ms
2026-01-07 21:58:52.671 +07:00 [INF] Request finished HTTP/1.1 GET http://localhost:5000/api/vehicles - 200 null application/json; charset=utf-8 1304.8476ms
2026-01-07 22:00:31.846 +07:00 [INF] Request starting HTTP/1.1 OPTIONS http://localhost:5000/api/auth/login - null null
2026-01-07 22:00:31.854 +07:00 [INF] CORS policy execution successful.
2026-01-07 22:00:31.857 +07:00 [INF] Request finished HTTP/1.1 OPTIONS http://localhost:5000/api/auth/login - 204 null null 10.4326ms
2026-01-07 22:00:31.863 +07:00 [INF] Request starting HTTP/1.1 POST http://localhost:5000/api/auth/login - application/json 58
2026-01-07 22:00:31.869 +07:00 [INF] CORS policy execution successful.
2026-01-07 22:00:31.875 +07:00 [INF] Executing endpoint 'PelindoCarLoan.API.Controllers.AuthController.Login (PelindoCarLoan.API)'
2026-01-07 22:00:31.883 +07:00 [INF] Route matched with {action = "Login", controller = "Auth"}. Executing controller action with signature System.Threading.Tasks.Task`1[Microsoft.AspNetCore.Mvc.IActionResult] Login(PelindoCarLoan.API.DTOs.LoginRequestDto) on controller PelindoCarLoan.API.Controllers.AuthController (PelindoCarLoan.API).
2026-01-07 22:00:31.947 +07:00 [INF] Login attempt for email: river1@pelindo.co.id
2026-01-07 22:00:32.004 +07:00 [WRN] Login attempt failed - user not found: river1@pelindo.co.id
2026-01-07 22:00:32.009 +07:00 [INF] Executing UnauthorizedObjectResult, writing value of type 'PelindoCarLoan.API.DTOs.ApiResponse`1[[System.Object, System.Private.CoreLib, Version=8.0.0.0, Culture=neutral, PublicKeyToken=7cec85d7bea7798e]]'.
2026-01-07 22:00:32.015 +07:00 [INF] Executed action PelindoCarLoan.API.Controllers.AuthController.Login (PelindoCarLoan.API) in 127.347ms
2026-01-07 22:00:32.020 +07:00 [INF] Executed endpoint 'PelindoCarLoan.API.Controllers.AuthController.Login (PelindoCarLoan.API)'
2026-01-07 22:00:32.022 +07:00 [INF] Request finished HTTP/1.1 POST http://localhost:5000/api/auth/login - 401 null application/json; charset=utf-8 159.3404ms
2026-01-07 22:00:41.293 +07:00 [INF] Request starting HTTP/1.1 OPTIONS http://localhost:5000/api/auth/login - null null
2026-01-07 22:00:41.300 +07:00 [INF] CORS policy execution successful.
2026-01-07 22:00:41.302 +07:00 [INF] Request finished HTTP/1.1 OPTIONS http://localhost:5000/api/auth/login - 204 null null 9.2421ms
2026-01-07 22:00:41.311 +07:00 [INF] Request starting HTTP/1.1 POST http://localhost:5000/api/auth/login - application/json 59
2026-01-07 22:00:41.317 +07:00 [INF] CORS policy execution successful.
2026-01-07 22:00:41.319 +07:00 [INF] Executing endpoint 'PelindoCarLoan.API.Controllers.AuthController.Login (PelindoCarLoan.API)'
2026-01-07 22:00:41.322 +07:00 [INF] Route matched with {action = "Login", controller = "Auth"}. Executing controller action with signature System.Threading.Tasks.Task`1[Microsoft.AspNetCore.Mvc.IActionResult] Login(PelindoCarLoan.API.DTOs.LoginRequestDto) on controller PelindoCarLoan.API.Controllers.AuthController (PelindoCarLoan.API).
2026-01-07 22:00:41.328 +07:00 [INF] Login attempt for email: driver1@pelindo.co.id
2026-01-07 22:00:41.368 +07:00 [INF] User found: Joko Susilo, PasswordHash length: 60
2026-01-07 22:00:41.852 +07:00 [INF] User logged in successfully: driver1@pelindo.co.id
2026-01-07 22:00:41.856 +07:00 [INF] Executing OkObjectResult, writing value of type 'PelindoCarLoan.API.DTOs.ApiResponse`1[[PelindoCarLoan.API.DTOs.LoginResponseDto, PelindoCarLoan.API, Version=1.0.0.0, Culture=neutral, PublicKeyToken=null]]'.
2026-01-07 22:00:41.863 +07:00 [INF] Executed action PelindoCarLoan.API.Controllers.AuthController.Login (PelindoCarLoan.API) in 537.3869ms
2026-01-07 22:00:41.866 +07:00 [INF] Executed endpoint 'PelindoCarLoan.API.Controllers.AuthController.Login (PelindoCarLoan.API)'
2026-01-07 22:00:41.868 +07:00 [INF] Request finished HTTP/1.1 POST http://localhost:5000/api/auth/login - 200 null application/json; charset=utf-8 557.2829ms
2026-01-07 22:00:41.888 +07:00 [INF] Request starting HTTP/1.1 OPTIONS http://localhost:5000/api/schedules/my-schedules - null null
2026-01-07 22:00:41.888 +07:00 [INF] Request starting HTTP/1.1 OPTIONS http://localhost:5000/api/schedules/upcoming - null null
2026-01-07 22:00:41.895 +07:00 [INF] CORS policy execution successful.
2026-01-07 22:00:41.903 +07:00 [INF] Request finished HTTP/1.1 OPTIONS http://localhost:5000/api/schedules/my-schedules - 204 null null 15.0578ms
2026-01-07 22:00:41.903 +07:00 [INF] CORS policy execution successful.
2026-01-07 22:00:41.911 +07:00 [INF] Request starting HTTP/1.1 GET http://localhost:5000/api/schedules/my-schedules - null null
2026-01-07 22:00:41.913 +07:00 [INF] Request finished HTTP/1.1 OPTIONS http://localhost:5000/api/schedules/upcoming - 204 null null 24.4955ms
2026-01-07 22:00:41.919 +07:00 [INF] CORS policy execution successful.
2026-01-07 22:00:41.926 +07:00 [INF] Request starting HTTP/1.1 GET http://localhost:5000/api/schedules/upcoming - null null
2026-01-07 22:00:41.932 +07:00 [INF] Executing endpoint 'PelindoCarLoan.API.Controllers.SchedulesController.GetMySchedules (PelindoCarLoan.API)'
2026-01-07 22:00:41.935 +07:00 [INF] CORS policy execution successful.
2026-01-07 22:00:41.940 +07:00 [INF] Executing endpoint 'PelindoCarLoan.API.Controllers.SchedulesController.GetUpcomingSchedules (PelindoCarLoan.API)'
2026-01-07 22:00:41.942 +07:00 [INF] Route matched with {action = "GetMySchedules", controller = "Schedules"}. Executing controller action with signature System.Threading.Tasks.Task`1[Microsoft.AspNetCore.Mvc.IActionResult] GetMySchedules() on controller PelindoCarLoan.API.Controllers.SchedulesController (PelindoCarLoan.API).
2026-01-07 22:00:41.947 +07:00 [INF] Route matched with {action = "GetUpcomingSchedules", controller = "Schedules"}. Executing controller action with signature System.Threading.Tasks.Task`1[Microsoft.AspNetCore.Mvc.IActionResult] GetUpcomingSchedules() on controller PelindoCarLoan.API.Controllers.SchedulesController (PelindoCarLoan.API).
2026-01-07 22:00:42.001 +07:00 [INF] Executed action PelindoCarLoan.API.Controllers.SchedulesController.GetMySchedules (PelindoCarLoan.API) in 53.3379ms
2026-01-07 22:00:42.001 +07:00 [INF] Executed action PelindoCarLoan.API.Controllers.SchedulesController.GetUpcomingSchedules (PelindoCarLoan.API) in 49.0885ms
2026-01-07 22:00:42.005 +07:00 [INF] Executed endpoint 'PelindoCarLoan.API.Controllers.SchedulesController.GetMySchedules (PelindoCarLoan.API)'
2026-01-07 22:00:42.008 +07:00 [INF] Executed endpoint 'PelindoCarLoan.API.Controllers.SchedulesController.GetUpcomingSchedules (PelindoCarLoan.API)'
2026-01-07 22:00:42.011 +07:00 [ERR] An unhandled exception occurred
Oracle.ManagedDataAccess.Client.OracleException (0x80004005): ORA-00904: "LR"."PASSENGER_COUNT": invalid identifier
https://docs.oracle.com/error-help/db/ora-00904/
   at Oracle.ManagedDataAccess.Client.OracleCommand.<>c.<ExecuteDbDataReaderAsync>b__213_0(Task`1 result)
   at System.Threading.Tasks.ContinuationResultTaskFromResultTask`2.InnerInvoke()
   at System.Threading.ExecutionContext.RunInternal(ExecutionContext executionContext, ContextCallback callback, Object state)
--- End of stack trace from previous location ---
   at System.Threading.ExecutionContext.RunInternal(ExecutionContext executionContext, ContextCallback callback, Object state)
   at System.Threading.Tasks.Task.ExecuteWithThreadLocal(Task& currentTaskSlot, Thread threadPoolThread)
--- End of stack trace from previous location ---
   at Dapper.SqlMapper.MultiMapAsync[TFirst,TSecond,TThird,TFourth,TFifth,TSixth,TSeventh,TReturn](IDbConnection cnn, CommandDefinition command, Delegate map, String splitOn) in /_/Dapper/SqlMapper.Async.cs:line 940
   at PelindoCarLoan.API.Repositories.ScheduleRepository.GetByDriverUserIdAsync(Int32 userId) in C:\Users\abima\Desktop\Project\Pelindo\pelindo-car-loan\backend\PelindoCarLoan.API\Repositories\ScheduleRepository.cs:line 153
   at PelindoCarLoan.API.Services.SchedulingService.GetDriverSchedulesAsync(Int32 userId) in C:\Users\abima\Desktop\Project\Pelindo\pelindo-car-loan\backend\PelindoCarLoan.API\Services\SchedulingService.cs:line 208
   at PelindoCarLoan.API.Controllers.SchedulesController.GetMySchedules() in C:\Users\abima\Desktop\Project\Pelindo\pelindo-car-loan\backend\PelindoCarLoan.API\Controllers\SchedulesController.cs:line 48
   at Microsoft.AspNetCore.Mvc.Infrastructure.ActionMethodExecutor.TaskOfIActionResultExecutor.Execute(ActionContext actionContext, IActionResultTypeMapper mapper, ObjectMethodExecutor executor, Object controller, Object[] arguments)
   at Microsoft.AspNetCore.Mvc.Infrastructure.ControllerActionInvoker.<InvokeActionMethodAsync>g__Awaited|12_0(ControllerActionInvoker invoker, ValueTask`1 actionResultValueTask)
   at Microsoft.AspNetCore.Mvc.Infrastructure.ControllerActionInvoker.<InvokeNextActionFilterAsync>g__Awaited|10_0(ControllerActionInvoker invoker, Task lastTask, State next, Scope scope, Object state, Boolean isCompleted)
   at Microsoft.AspNetCore.Mvc.Infrastructure.ControllerActionInvoker.Rethrow(ActionExecutedContextSealed context)
   at Microsoft.AspNetCore.Mvc.Infrastructure.ControllerActionInvoker.Next(State& next, Scope& scope, Object& state, Boolean& isCompleted)
   at Microsoft.AspNetCore.Mvc.Infrastructure.ControllerActionInvoker.<InvokeInnerFilterAsync>g__Awaited|13_0(ControllerActionInvoker invoker, Task lastTask, State next, Scope scope, Object state, Boolean isCompleted)
   at Microsoft.AspNetCore.Mvc.Infrastructure.ResourceInvoker.<InvokeFilterPipelineAsync>g__Awaited|20_0(ResourceInvoker invoker, Task lastTask, State next, Scope scope, Object state, Boolean isCompleted)
   at Microsoft.AspNetCore.Mvc.Infrastructure.ResourceInvoker.<InvokeAsync>g__Logged|17_1(ResourceInvoker invoker)
   at Microsoft.AspNetCore.Mvc.Infrastructure.ResourceInvoker.<InvokeAsync>g__Logged|17_1(ResourceInvoker invoker)
   at Microsoft.AspNetCore.Routing.EndpointMiddleware.<Invoke>g__AwaitRequestTask|7_0(Endpoint endpoint, Task requestTask, ILogger logger)
   at Microsoft.AspNetCore.Authorization.AuthorizationMiddleware.Invoke(HttpContext context)
   at Microsoft.AspNetCore.Authentication.AuthenticationMiddleware.Invoke(HttpContext context)
   at PelindoCarLoan.API.Middleware.ExceptionMiddleware.InvokeAsync(HttpContext context) in C:\Users\abima\Desktop\Project\Pelindo\pelindo-car-loan\backend\PelindoCarLoan.API\Middleware\ExceptionMiddleware.cs:line 22
2026-01-07 22:00:42.013 +07:00 [ERR] An unhandled exception occurred
Oracle.ManagedDataAccess.Client.OracleException (0x80004005): ORA-00904: "LR"."PASSENGER_COUNT": invalid identifier
https://docs.oracle.com/error-help/db/ora-00904/
   at Oracle.ManagedDataAccess.Client.OracleCommand.<>c.<ExecuteDbDataReaderAsync>b__213_0(Task`1 result)
   at System.Threading.Tasks.ContinuationResultTaskFromResultTask`2.InnerInvoke()
   at System.Threading.ExecutionContext.RunInternal(ExecutionContext executionContext, ContextCallback callback, Object state)
--- End of stack trace from previous location ---
   at System.Threading.ExecutionContext.RunInternal(ExecutionContext executionContext, ContextCallback callback, Object state)
   at System.Threading.Tasks.Task.ExecuteWithThreadLocal(Task& currentTaskSlot, Thread threadPoolThread)
--- End of stack trace from previous location ---
   at Dapper.SqlMapper.MultiMapAsync[TFirst,TSecond,TThird,TFourth,TFifth,TSixth,TSeventh,TReturn](IDbConnection cnn, CommandDefinition command, Delegate map, String splitOn) in /_/Dapper/SqlMapper.Async.cs:line 940
   at PelindoCarLoan.API.Repositories.ScheduleRepository.GetUpcomingByDriverIdAsync(Int32 driverId) in C:\Users\abima\Desktop\Project\Pelindo\pelindo-car-loan\backend\PelindoCarLoan.API\Repositories\ScheduleRepository.cs:line 189
   at PelindoCarLoan.API.Services.SchedulingService.GetUpcomingDriverSchedulesAsync(Int32 userId) in C:\Users\abima\Desktop\Project\Pelindo\pelindo-car-loan\backend\PelindoCarLoan.API\Services\SchedulingService.cs:line 221
   at PelindoCarLoan.API.Controllers.SchedulesController.GetUpcomingSchedules() in C:\Users\abima\Desktop\Project\Pelindo\pelindo-car-loan\backend\PelindoCarLoan.API\Controllers\SchedulesController.cs:line 61
   at Microsoft.AspNetCore.Mvc.Infrastructure.ActionMethodExecutor.TaskOfIActionResultExecutor.Execute(ActionContext actionContext, IActionResultTypeMapper mapper, ObjectMethodExecutor executor, Object controller, Object[] arguments)
   at Microsoft.AspNetCore.Mvc.Infrastructure.ControllerActionInvoker.<InvokeActionMethodAsync>g__Awaited|12_0(ControllerActionInvoker invoker, ValueTask`1 actionResultValueTask)
   at Microsoft.AspNetCore.Mvc.Infrastructure.ControllerActionInvoker.<InvokeNextActionFilterAsync>g__Awaited|10_0(ControllerActionInvoker invoker, Task lastTask, State next, Scope scope, Object state, Boolean isCompleted)
   at Microsoft.AspNetCore.Mvc.Infrastructure.ControllerActionInvoker.Rethrow(ActionExecutedContextSealed context)
   at Microsoft.AspNetCore.Mvc.Infrastructure.ControllerActionInvoker.Next(State& next, Scope& scope, Object& state, Boolean& isCompleted)
   at Microsoft.AspNetCore.Mvc.Infrastructure.ControllerActionInvoker.<InvokeInnerFilterAsync>g__Awaited|13_0(ControllerActionInvoker invoker, Task lastTask, State next, Scope scope, Object state, Boolean isCompleted)
   at Microsoft.AspNetCore.Mvc.Infrastructure.ResourceInvoker.<InvokeFilterPipelineAsync>g__Awaited|20_0(ResourceInvoker invoker, Task lastTask, State next, Scope scope, Object state, Boolean isCompleted)
   at Microsoft.AspNetCore.Mvc.Infrastructure.ResourceInvoker.<InvokeAsync>g__Logged|17_1(ResourceInvoker invoker)
   at Microsoft.AspNetCore.Mvc.Infrastructure.ResourceInvoker.<InvokeAsync>g__Logged|17_1(ResourceInvoker invoker)
   at Microsoft.AspNetCore.Routing.EndpointMiddleware.<Invoke>g__AwaitRequestTask|7_0(Endpoint endpoint, Task requestTask, ILogger logger)
   at Microsoft.AspNetCore.Authorization.AuthorizationMiddleware.Invoke(HttpContext context)
   at Microsoft.AspNetCore.Authentication.AuthenticationMiddleware.Invoke(HttpContext context)
   at PelindoCarLoan.API.Middleware.ExceptionMiddleware.InvokeAsync(HttpContext context) in C:\Users\abima\Desktop\Project\Pelindo\pelindo-car-loan\backend\PelindoCarLoan.API\Middleware\ExceptionMiddleware.cs:line 22
2026-01-07 22:00:42.073 +07:00 [INF] Request finished HTTP/1.1 GET http://localhost:5000/api/schedules/my-schedules - 500 null application/json 161.2072ms
2026-01-07 22:00:42.086 +07:00 [INF] Request finished HTTP/1.1 GET http://localhost:5000/api/schedules/upcoming - 500 null application/json 159.9639ms
2026-01-07 22:00:43.078 +07:00 [INF] Request starting HTTP/1.1 GET http://localhost:5000/api/schedules/my-schedules - null null
2026-01-07 22:00:43.086 +07:00 [INF] CORS policy execution successful.
2026-01-07 22:00:43.088 +07:00 [INF] Executing endpoint 'PelindoCarLoan.API.Controllers.SchedulesController.GetMySchedules (PelindoCarLoan.API)'
2026-01-07 22:00:43.091 +07:00 [INF] Route matched with {action = "GetMySchedules", controller = "Schedules"}. Executing controller action with signature System.Threading.Tasks.Task`1[Microsoft.AspNetCore.Mvc.IActionResult] GetMySchedules() on controller PelindoCarLoan.API.Controllers.SchedulesController (PelindoCarLoan.API).
2026-01-07 22:00:43.091 +07:00 [INF] Request starting HTTP/1.1 GET http://localhost:5000/api/schedules/upcoming - null null
2026-01-07 22:00:43.099 +07:00 [INF] CORS policy execution successful.
2026-01-07 22:00:43.103 +07:00 [INF] Executing endpoint 'PelindoCarLoan.API.Controllers.SchedulesController.GetUpcomingSchedules (PelindoCarLoan.API)'
2026-01-07 22:00:43.106 +07:00 [INF] Route matched with {action = "GetUpcomingSchedules", controller = "Schedules"}. Executing controller action with signature System.Threading.Tasks.Task`1[Microsoft.AspNetCore.Mvc.IActionResult] GetUpcomingSchedules() on controller PelindoCarLoan.API.Controllers.SchedulesController (PelindoCarLoan.API).
2026-01-07 22:00:43.106 +07:00 [INF] Executed action PelindoCarLoan.API.Controllers.SchedulesController.GetMySchedules (PelindoCarLoan.API) in 11.9541ms
2026-01-07 22:00:43.114 +07:00 [INF] Executed endpoint 'PelindoCarLoan.API.Controllers.SchedulesController.GetMySchedules (PelindoCarLoan.API)'
2026-01-07 22:00:43.118 +07:00 [ERR] An unhandled exception occurred
Oracle.ManagedDataAccess.Client.OracleException (0x80004005): ORA-00904: "LR"."PASSENGER_COUNT": invalid identifier
https://docs.oracle.com/error-help/db/ora-00904/
   at Oracle.ManagedDataAccess.Client.OracleCommand.<>c.<ExecuteDbDataReaderAsync>b__213_0(Task`1 result)
   at System.Threading.Tasks.ContinuationResultTaskFromResultTask`2.InnerInvoke()
   at System.Threading.ExecutionContext.RunInternal(ExecutionContext executionContext, ContextCallback callback, Object state)
--- End of stack trace from previous location ---
   at System.Threading.ExecutionContext.RunInternal(ExecutionContext executionContext, ContextCallback callback, Object state)
   at System.Threading.Tasks.Task.ExecuteWithThreadLocal(Task& currentTaskSlot, Thread threadPoolThread)
--- End of stack trace from previous location ---
   at Dapper.SqlMapper.MultiMapAsync[TFirst,TSecond,TThird,TFourth,TFifth,TSixth,TSeventh,TReturn](IDbConnection cnn, CommandDefinition command, Delegate map, String splitOn) in /_/Dapper/SqlMapper.Async.cs:line 940
   at PelindoCarLoan.API.Repositories.ScheduleRepository.GetByDriverUserIdAsync(Int32 userId) in C:\Users\abima\Desktop\Project\Pelindo\pelindo-car-loan\backend\PelindoCarLoan.API\Repositories\ScheduleRepository.cs:line 153
   at PelindoCarLoan.API.Services.SchedulingService.GetDriverSchedulesAsync(Int32 userId) in C:\Users\abima\Desktop\Project\Pelindo\pelindo-car-loan\backend\PelindoCarLoan.API\Services\SchedulingService.cs:line 208
   at PelindoCarLoan.API.Controllers.SchedulesController.GetMySchedules() in C:\Users\abima\Desktop\Project\Pelindo\pelindo-car-loan\backend\PelindoCarLoan.API\Controllers\SchedulesController.cs:line 48
   at Microsoft.AspNetCore.Mvc.Infrastructure.ActionMethodExecutor.TaskOfIActionResultExecutor.Execute(ActionContext actionContext, IActionResultTypeMapper mapper, ObjectMethodExecutor executor, Object controller, Object[] arguments)
   at Microsoft.AspNetCore.Mvc.Infrastructure.ControllerActionInvoker.<InvokeActionMethodAsync>g__Awaited|12_0(ControllerActionInvoker invoker, ValueTask`1 actionResultValueTask)
   at Microsoft.AspNetCore.Mvc.Infrastructure.ControllerActionInvoker.<InvokeNextActionFilterAsync>g__Awaited|10_0(ControllerActionInvoker invoker, Task lastTask, State next, Scope scope, Object state, Boolean isCompleted)
   at Microsoft.AspNetCore.Mvc.Infrastructure.ControllerActionInvoker.Rethrow(ActionExecutedContextSealed context)
   at Microsoft.AspNetCore.Mvc.Infrastructure.ControllerActionInvoker.Next(State& next, Scope& scope, Object& state, Boolean& isCompleted)
   at Microsoft.AspNetCore.Mvc.Infrastructure.ControllerActionInvoker.<InvokeInnerFilterAsync>g__Awaited|13_0(ControllerActionInvoker invoker, Task lastTask, State next, Scope scope, Object state, Boolean isCompleted)
   at Microsoft.AspNetCore.Mvc.Infrastructure.ResourceInvoker.<InvokeFilterPipelineAsync>g__Awaited|20_0(ResourceInvoker invoker, Task lastTask, State next, Scope scope, Object state, Boolean isCompleted)
   at Microsoft.AspNetCore.Mvc.Infrastructure.ResourceInvoker.<InvokeAsync>g__Logged|17_1(ResourceInvoker invoker)
   at Microsoft.AspNetCore.Mvc.Infrastructure.ResourceInvoker.<InvokeAsync>g__Logged|17_1(ResourceInvoker invoker)
   at Microsoft.AspNetCore.Routing.EndpointMiddleware.<Invoke>g__AwaitRequestTask|7_0(Endpoint endpoint, Task requestTask, ILogger logger)
   at Microsoft.AspNetCore.Authorization.AuthorizationMiddleware.Invoke(HttpContext context)
   at Microsoft.AspNetCore.Authentication.AuthenticationMiddleware.Invoke(HttpContext context)
   at PelindoCarLoan.API.Middleware.ExceptionMiddleware.InvokeAsync(HttpContext context) in C:\Users\abima\Desktop\Project\Pelindo\pelindo-car-loan\backend\PelindoCarLoan.API\Middleware\ExceptionMiddleware.cs:line 22
2026-01-07 22:00:43.119 +07:00 [INF] Executed action PelindoCarLoan.API.Controllers.SchedulesController.GetUpcomingSchedules (PelindoCarLoan.API) in 7.7131ms
2026-01-07 22:00:43.140 +07:00 [INF] Request finished HTTP/1.1 GET http://localhost:5000/api/schedules/my-schedules - 500 null application/json 61.2849ms
2026-01-07 22:00:43.140 +07:00 [INF] Executed endpoint 'PelindoCarLoan.API.Controllers.SchedulesController.GetUpcomingSchedules (PelindoCarLoan.API)'
2026-01-07 22:00:43.151 +07:00 [ERR] An unhandled exception occurred
Oracle.ManagedDataAccess.Client.OracleException (0x80004005): ORA-00904: "LR"."PASSENGER_COUNT": invalid identifier
https://docs.oracle.com/error-help/db/ora-00904/
   at Oracle.ManagedDataAccess.Client.OracleCommand.<>c.<ExecuteDbDataReaderAsync>b__213_0(Task`1 result)
   at System.Threading.Tasks.ContinuationResultTaskFromResultTask`2.InnerInvoke()
   at System.Threading.ExecutionContext.RunInternal(ExecutionContext executionContext, ContextCallback callback, Object state)
--- End of stack trace from previous location ---
   at System.Threading.ExecutionContext.RunInternal(ExecutionContext executionContext, ContextCallback callback, Object state)
   at System.Threading.Tasks.Task.ExecuteWithThreadLocal(Task& currentTaskSlot, Thread threadPoolThread)
--- End of stack trace from previous location ---
   at Dapper.SqlMapper.MultiMapAsync[TFirst,TSecond,TThird,TFourth,TFifth,TSixth,TSeventh,TReturn](IDbConnection cnn, CommandDefinition command, Delegate map, String splitOn) in /_/Dapper/SqlMapper.Async.cs:line 940
   at PelindoCarLoan.API.Repositories.ScheduleRepository.GetUpcomingByDriverIdAsync(Int32 driverId) in C:\Users\abima\Desktop\Project\Pelindo\pelindo-car-loan\backend\PelindoCarLoan.API\Repositories\ScheduleRepository.cs:line 189
   at PelindoCarLoan.API.Services.SchedulingService.GetUpcomingDriverSchedulesAsync(Int32 userId) in C:\Users\abima\Desktop\Project\Pelindo\pelindo-car-loan\backend\PelindoCarLoan.API\Services\SchedulingService.cs:line 221
   at PelindoCarLoan.API.Controllers.SchedulesController.GetUpcomingSchedules() in C:\Users\abima\Desktop\Project\Pelindo\pelindo-car-loan\backend\PelindoCarLoan.API\Controllers\SchedulesController.cs:line 61
   at Microsoft.AspNetCore.Mvc.Infrastructure.ActionMethodExecutor.TaskOfIActionResultExecutor.Execute(ActionContext actionContext, IActionResultTypeMapper mapper, ObjectMethodExecutor executor, Object controller, Object[] arguments)
   at Microsoft.AspNetCore.Mvc.Infrastructure.ControllerActionInvoker.<InvokeActionMethodAsync>g__Awaited|12_0(ControllerActionInvoker invoker, ValueTask`1 actionResultValueTask)
   at Microsoft.AspNetCore.Mvc.Infrastructure.ControllerActionInvoker.<InvokeNextActionFilterAsync>g__Awaited|10_0(ControllerActionInvoker invoker, Task lastTask, State next, Scope scope, Object state, Boolean isCompleted)
   at Microsoft.AspNetCore.Mvc.Infrastructure.ControllerActionInvoker.Rethrow(ActionExecutedContextSealed context)
   at Microsoft.AspNetCore.Mvc.Infrastructure.ControllerActionInvoker.Next(State& next, Scope& scope, Object& state, Boolean& isCompleted)
   at Microsoft.AspNetCore.Mvc.Infrastructure.ControllerActionInvoker.<InvokeInnerFilterAsync>g__Awaited|13_0(ControllerActionInvoker invoker, Task lastTask, State next, Scope scope, Object state, Boolean isCompleted)
   at Microsoft.AspNetCore.Mvc.Infrastructure.ResourceInvoker.<InvokeFilterPipelineAsync>g__Awaited|20_0(ResourceInvoker invoker, Task lastTask, State next, Scope scope, Object state, Boolean isCompleted)
   at Microsoft.AspNetCore.Mvc.Infrastructure.ResourceInvoker.<InvokeAsync>g__Logged|17_1(ResourceInvoker invoker)
   at Microsoft.AspNetCore.Mvc.Infrastructure.ResourceInvoker.<InvokeAsync>g__Logged|17_1(ResourceInvoker invoker)
   at Microsoft.AspNetCore.Routing.EndpointMiddleware.<Invoke>g__AwaitRequestTask|7_0(Endpoint endpoint, Task requestTask, ILogger logger)
   at Microsoft.AspNetCore.Authorization.AuthorizationMiddleware.Invoke(HttpContext context)
   at Microsoft.AspNetCore.Authentication.AuthenticationMiddleware.Invoke(HttpContext context)
   at PelindoCarLoan.API.Middleware.ExceptionMiddleware.InvokeAsync(HttpContext context) in C:\Users\abima\Desktop\Project\Pelindo\pelindo-car-loan\backend\PelindoCarLoan.API\Middleware\ExceptionMiddleware.cs:line 22
2026-01-07 22:00:43.168 +07:00 [INF] Request finished HTTP/1.1 GET http://localhost:5000/api/schedules/upcoming - 500 null application/json 77.1744ms
2026-01-07 22:02:07.830 +07:00 [INF] Request starting HTTP/1.1 OPTIONS http://localhost:5000/api/auth/login - null null
2026-01-07 22:02:07.839 +07:00 [INF] CORS policy execution successful.
2026-01-07 22:02:07.843 +07:00 [INF] Request finished HTTP/1.1 OPTIONS http://localhost:5000/api/auth/login - 204 null null 13.2867ms
2026-01-07 22:02:07.853 +07:00 [INF] Request starting HTTP/1.1 POST http://localhost:5000/api/auth/login - application/json 60
2026-01-07 22:02:07.858 +07:00 [INF] CORS policy execution successful.
2026-01-07 22:02:07.860 +07:00 [INF] Executing endpoint 'PelindoCarLoan.API.Controllers.AuthController.Login (PelindoCarLoan.API)'
2026-01-07 22:02:07.862 +07:00 [INF] Route matched with {action = "Login", controller = "Auth"}. Executing controller action with signature System.Threading.Tasks.Task`1[Microsoft.AspNetCore.Mvc.IActionResult] Login(PelindoCarLoan.API.DTOs.LoginRequestDto) on controller PelindoCarLoan.API.Controllers.AuthController (PelindoCarLoan.API).
2026-01-07 22:02:07.870 +07:00 [INF] Login attempt for email: pemohon1@pelindo.co.id
2026-01-07 22:02:07.887 +07:00 [INF] User found: Budi Santoso, PasswordHash length: 60
2026-01-07 22:02:08.100 +07:00 [INF] User logged in successfully: pemohon1@pelindo.co.id
2026-01-07 22:02:08.103 +07:00 [INF] Executing OkObjectResult, writing value of type 'PelindoCarLoan.API.DTOs.ApiResponse`1[[PelindoCarLoan.API.DTOs.LoginResponseDto, PelindoCarLoan.API, Version=1.0.0.0, Culture=neutral, PublicKeyToken=null]]'.
2026-01-07 22:02:08.105 +07:00 [INF] Executed action PelindoCarLoan.API.Controllers.AuthController.Login (PelindoCarLoan.API) in 238.7743ms
2026-01-07 22:02:08.107 +07:00 [INF] Executed endpoint 'PelindoCarLoan.API.Controllers.AuthController.Login (PelindoCarLoan.API)'
2026-01-07 22:02:08.109 +07:00 [INF] Request finished HTTP/1.1 POST http://localhost:5000/api/auth/login - 200 null application/json; charset=utf-8 255.1855ms
2026-01-07 22:02:08.124 +07:00 [INF] Request starting HTTP/1.1 OPTIONS http://localhost:5000/api/loanrequests/my-requests - null null
2026-01-07 22:02:08.130 +07:00 [INF] CORS policy execution successful.
2026-01-07 22:02:08.132 +07:00 [INF] Request finished HTTP/1.1 OPTIONS http://localhost:5000/api/loanrequests/my-requests - 204 null null 7.5918ms
2026-01-07 22:02:08.139 +07:00 [INF] Request starting HTTP/1.1 GET http://localhost:5000/api/loanrequests/my-requests - null null
2026-01-07 22:02:08.145 +07:00 [INF] CORS policy execution successful.
2026-01-07 22:02:08.148 +07:00 [INF] Executing endpoint 'PelindoCarLoan.API.Controllers.LoanRequestsController.GetMyRequests (PelindoCarLoan.API)'
2026-01-07 22:02:08.154 +07:00 [INF] Route matched with {action = "GetMyRequests", controller = "LoanRequests"}. Executing controller action with signature System.Threading.Tasks.Task`1[Microsoft.AspNetCore.Mvc.IActionResult] GetMyRequests() on controller PelindoCarLoan.API.Controllers.LoanRequestsController (PelindoCarLoan.API).
2026-01-07 22:02:08.234 +07:00 [INF] Executing OkObjectResult, writing value of type 'PelindoCarLoan.API.DTOs.ApiResponse`1[[System.Collections.Generic.IEnumerable`1[[PelindoCarLoan.API.DTOs.LoanRequestListDto, PelindoCarLoan.API, Version=1.0.0.0, Culture=neutral, PublicKeyToken=null]], System.Private.CoreLib, Version=8.0.0.0, Culture=neutral, PublicKeyToken=7cec85d7bea7798e]]'.
2026-01-07 22:02:08.244 +07:00 [INF] Executed action PelindoCarLoan.API.Controllers.LoanRequestsController.GetMyRequests (PelindoCarLoan.API) in 85.4149ms
2026-01-07 22:02:08.247 +07:00 [INF] Executed endpoint 'PelindoCarLoan.API.Controllers.LoanRequestsController.GetMyRequests (PelindoCarLoan.API)'
2026-01-07 22:02:08.250 +07:00 [INF] Request finished HTTP/1.1 GET http://localhost:5000/api/loanrequests/my-requests - 200 null application/json; charset=utf-8 110.7136ms
2026-01-07 22:02:19.001 +07:00 [INF] Request starting HTTP/1.1 OPTIONS http://localhost:5000/api/vehicles - null null
2026-01-07 22:02:19.001 +07:00 [INF] Request starting HTTP/1.1 OPTIONS http://localhost:5000/api/drivers - null null
2026-01-07 22:02:19.007 +07:00 [INF] CORS policy execution successful.
2026-01-07 22:02:19.013 +07:00 [INF] CORS policy execution successful.
2026-01-07 22:02:19.015 +07:00 [INF] Request finished HTTP/1.1 OPTIONS http://localhost:5000/api/vehicles - 204 null null 13.9866ms
2026-01-07 22:02:19.016 +07:00 [INF] Request finished HTTP/1.1 OPTIONS http://localhost:5000/api/drivers - 204 null null 15.3494ms
2026-01-07 22:02:19.023 +07:00 [INF] Request starting HTTP/1.1 GET http://localhost:5000/api/drivers - null null
2026-01-07 22:02:19.031 +07:00 [INF] Request starting HTTP/1.1 GET http://localhost:5000/api/vehicles - null null
2026-01-07 22:02:19.035 +07:00 [INF] CORS policy execution successful.
2026-01-07 22:02:19.040 +07:00 [INF] CORS policy execution successful.
2026-01-07 22:02:19.042 +07:00 [INF] Executing endpoint 'PelindoCarLoan.API.Controllers.DriversController.GetAll (PelindoCarLoan.API)'
2026-01-07 22:02:19.043 +07:00 [INF] Executing endpoint 'PelindoCarLoan.API.Controllers.VehiclesController.GetAll (PelindoCarLoan.API)'
2026-01-07 22:02:19.045 +07:00 [INF] Route matched with {action = "GetAll", controller = "Drivers"}. Executing controller action with signature System.Threading.Tasks.Task`1[Microsoft.AspNetCore.Mvc.IActionResult] GetAll(System.String) on controller PelindoCarLoan.API.Controllers.DriversController (PelindoCarLoan.API).
2026-01-07 22:02:19.047 +07:00 [INF] Route matched with {action = "GetAll", controller = "Vehicles"}. Executing controller action with signature System.Threading.Tasks.Task`1[Microsoft.AspNetCore.Mvc.IActionResult] GetAll(System.String) on controller PelindoCarLoan.API.Controllers.VehiclesController (PelindoCarLoan.API).
2026-01-07 22:02:19.059 +07:00 [INF] Executing OkObjectResult, writing value of type 'PelindoCarLoan.API.DTOs.ApiResponse`1[[System.Collections.Generic.IEnumerable`1[[PelindoCarLoan.API.DTOs.DriverDto, PelindoCarLoan.API, Version=1.0.0.0, Culture=neutral, PublicKeyToken=null]], System.Private.CoreLib, Version=8.0.0.0, Culture=neutral, PublicKeyToken=7cec85d7bea7798e]]'.
2026-01-07 22:02:19.059 +07:00 [INF] Executing OkObjectResult, writing value of type 'PelindoCarLoan.API.DTOs.ApiResponse`1[[System.Collections.Generic.IEnumerable`1[[PelindoCarLoan.API.DTOs.VehicleDto, PelindoCarLoan.API, Version=1.0.0.0, Culture=neutral, PublicKeyToken=null]], System.Private.CoreLib, Version=8.0.0.0, Culture=neutral, PublicKeyToken=7cec85d7bea7798e]]'.
2026-01-07 22:02:19.062 +07:00 [INF] Executed action PelindoCarLoan.API.Controllers.DriversController.GetAll (PelindoCarLoan.API) in 13.3137ms
2026-01-07 22:02:19.065 +07:00 [INF] Executed action PelindoCarLoan.API.Controllers.VehiclesController.GetAll (PelindoCarLoan.API) in 12.807ms
2026-01-07 22:02:19.068 +07:00 [INF] Executed endpoint 'PelindoCarLoan.API.Controllers.DriversController.GetAll (PelindoCarLoan.API)'
2026-01-07 22:02:19.070 +07:00 [INF] Executed endpoint 'PelindoCarLoan.API.Controllers.VehiclesController.GetAll (PelindoCarLoan.API)'
2026-01-07 22:02:19.073 +07:00 [INF] Request finished HTTP/1.1 GET http://localhost:5000/api/drivers - 200 null application/json; charset=utf-8 49.3911ms
2026-01-07 22:02:19.075 +07:00 [INF] Request finished HTTP/1.1 GET http://localhost:5000/api/vehicles - 200 null application/json; charset=utf-8 44.2848ms
2026-01-07 22:04:51.542 +07:00 [INF] Request starting HTTP/1.1 OPTIONS http://localhost:5000/api/loanrequests - null null
2026-01-07 22:04:51.558 +07:00 [INF] CORS policy execution successful.
2026-01-07 22:04:51.563 +07:00 [INF] Request finished HTTP/1.1 OPTIONS http://localhost:5000/api/loanrequests - 204 null null 21.698ms
2026-01-07 22:04:51.585 +07:00 [INF] Request starting HTTP/1.1 POST http://localhost:5000/api/loanrequests - application/json 270
2026-01-07 22:04:51.600 +07:00 [INF] CORS policy execution successful.
2026-01-07 22:04:51.607 +07:00 [INF] Executing endpoint 'PelindoCarLoan.API.Controllers.LoanRequestsController.Create (PelindoCarLoan.API)'
2026-01-07 22:04:51.626 +07:00 [INF] Route matched with {action = "Create", controller = "LoanRequests"}. Executing controller action with signature System.Threading.Tasks.Task`1[Microsoft.AspNetCore.Mvc.IActionResult] Create(PelindoCarLoan.API.DTOs.CreateLoanRequestDto) on controller PelindoCarLoan.API.Controllers.LoanRequestsController (PelindoCarLoan.API).
2026-01-07 22:04:51.671 +07:00 [INF] Executing BadRequestObjectResult, writing value of type 'Microsoft.AspNetCore.Mvc.ValidationProblemDetails'.
2026-01-07 22:04:51.726 +07:00 [INF] Executed action PelindoCarLoan.API.Controllers.LoanRequestsController.Create (PelindoCarLoan.API) in 88.5097ms
2026-01-07 22:04:51.735 +07:00 [INF] Executed endpoint 'PelindoCarLoan.API.Controllers.LoanRequestsController.Create (PelindoCarLoan.API)'
2026-01-07 22:04:51.742 +07:00 [INF] Request finished HTTP/1.1 POST http://localhost:5000/api/loanrequests - 400 null application/problem+json; charset=utf-8 157.5138ms
2026-01-07 22:05:50.134 +07:00 [INF] Request starting HTTP/1.1 OPTIONS http://localhost:5000/api/vehicles - null null
2026-01-07 22:05:50.136 +07:00 [INF] Request starting HTTP/1.1 OPTIONS http://localhost:5000/api/drivers - null null
2026-01-07 22:05:50.146 +07:00 [INF] CORS policy execution successful.
2026-01-07 22:05:50.157 +07:00 [INF] CORS policy execution successful.
2026-01-07 22:05:50.160 +07:00 [INF] Request finished HTTP/1.1 OPTIONS http://localhost:5000/api/vehicles - 204 null null 26.4547ms
2026-01-07 22:05:50.164 +07:00 [INF] Request finished HTTP/1.1 OPTIONS http://localhost:5000/api/drivers - 204 null null 28.4362ms
2026-01-07 22:05:50.179 +07:00 [INF] Request starting HTTP/1.1 GET http://localhost:5000/api/vehicles - null null
2026-01-07 22:05:50.191 +07:00 [INF] Request starting HTTP/1.1 GET http://localhost:5000/api/drivers - null null
2026-01-07 22:05:50.199 +07:00 [INF] CORS policy execution successful.
2026-01-07 22:05:50.204 +07:00 [INF] CORS policy execution successful.
2026-01-07 22:05:50.206 +07:00 [INF] Executing endpoint 'PelindoCarLoan.API.Controllers.VehiclesController.GetAll (PelindoCarLoan.API)'
2026-01-07 22:05:50.207 +07:00 [INF] Executing endpoint 'PelindoCarLoan.API.Controllers.DriversController.GetAll (PelindoCarLoan.API)'
2026-01-07 22:05:50.210 +07:00 [INF] Route matched with {action = "GetAll", controller = "Vehicles"}. Executing controller action with signature System.Threading.Tasks.Task`1[Microsoft.AspNetCore.Mvc.IActionResult] GetAll(System.String) on controller PelindoCarLoan.API.Controllers.VehiclesController (PelindoCarLoan.API).
2026-01-07 22:05:50.212 +07:00 [INF] Route matched with {action = "GetAll", controller = "Drivers"}. Executing controller action with signature System.Threading.Tasks.Task`1[Microsoft.AspNetCore.Mvc.IActionResult] GetAll(System.String) on controller PelindoCarLoan.API.Controllers.DriversController (PelindoCarLoan.API).
2026-01-07 22:05:50.234 +07:00 [INF] Executing OkObjectResult, writing value of type 'PelindoCarLoan.API.DTOs.ApiResponse`1[[System.Collections.Generic.IEnumerable`1[[PelindoCarLoan.API.DTOs.VehicleDto, PelindoCarLoan.API, Version=1.0.0.0, Culture=neutral, PublicKeyToken=null]], System.Private.CoreLib, Version=8.0.0.0, Culture=neutral, PublicKeyToken=7cec85d7bea7798e]]'.
2026-01-07 22:05:50.236 +07:00 [INF] Executing OkObjectResult, writing value of type 'PelindoCarLoan.API.DTOs.ApiResponse`1[[System.Collections.Generic.IEnumerable`1[[PelindoCarLoan.API.DTOs.DriverDto, PelindoCarLoan.API, Version=1.0.0.0, Culture=neutral, PublicKeyToken=null]], System.Private.CoreLib, Version=8.0.0.0, Culture=neutral, PublicKeyToken=7cec85d7bea7798e]]'.
2026-01-07 22:05:50.238 +07:00 [INF] Executed action PelindoCarLoan.API.Controllers.VehiclesController.GetAll (PelindoCarLoan.API) in 20.6256ms
2026-01-07 22:05:50.243 +07:00 [INF] Executed action PelindoCarLoan.API.Controllers.DriversController.GetAll (PelindoCarLoan.API) in 21.9183ms
2026-01-07 22:05:50.246 +07:00 [INF] Executed endpoint 'PelindoCarLoan.API.Controllers.VehiclesController.GetAll (PelindoCarLoan.API)'
2026-01-07 22:05:50.250 +07:00 [INF] Executed endpoint 'PelindoCarLoan.API.Controllers.DriversController.GetAll (PelindoCarLoan.API)'
2026-01-07 22:05:50.253 +07:00 [INF] Request finished HTTP/1.1 GET http://localhost:5000/api/vehicles - 200 null application/json; charset=utf-8 73.4556ms
2026-01-07 22:05:50.254 +07:00 [INF] Request finished HTTP/1.1 GET http://localhost:5000/api/drivers - 200 null application/json; charset=utf-8 63.6511ms
2026-01-07 22:07:32.216 +07:00 [INF] Application is shutting down...
2026-01-07 22:12:48.848 +07:00 [INF] Pelindo Car Loan API started successfully
2026-01-07 22:12:48.921 +07:00 [INF] User profile is available. Using 'C:\Users\abima\AppData\Local\ASP.NET\DataProtection-Keys' as key repository and Windows DPAPI to encrypt keys at rest.
2026-01-07 22:12:48.989 +07:00 [INF] Now listening on: http://localhost:5000
2026-01-07 22:12:48.994 +07:00 [INF] Application started. Press Ctrl+C to shut down.
2026-01-07 22:12:48.996 +07:00 [INF] Hosting environment: Production
2026-01-07 22:12:48.999 +07:00 [INF] Content root path: C:\Users\abima\Desktop\Project\Pelindo\pelindo-car-loan\backend\PelindoCarLoan.API
2026-01-07 22:13:11.636 +07:00 [INF] Request starting HTTP/1.1 OPTIONS http://localhost:5000/api/loanrequests - null null
2026-01-07 22:13:11.736 +07:00 [INF] CORS policy execution successful.
2026-01-07 22:13:11.754 +07:00 [INF] Request finished HTTP/1.1 OPTIONS http://localhost:5000/api/loanrequests - 204 null null 122.0985ms
2026-01-07 22:13:11.790 +07:00 [INF] Request starting HTTP/1.1 POST http://localhost:5000/api/loanrequests - application/json 270
2026-01-07 22:13:11.816 +07:00 [INF] CORS policy execution successful.
2026-01-07 22:13:11.825 +07:00 [WRN] Failed to determine the https port for redirect.
2026-01-07 22:13:12.056 +07:00 [INF] Executing endpoint 'PelindoCarLoan.API.Controllers.LoanRequestsController.Create (PelindoCarLoan.API)'
2026-01-07 22:13:12.082 +07:00 [INF] Route matched with {action = "Create", controller = "LoanRequests"}. Executing controller action with signature System.Threading.Tasks.Task`1[Microsoft.AspNetCore.Mvc.IActionResult] Create(PelindoCarLoan.API.DTOs.CreateLoanRequestDto) on controller PelindoCarLoan.API.Controllers.LoanRequestsController (PelindoCarLoan.API).
2026-01-07 22:13:12.140 +07:00 [INF] Executing BadRequestObjectResult, writing value of type 'Microsoft.AspNetCore.Mvc.ValidationProblemDetails'.
2026-01-07 22:13:12.174 +07:00 [INF] Executed action PelindoCarLoan.API.Controllers.LoanRequestsController.Create (PelindoCarLoan.API) in 81.9901ms
2026-01-07 22:13:12.180 +07:00 [INF] Executed endpoint 'PelindoCarLoan.API.Controllers.LoanRequestsController.Create (PelindoCarLoan.API)'
2026-01-07 22:13:12.183 +07:00 [INF] Request finished HTTP/1.1 POST http://localhost:5000/api/loanrequests - 400 null application/problem+json; charset=utf-8 393.1364ms
2026-01-07 22:13:19.518 +07:00 [INF] Request starting HTTP/1.1 OPTIONS http://localhost:5000/api/loanrequests - null null
2026-01-07 22:13:19.540 +07:00 [INF] CORS policy execution successful.
2026-01-07 22:13:19.547 +07:00 [INF] Request finished HTTP/1.1 OPTIONS http://localhost:5000/api/loanrequests - 204 null null 29.2681ms
2026-01-07 22:13:19.571 +07:00 [INF] Request starting HTTP/1.1 POST http://localhost:5000/api/loanrequests - application/json 276
2026-01-07 22:13:19.591 +07:00 [INF] CORS policy execution successful.
2026-01-07 22:13:19.609 +07:00 [INF] Executing endpoint 'PelindoCarLoan.API.Controllers.LoanRequestsController.Create (PelindoCarLoan.API)'
2026-01-07 22:13:19.617 +07:00 [INF] Route matched with {action = "Create", controller = "LoanRequests"}. Executing controller action with signature System.Threading.Tasks.Task`1[Microsoft.AspNetCore.Mvc.IActionResult] Create(PelindoCarLoan.API.DTOs.CreateLoanRequestDto) on controller PelindoCarLoan.API.Controllers.LoanRequestsController (PelindoCarLoan.API).
2026-01-07 22:13:19.639 +07:00 [INF] Executing BadRequestObjectResult, writing value of type 'Microsoft.AspNetCore.Mvc.ValidationProblemDetails'.
2026-01-07 22:13:19.650 +07:00 [INF] Executed action PelindoCarLoan.API.Controllers.LoanRequestsController.Create (PelindoCarLoan.API) in 18.3897ms
2026-01-07 22:13:19.661 +07:00 [INF] Executed endpoint 'PelindoCarLoan.API.Controllers.LoanRequestsController.Create (PelindoCarLoan.API)'
2026-01-07 22:13:19.670 +07:00 [INF] Request finished HTTP/1.1 POST http://localhost:5000/api/loanrequests - 400 null application/problem+json; charset=utf-8 98.2842ms
2026-01-07 22:13:39.353 +07:00 [INF] Application is shutting down...
2026-01-07 22:14:02.735 +07:00 [INF] Pelindo Car Loan API started successfully
2026-01-07 22:14:02.810 +07:00 [INF] User profile is available. Using 'C:\Users\abima\AppData\Local\ASP.NET\DataProtection-Keys' as key repository and Windows DPAPI to encrypt keys at rest.
2026-01-07 22:14:02.883 +07:00 [INF] Now listening on: http://localhost:5000
2026-01-07 22:14:02.888 +07:00 [INF] Application started. Press Ctrl+C to shut down.
2026-01-07 22:14:02.891 +07:00 [INF] Hosting environment: Production
2026-01-07 22:14:02.894 +07:00 [INF] Content root path: C:\Users\abima\Desktop\Project\Pelindo\pelindo-car-loan\backend\PelindoCarLoan.API
2026-01-07 22:14:03.051 +07:00 [INF] Request starting HTTP/1.1 OPTIONS http://localhost:5000/api/loanrequests/my-requests - null null
2026-01-07 22:14:03.085 +07:00 [INF] CORS policy execution successful.
2026-01-07 22:14:03.093 +07:00 [INF] Request finished HTTP/1.1 OPTIONS http://localhost:5000/api/loanrequests/my-requests - 204 null null 43.5389ms
2026-01-07 22:14:03.107 +07:00 [INF] Request starting HTTP/1.1 GET http://localhost:5000/api/loanrequests/my-requests - null null
2026-01-07 22:14:03.116 +07:00 [INF] CORS policy execution successful.
2026-01-07 22:14:03.120 +07:00 [WRN] Failed to determine the https port for redirect.
2026-01-07 22:14:03.230 +07:00 [INF] Executing endpoint 'PelindoCarLoan.API.Controllers.LoanRequestsController.GetMyRequests (PelindoCarLoan.API)'
2026-01-07 22:14:03.250 +07:00 [INF] Route matched with {action = "GetMyRequests", controller = "LoanRequests"}. Executing controller action with signature System.Threading.Tasks.Task`1[Microsoft.AspNetCore.Mvc.IActionResult] GetMyRequests() on controller PelindoCarLoan.API.Controllers.LoanRequestsController (PelindoCarLoan.API).
2026-01-07 22:14:03.860 +07:00 [INF] Executing OkObjectResult, writing value of type 'PelindoCarLoan.API.DTOs.ApiResponse`1[[System.Collections.Generic.IEnumerable`1[[PelindoCarLoan.API.DTOs.LoanRequestListDto, PelindoCarLoan.API, Version=1.0.0.0, Culture=neutral, PublicKeyToken=null]], System.Private.CoreLib, Version=8.0.0.0, Culture=neutral, PublicKeyToken=7cec85d7bea7798e]]'.
2026-01-07 22:14:03.909 +07:00 [INF] Executed action PelindoCarLoan.API.Controllers.LoanRequestsController.GetMyRequests (PelindoCarLoan.API) in 650.2381ms
2026-01-07 22:14:03.914 +07:00 [INF] Executed endpoint 'PelindoCarLoan.API.Controllers.LoanRequestsController.GetMyRequests (PelindoCarLoan.API)'
2026-01-07 22:14:03.917 +07:00 [INF] Request finished HTTP/1.1 GET http://localhost:5000/api/loanrequests/my-requests - 200 null application/json; charset=utf-8 809.5334ms
2026-01-07 22:14:09.171 +07:00 [INF] Request starting HTTP/1.1 OPTIONS http://localhost:5000/api/vehicles - null null
2026-01-07 22:14:09.172 +07:00 [INF] Request starting HTTP/1.1 OPTIONS http://localhost:5000/api/drivers - null null
2026-01-07 22:14:09.195 +07:00 [INF] CORS policy execution successful.
2026-01-07 22:14:09.188 +07:00 [INF] CORS policy execution successful.
2026-01-07 22:14:09.202 +07:00 [INF] Request finished HTTP/1.1 OPTIONS http://localhost:5000/api/drivers - 204 null null 30.1503ms
2026-01-07 22:14:09.212 +07:00 [INF] Request finished HTTP/1.1 OPTIONS http://localhost:5000/api/vehicles - 204 null null 41.1735ms
2026-01-07 22:14:09.233 +07:00 [INF] Request starting HTTP/1.1 GET http://localhost:5000/api/drivers - null null
2026-01-07 22:14:09.248 +07:00 [INF] Request starting HTTP/1.1 GET http://localhost:5000/api/vehicles - null null
2026-01-07 22:14:09.261 +07:00 [INF] CORS policy execution successful.
2026-01-07 22:14:09.277 +07:00 [INF] CORS policy execution successful.
2026-01-07 22:14:09.298 +07:00 [INF] Executing endpoint 'PelindoCarLoan.API.Controllers.DriversController.GetAll (PelindoCarLoan.API)'
2026-01-07 22:14:09.301 +07:00 [INF] Executing endpoint 'PelindoCarLoan.API.Controllers.VehiclesController.GetAll (PelindoCarLoan.API)'
2026-01-07 22:14:09.322 +07:00 [INF] Route matched with {action = "GetAll", controller = "Drivers"}. Executing controller action with signature System.Threading.Tasks.Task`1[Microsoft.AspNetCore.Mvc.IActionResult] GetAll(System.String) on controller PelindoCarLoan.API.Controllers.DriversController (PelindoCarLoan.API).
2026-01-07 22:14:09.322 +07:00 [INF] Route matched with {action = "GetAll", controller = "Vehicles"}. Executing controller action with signature System.Threading.Tasks.Task`1[Microsoft.AspNetCore.Mvc.IActionResult] GetAll(System.String) on controller PelindoCarLoan.API.Controllers.VehiclesController (PelindoCarLoan.API).
2026-01-07 22:14:09.474 +07:00 [INF] Executing OkObjectResult, writing value of type 'PelindoCarLoan.API.DTOs.ApiResponse`1[[System.Collections.Generic.IEnumerable`1[[PelindoCarLoan.API.DTOs.VehicleDto, PelindoCarLoan.API, Version=1.0.0.0, Culture=neutral, PublicKeyToken=null]], System.Private.CoreLib, Version=8.0.0.0, Culture=neutral, PublicKeyToken=7cec85d7bea7798e]]'.
2026-01-07 22:14:09.482 +07:00 [INF] Executing OkObjectResult, writing value of type 'PelindoCarLoan.API.DTOs.ApiResponse`1[[System.Collections.Generic.IEnumerable`1[[PelindoCarLoan.API.DTOs.DriverDto, PelindoCarLoan.API, Version=1.0.0.0, Culture=neutral, PublicKeyToken=null]], System.Private.CoreLib, Version=8.0.0.0, Culture=neutral, PublicKeyToken=7cec85d7bea7798e]]'.
2026-01-07 22:14:09.496 +07:00 [INF] Executed action PelindoCarLoan.API.Controllers.VehiclesController.GetAll (PelindoCarLoan.API) in 166.3268ms
2026-01-07 22:14:09.500 +07:00 [INF] Executed action PelindoCarLoan.API.Controllers.DriversController.GetAll (PelindoCarLoan.API) in 174.7962ms
2026-01-07 22:14:09.501 +07:00 [INF] Executed endpoint 'PelindoCarLoan.API.Controllers.VehiclesController.GetAll (PelindoCarLoan.API)'
2026-01-07 22:14:09.505 +07:00 [INF] Executed endpoint 'PelindoCarLoan.API.Controllers.DriversController.GetAll (PelindoCarLoan.API)'
2026-01-07 22:14:09.508 +07:00 [INF] Request finished HTTP/1.1 GET http://localhost:5000/api/vehicles - 200 null application/json; charset=utf-8 260.3547ms
2026-01-07 22:14:09.511 +07:00 [INF] Request finished HTTP/1.1 GET http://localhost:5000/api/drivers - 200 null application/json; charset=utf-8 278.8668ms
2026-01-07 22:14:30.017 +07:00 [INF] Request starting HTTP/1.1 OPTIONS http://localhost:5000/api/loanrequests - null null
2026-01-07 22:14:30.035 +07:00 [INF] CORS policy execution successful.
2026-01-07 22:14:30.041 +07:00 [INF] Request finished HTTP/1.1 OPTIONS http://localhost:5000/api/loanrequests - 204 null null 24.3713ms
2026-01-07 22:14:30.064 +07:00 [INF] Request starting HTTP/1.1 POST http://localhost:5000/api/loanrequests - application/json 278
2026-01-07 22:14:30.084 +07:00 [INF] CORS policy execution successful.
2026-01-07 22:14:30.098 +07:00 [INF] Executing endpoint 'PelindoCarLoan.API.Controllers.LoanRequestsController.Create (PelindoCarLoan.API)'
2026-01-07 22:14:30.122 +07:00 [INF] Route matched with {action = "Create", controller = "LoanRequests"}. Executing controller action with signature System.Threading.Tasks.Task`1[Microsoft.AspNetCore.Mvc.IActionResult] Create(PelindoCarLoan.API.DTOs.CreateLoanRequestDto) on controller PelindoCarLoan.API.Controllers.LoanRequestsController (PelindoCarLoan.API).
2026-01-07 22:14:30.207 +07:00 [INF] Executing BadRequestObjectResult, writing value of type 'Microsoft.AspNetCore.Mvc.ValidationProblemDetails'.
2026-01-07 22:14:30.266 +07:00 [INF] Executed action PelindoCarLoan.API.Controllers.LoanRequestsController.Create (PelindoCarLoan.API) in 131.4245ms
2026-01-07 22:14:30.276 +07:00 [INF] Executed endpoint 'PelindoCarLoan.API.Controllers.LoanRequestsController.Create (PelindoCarLoan.API)'
2026-01-07 22:14:30.285 +07:00 [INF] Request finished HTTP/1.1 POST http://localhost:5000/api/loanrequests - 400 null application/problem+json; charset=utf-8 220.9982ms
2026-01-07 22:15:33.139 +07:00 [INF] Application is shutting down...
2026-01-07 22:18:34.212 +07:00 [INF] Pelindo Car Loan API started successfully
2026-01-07 22:18:34.283 +07:00 [INF] User profile is available. Using 'C:\Users\abima\AppData\Local\ASP.NET\DataProtection-Keys' as key repository and Windows DPAPI to encrypt keys at rest.
2026-01-07 22:18:34.351 +07:00 [INF] Now listening on: http://localhost:5000
2026-01-07 22:18:34.355 +07:00 [INF] Application started. Press Ctrl+C to shut down.
2026-01-07 22:18:34.357 +07:00 [INF] Hosting environment: Production
2026-01-07 22:18:34.358 +07:00 [INF] Content root path: C:\Users\abima\Desktop\Project\Pelindo\pelindo-car-loan\backend\PelindoCarLoan.API
2026-01-07 22:18:39.983 +07:00 [INF] Request starting HTTP/1.1 OPTIONS http://localhost:5000/api/loanrequests - null null
2026-01-07 22:18:40.030 +07:00 [INF] CORS policy execution successful.
2026-01-07 22:18:40.039 +07:00 [INF] Request finished HTTP/1.1 OPTIONS http://localhost:5000/api/loanrequests - 204 null null 61.7778ms
2026-01-07 22:18:40.054 +07:00 [INF] Request starting HTTP/1.1 POST http://localhost:5000/api/loanrequests - application/json 278
2026-01-07 22:18:40.062 +07:00 [INF] CORS policy execution successful.
2026-01-07 22:18:40.065 +07:00 [WRN] Failed to determine the https port for redirect.
2026-01-07 22:18:40.179 +07:00 [INF] Executing endpoint 'PelindoCarLoan.API.Controllers.LoanRequestsController.Create (PelindoCarLoan.API)'
2026-01-07 22:18:40.206 +07:00 [INF] Route matched with {action = "Create", controller = "LoanRequests"}. Executing controller action with signature System.Threading.Tasks.Task`1[Microsoft.AspNetCore.Mvc.IActionResult] Create(PelindoCarLoan.API.DTOs.CreateLoanRequestDto) on controller PelindoCarLoan.API.Controllers.LoanRequestsController (PelindoCarLoan.API).
2026-01-07 22:18:40.268 +07:00 [INF] Executing BadRequestObjectResult, writing value of type 'Microsoft.AspNetCore.Mvc.ValidationProblemDetails'.
2026-01-07 22:18:40.304 +07:00 [INF] Executed action PelindoCarLoan.API.Controllers.LoanRequestsController.Create (PelindoCarLoan.API) in 87.27ms
2026-01-07 22:18:40.308 +07:00 [INF] Executed endpoint 'PelindoCarLoan.API.Controllers.LoanRequestsController.Create (PelindoCarLoan.API)'
2026-01-07 22:18:40.310 +07:00 [INF] Request finished HTTP/1.1 POST http://localhost:5000/api/loanrequests - 400 null application/problem+json; charset=utf-8 256.5136ms
2026-01-07 22:18:45.059 +07:00 [INF] Request starting HTTP/1.1 OPTIONS http://localhost:5000/api/loanrequests - null null
2026-01-07 22:18:45.080 +07:00 [INF] CORS policy execution successful.
2026-01-07 22:18:45.088 +07:00 [INF] Request finished HTTP/1.1 OPTIONS http://localhost:5000/api/loanrequests - 204 null null 28.4567ms
2026-01-07 22:18:45.111 +07:00 [INF] Request starting HTTP/1.1 POST http://localhost:5000/api/loanrequests - application/json 278
2026-01-07 22:18:45.129 +07:00 [INF] CORS policy execution successful.
2026-01-07 22:18:45.147 +07:00 [INF] Executing endpoint 'PelindoCarLoan.API.Controllers.LoanRequestsController.Create (PelindoCarLoan.API)'
2026-01-07 22:18:45.157 +07:00 [INF] Route matched with {action = "Create", controller = "LoanRequests"}. Executing controller action with signature System.Threading.Tasks.Task`1[Microsoft.AspNetCore.Mvc.IActionResult] Create(PelindoCarLoan.API.DTOs.CreateLoanRequestDto) on controller PelindoCarLoan.API.Controllers.LoanRequestsController (PelindoCarLoan.API).
2026-01-07 22:18:45.178 +07:00 [INF] Executing BadRequestObjectResult, writing value of type 'Microsoft.AspNetCore.Mvc.ValidationProblemDetails'.
2026-01-07 22:18:45.191 +07:00 [INF] Executed action PelindoCarLoan.API.Controllers.LoanRequestsController.Create (PelindoCarLoan.API) in 19.5264ms
2026-01-07 22:18:45.200 +07:00 [INF] Executed endpoint 'PelindoCarLoan.API.Controllers.LoanRequestsController.Create (PelindoCarLoan.API)'
2026-01-07 22:18:45.209 +07:00 [INF] Request finished HTTP/1.1 POST http://localhost:5000/api/loanrequests - 400 null application/problem+json; charset=utf-8 97.9086ms
2026-01-07 22:18:45.762 +07:00 [INF] Request starting HTTP/1.1 POST http://localhost:5000/api/loanrequests - application/json 278
2026-01-07 22:18:45.779 +07:00 [INF] CORS policy execution successful.
2026-01-07 22:18:45.797 +07:00 [INF] Executing endpoint 'PelindoCarLoan.API.Controllers.LoanRequestsController.Create (PelindoCarLoan.API)'
2026-01-07 22:18:45.805 +07:00 [INF] Route matched with {action = "Create", controller = "LoanRequests"}. Executing controller action with signature System.Threading.Tasks.Task`1[Microsoft.AspNetCore.Mvc.IActionResult] Create(PelindoCarLoan.API.DTOs.CreateLoanRequestDto) on controller PelindoCarLoan.API.Controllers.LoanRequestsController (PelindoCarLoan.API).
2026-01-07 22:18:45.830 +07:00 [INF] Executing BadRequestObjectResult, writing value of type 'Microsoft.AspNetCore.Mvc.ValidationProblemDetails'.
2026-01-07 22:18:45.840 +07:00 [INF] Executed action PelindoCarLoan.API.Controllers.LoanRequestsController.Create (PelindoCarLoan.API) in 22.5812ms
2026-01-07 22:18:45.850 +07:00 [INF] Executed endpoint 'PelindoCarLoan.API.Controllers.LoanRequestsController.Create (PelindoCarLoan.API)'
2026-01-07 22:18:45.857 +07:00 [INF] Request finished HTTP/1.1 POST http://localhost:5000/api/loanrequests - 400 null application/problem+json; charset=utf-8 95.3214ms
2026-01-07 22:18:45.948 +07:00 [INF] Request starting HTTP/1.1 POST http://localhost:5000/api/loanrequests - application/json 278
2026-01-07 22:18:45.966 +07:00 [INF] CORS policy execution successful.
2026-01-07 22:18:45.973 +07:00 [INF] Executing endpoint 'PelindoCarLoan.API.Controllers.LoanRequestsController.Create (PelindoCarLoan.API)'
2026-01-07 22:18:45.979 +07:00 [INF] Route matched with {action = "Create", controller = "LoanRequests"}. Executing controller action with signature System.Threading.Tasks.Task`1[Microsoft.AspNetCore.Mvc.IActionResult] Create(PelindoCarLoan.API.DTOs.CreateLoanRequestDto) on controller PelindoCarLoan.API.Controllers.LoanRequestsController (PelindoCarLoan.API).
2026-01-07 22:18:45.989 +07:00 [INF] Executing BadRequestObjectResult, writing value of type 'Microsoft.AspNetCore.Mvc.ValidationProblemDetails'.
2026-01-07 22:18:45.994 +07:00 [INF] Executed action PelindoCarLoan.API.Controllers.LoanRequestsController.Create (PelindoCarLoan.API) in 8.2706ms
2026-01-07 22:18:45.997 +07:00 [INF] Executed endpoint 'PelindoCarLoan.API.Controllers.LoanRequestsController.Create (PelindoCarLoan.API)'
2026-01-07 22:18:45.999 +07:00 [INF] Request finished HTTP/1.1 POST http://localhost:5000/api/loanrequests - 400 null application/problem+json; charset=utf-8 51.0455ms
2026-01-07 22:20:16.713 +07:00 [INF] Request starting HTTP/1.1 OPTIONS http://localhost:5000/api/loanrequests/my-requests - null null
2026-01-07 22:20:16.720 +07:00 [INF] CORS policy execution successful.
2026-01-07 22:20:16.723 +07:00 [INF] Request finished HTTP/1.1 OPTIONS http://localhost:5000/api/loanrequests/my-requests - 204 null null 9.379ms
2026-01-07 22:20:16.731 +07:00 [INF] Request starting HTTP/1.1 GET http://localhost:5000/api/loanrequests/my-requests - null null
2026-01-07 22:20:16.738 +07:00 [INF] CORS policy execution successful.
2026-01-07 22:20:16.740 +07:00 [INF] Executing endpoint 'PelindoCarLoan.API.Controllers.LoanRequestsController.GetMyRequests (PelindoCarLoan.API)'
2026-01-07 22:20:16.754 +07:00 [INF] Route matched with {action = "GetMyRequests", controller = "LoanRequests"}. Executing controller action with signature System.Threading.Tasks.Task`1[Microsoft.AspNetCore.Mvc.IActionResult] GetMyRequests() on controller PelindoCarLoan.API.Controllers.LoanRequestsController (PelindoCarLoan.API).
2026-01-07 22:20:17.663 +07:00 [INF] Executing OkObjectResult, writing value of type 'PelindoCarLoan.API.DTOs.ApiResponse`1[[System.Collections.Generic.IEnumerable`1[[PelindoCarLoan.API.DTOs.LoanRequestListDto, PelindoCarLoan.API, Version=1.0.0.0, Culture=neutral, PublicKeyToken=null]], System.Private.CoreLib, Version=8.0.0.0, Culture=neutral, PublicKeyToken=7cec85d7bea7798e]]'.
2026-01-07 22:20:17.722 +07:00 [INF] Executed action PelindoCarLoan.API.Controllers.LoanRequestsController.GetMyRequests (PelindoCarLoan.API) in 962.6671ms
2026-01-07 22:20:17.732 +07:00 [INF] Executed endpoint 'PelindoCarLoan.API.Controllers.LoanRequestsController.GetMyRequests (PelindoCarLoan.API)'
2026-01-07 22:20:17.743 +07:00 [INF] Request finished HTTP/1.1 GET http://localhost:5000/api/loanrequests/my-requests - 200 null application/json; charset=utf-8 1012.0862ms
2026-01-07 22:20:18.478 +07:00 [INF] Request starting HTTP/1.1 GET http://localhost:5000/api/loanrequests/my-requests - null null
2026-01-07 22:20:18.491 +07:00 [INF] CORS policy execution successful.
2026-01-07 22:20:18.506 +07:00 [INF] Executing endpoint 'PelindoCarLoan.API.Controllers.LoanRequestsController.GetMyRequests (PelindoCarLoan.API)'
2026-01-07 22:20:18.510 +07:00 [INF] Route matched with {action = "GetMyRequests", controller = "LoanRequests"}. Executing controller action with signature System.Threading.Tasks.Task`1[Microsoft.AspNetCore.Mvc.IActionResult] GetMyRequests() on controller PelindoCarLoan.API.Controllers.LoanRequestsController (PelindoCarLoan.API).
2026-01-07 22:20:18.552 +07:00 [INF] Executing OkObjectResult, writing value of type 'PelindoCarLoan.API.DTOs.ApiResponse`1[[System.Collections.Generic.IEnumerable`1[[PelindoCarLoan.API.DTOs.LoanRequestListDto, PelindoCarLoan.API, Version=1.0.0.0, Culture=neutral, PublicKeyToken=null]], System.Private.CoreLib, Version=8.0.0.0, Culture=neutral, PublicKeyToken=7cec85d7bea7798e]]'.
2026-01-07 22:20:18.555 +07:00 [INF] Executed action PelindoCarLoan.API.Controllers.LoanRequestsController.GetMyRequests (PelindoCarLoan.API) in 39.9552ms
2026-01-07 22:20:18.558 +07:00 [INF] Executed endpoint 'PelindoCarLoan.API.Controllers.LoanRequestsController.GetMyRequests (PelindoCarLoan.API)'
2026-01-07 22:20:18.560 +07:00 [INF] Request finished HTTP/1.1 GET http://localhost:5000/api/loanrequests/my-requests - 200 null application/json; charset=utf-8 81.4585ms
2026-01-07 22:20:24.147 +07:00 [INF] Request starting HTTP/1.1 OPTIONS http://localhost:5000/api/vehicles - null null
2026-01-07 22:20:24.149 +07:00 [INF] Request starting HTTP/1.1 OPTIONS http://localhost:5000/api/drivers - null null
2026-01-07 22:20:24.154 +07:00 [INF] CORS policy execution successful.
2026-01-07 22:20:24.159 +07:00 [INF] CORS policy execution successful.
2026-01-07 22:20:24.161 +07:00 [INF] Request finished HTTP/1.1 OPTIONS http://localhost:5000/api/vehicles - 204 null null 13.7767ms
2026-01-07 22:20:24.162 +07:00 [INF] Request finished HTTP/1.1 OPTIONS http://localhost:5000/api/drivers - 204 null null 13.6936ms
2026-01-07 22:20:24.170 +07:00 [INF] Request starting HTTP/1.1 GET http://localhost:5000/api/vehicles - null null
2026-01-07 22:20:24.177 +07:00 [INF] Request starting HTTP/1.1 GET http://localhost:5000/api/drivers - null null
2026-01-07 22:20:24.181 +07:00 [INF] CORS policy execution successful.
2026-01-07 22:20:24.186 +07:00 [INF] CORS policy execution successful.
2026-01-07 22:20:24.189 +07:00 [INF] Executing endpoint 'PelindoCarLoan.API.Controllers.VehiclesController.GetAll (PelindoCarLoan.API)'
2026-01-07 22:20:24.190 +07:00 [INF] Executing endpoint 'PelindoCarLoan.API.Controllers.DriversController.GetAll (PelindoCarLoan.API)'
2026-01-07 22:20:24.196 +07:00 [INF] Route matched with {action = "GetAll", controller = "Vehicles"}. Executing controller action with signature System.Threading.Tasks.Task`1[Microsoft.AspNetCore.Mvc.IActionResult] GetAll(System.String) on controller PelindoCarLoan.API.Controllers.VehiclesController (PelindoCarLoan.API).
2026-01-07 22:20:24.196 +07:00 [INF] Route matched with {action = "GetAll", controller = "Drivers"}. Executing controller action with signature System.Threading.Tasks.Task`1[Microsoft.AspNetCore.Mvc.IActionResult] GetAll(System.String) on controller PelindoCarLoan.API.Controllers.DriversController (PelindoCarLoan.API).
2026-01-07 22:20:24.321 +07:00 [INF] Executing OkObjectResult, writing value of type 'PelindoCarLoan.API.DTOs.ApiResponse`1[[System.Collections.Generic.IEnumerable`1[[PelindoCarLoan.API.DTOs.VehicleDto, PelindoCarLoan.API, Version=1.0.0.0, Culture=neutral, PublicKeyToken=null]], System.Private.CoreLib, Version=8.0.0.0, Culture=neutral, PublicKeyToken=7cec85d7bea7798e]]'.
2026-01-07 22:20:24.327 +07:00 [INF] Executing OkObjectResult, writing value of type 'PelindoCarLoan.API.DTOs.ApiResponse`1[[System.Collections.Generic.IEnumerable`1[[PelindoCarLoan.API.DTOs.DriverDto, PelindoCarLoan.API, Version=1.0.0.0, Culture=neutral, PublicKeyToken=null]], System.Private.CoreLib, Version=8.0.0.0, Culture=neutral, PublicKeyToken=7cec85d7bea7798e]]'.
2026-01-07 22:20:24.336 +07:00 [INF] Executed action PelindoCarLoan.API.Controllers.VehiclesController.GetAll (PelindoCarLoan.API) in 136.9862ms
2026-01-07 22:20:24.340 +07:00 [INF] Executed endpoint 'PelindoCarLoan.API.Controllers.VehiclesController.GetAll (PelindoCarLoan.API)'
2026-01-07 22:20:24.343 +07:00 [INF] Executed action PelindoCarLoan.API.Controllers.DriversController.GetAll (PelindoCarLoan.API) in 141.5295ms
2026-01-07 22:20:24.344 +07:00 [INF] Request finished HTTP/1.1 GET http://localhost:5000/api/vehicles - 200 null application/json; charset=utf-8 173.8735ms
2026-01-07 22:20:24.347 +07:00 [INF] Executed endpoint 'PelindoCarLoan.API.Controllers.DriversController.GetAll (PelindoCarLoan.API)'
2026-01-07 22:20:24.356 +07:00 [INF] Request finished HTTP/1.1 GET http://localhost:5000/api/drivers - 200 null application/json; charset=utf-8 178.383ms
2026-01-07 22:20:58.625 +07:00 [INF] Request starting HTTP/1.1 OPTIONS http://localhost:5000/api/loanrequests - null null
2026-01-07 22:20:58.637 +07:00 [INF] CORS policy execution successful.
2026-01-07 22:20:58.642 +07:00 [INF] Request finished HTTP/1.1 OPTIONS http://localhost:5000/api/loanrequests - 204 null null 17.2586ms
2026-01-07 22:20:58.663 +07:00 [INF] Request starting HTTP/1.1 POST http://localhost:5000/api/loanrequests - application/json 277
2026-01-07 22:20:58.678 +07:00 [INF] CORS policy execution successful.
2026-01-07 22:20:58.684 +07:00 [INF] Executing endpoint 'PelindoCarLoan.API.Controllers.LoanRequestsController.Create (PelindoCarLoan.API)'
2026-01-07 22:20:58.691 +07:00 [INF] Route matched with {action = "Create", controller = "LoanRequests"}. Executing controller action with signature System.Threading.Tasks.Task`1[Microsoft.AspNetCore.Mvc.IActionResult] Create(PelindoCarLoan.API.DTOs.CreateLoanRequestDto) on controller PelindoCarLoan.API.Controllers.LoanRequestsController (PelindoCarLoan.API).
2026-01-07 22:20:58.706 +07:00 [INF] Executing BadRequestObjectResult, writing value of type 'Microsoft.AspNetCore.Mvc.ValidationProblemDetails'.
2026-01-07 22:20:58.714 +07:00 [INF] Executed action PelindoCarLoan.API.Controllers.LoanRequestsController.Create (PelindoCarLoan.API) in 11.1035ms
2026-01-07 22:20:58.722 +07:00 [INF] Executed endpoint 'PelindoCarLoan.API.Controllers.LoanRequestsController.Create (PelindoCarLoan.API)'
2026-01-07 22:20:58.729 +07:00 [INF] Request finished HTTP/1.1 POST http://localhost:5000/api/loanrequests - 400 null application/problem+json; charset=utf-8 65.965ms
2026-01-07 22:21:08.635 +07:00 [INF] Request starting HTTP/1.1 OPTIONS http://localhost:5000/api/loanrequests - null null
2026-01-07 22:21:08.652 +07:00 [INF] CORS policy execution successful.
2026-01-07 22:21:08.658 +07:00 [INF] Request finished HTTP/1.1 OPTIONS http://localhost:5000/api/loanrequests - 204 null null 22.4016ms
2026-01-07 22:21:08.679 +07:00 [INF] Request starting HTTP/1.1 POST http://localhost:5000/api/loanrequests - application/json 277
2026-01-07 22:21:08.695 +07:00 [INF] CORS policy execution successful.
2026-01-07 22:21:08.702 +07:00 [INF] Executing endpoint 'PelindoCarLoan.API.Controllers.LoanRequestsController.Create (PelindoCarLoan.API)'
2026-01-07 22:21:08.710 +07:00 [INF] Route matched with {action = "Create", controller = "LoanRequests"}. Executing controller action with signature System.Threading.Tasks.Task`1[Microsoft.AspNetCore.Mvc.IActionResult] Create(PelindoCarLoan.API.DTOs.CreateLoanRequestDto) on controller PelindoCarLoan.API.Controllers.LoanRequestsController (PelindoCarLoan.API).
2026-01-07 22:21:08.724 +07:00 [INF] Executing BadRequestObjectResult, writing value of type 'Microsoft.AspNetCore.Mvc.ValidationProblemDetails'.
2026-01-07 22:21:08.735 +07:00 [INF] Executed action PelindoCarLoan.API.Controllers.LoanRequestsController.Create (PelindoCarLoan.API) in 12.6026ms
2026-01-07 22:21:08.743 +07:00 [INF] Executed endpoint 'PelindoCarLoan.API.Controllers.LoanRequestsController.Create (PelindoCarLoan.API)'
2026-01-07 22:21:08.750 +07:00 [INF] Request finished HTTP/1.1 POST http://localhost:5000/api/loanrequests - 400 null application/problem+json; charset=utf-8 71.1316ms
